,participant_id,function_fid,system_timestamp,device_timestamp,valid_gaze_left,valid_gaze_right,gaze_left_eye,gaze_right_eye,valid_pd_left,valid_pd_right,pd_left,pd_right,irl_left_eye_coordinates,irl_right_eye_coordinates,irl_left_point_on_screen,irl_right_point_on_screen,geometry,using.1,-----------.1,namespace.1,std.1,double.1,afunc.1,int.1,n.1,if.1,n.2,==.1,0.1,return.1,0.0.1,-----------.3,double.2,term.1,=.1,1.0.1,/.1,pow.1,n.3,2.0.1,-----------.5,if.2,n.4,%.1,2.2,==.2,0.2,return.2,afunc.2,n.5,-.1,1.1,-.2,term.2,-----------.10,else.1,return.3,afunc.3,n.6,-.3,1.2,+.1,term.3,-----------.13,-----------.14,question,code,choices
0,54,18,436686897964,1253274591,1,1,"(0.4263420104980469, 0.15168467164039612)","(0.4108750820159912, 0.19828803837299347)",1,1,3.0734405517578125,2.952423095703125,"(-54.27820587158203, -100.65608215332031, 734.386474609375)","(11.555098533630371, -98.41429901123047, 732.4189453125)","(-25.254453659057617, 172.90261840820312, 52.28959655761719)","(-30.614322662353516, 164.36622619628906, 49.18260955810547)",POINT (0.418608546257019 0.1749863550066948),,,,,,,,,,,,,,,,,,,,,,,,,,,,,,,,,,,,,,,,,,,,,,,,,1,,
0,54,18,436686914632,1253291258,1,1,"(0.41619566082954407, 0.19141122698783875)","(0.409199982881546, 0.25107622146606445)",1,1,3.05999755859375,3.00225830078125,"(-54.22801971435547, -100.60159301757812, 734.396484375)","(11.604948043823242, -98.39581298828125, 732.5357055664062)","(-28.77054786682129, 165.6258544921875, 49.641090393066406)","(-31.19480323791504, 154.69692993164062, 45.663299560546875)",POINT (0.412697821855545 0.2212437242269516),,,,,,,,,,,,,,,,,,,,,,,,,,,,,,,,,,,,,,,,,,,,,,,,,,1,
0,54,18,436686931298,1253307924,1,1,"(0.4161217510700226, 0.19152776896953583)","(0.4138197898864746, 0.22836586833000183)",1,1,3.0723419189453125,3.022705078125,"(-54.21986389160156, -100.55242156982422, 734.4578857421875)","(11.616788864135742, -98.3512954711914, 732.5203857421875)","(-28.796146392822266, 165.60450744628906, 49.63332748413086)","(-29.5938663482666, 158.85682678222656, 47.177371978759766)",POINT (0.4149707704782486 0.2099468186497688),,,,,,,,,,,,,,,,,,,,,,,,,,,,,,,,,,,,,,,,,,,,,,,,,,,
0,54,18,436686947966,1253324591,1,1,"(0.4293956756591797, 0.20958426594734192)","(0.40305545926094055, 0.11777443438768387)",1,1,3.0505523681640625,2.91455078125,"(-54.236900329589844, -100.46479034423828, 734.5278930664062)","(11.605997085571289, -98.26187133789062, 732.4609985351562)","(-24.19624900817871, 162.2970733642578, 48.42955017089844)","(-33.3241081237793, 179.11399841308594, 54.55039596557617)",POINT (0.4162255674600601 0.1636793501675129),,,,,,,,,,,,,,,,,,,,,,,,,,,,,,,,,,,,,,,,,,,,,,,,,1,,
0,54,18,436686964636,1253341261,1,1,"(0.4179649353027344, 0.15169836580753326)","(0.4066876471042633, 0.21646763384342194)",1,1,3.0304718017578125,2.9602508544921875,"(-54.25155258178711, -100.37110900878906, 734.5428466796875)","(11.586112976074219, -98.16771697998047, 732.4180297851562)","(-28.15741539001465, 172.90008544921875, 52.288726806640625)","(-32.065433502197266, 161.03622436523438, 47.97064971923828)",POINT (0.4123262912034988 0.1840829998254776),,,,,,,,,,,,,,,,,,,,,,,,,,,,,,,,,,,,,,,,,,,,,,,,,1,,
0,54,18,436686981303,1253357927,1,1,"(0.4162507653236389, 0.1415286660194397)","(0.41314515471458435, 0.20298734307289124)",1,1,3.0567626953125,3.026519775390625,"(-54.28440475463867, -100.24053955078125, 734.5653076171875)","(11.563348770141602, -98.04080200195312, 732.3892822265625)","(-28.75145149230957, 174.7628936767578, 52.966712951660156)","(-29.82765769958496, 163.50543212890625, 48.86936569213867)",POINT (0.4146979600191116 0.1722580045461655),,,,,,,,,,,,,,,,,,,,,,,,,,,,,,,,,,,,,,,,,,,,,,,,,1,,
0,54,18,436686997970,1253374594,1,1,"(0.41386678814888, 0.1908062994480133)","(0.41223838925361633, 0.2523311376571655)",1,1,3.0355377197265625,3.0568084716796875,"(-54.325950622558594, -100.08136749267578, 734.5451049804688)","(11.528809547424316, -97.90155792236328, 732.316650390625)","(-29.577590942382812, 165.7366485595703, 49.68144989013672)","(-30.141881942749023, 154.46705627441406, 45.57966995239258)",POINT (0.4130525887012482 0.2215687185525894),,,,,,,,,,,,,,,,,,,,,,,,,,,,,,,,,,,,,,,,,,,,,,,,,,1,
0,54,18,436687014638,1253391261,1,1,"(0.41301360726356506, 0.20494848489761353)","(0.4111087918281555, 0.1888221800327301)",1,1,3.1025848388671875,3.0160369873046875,"(-54.35297775268555, -99.89832305908203, 734.4945068359375)","(11.502721786499023, -97.76756286621094, 732.420654296875)","(-29.873239517211914, 163.14620971679688, 48.738590240478516)","(-30.533340454101562, 166.10008239746094, 49.81370544433594)",POINT (0.4120611995458603 0.1968853324651718),,,,,,,,,,,,,,,,,,,,,,,,,,,,,,,,,,,,,,,,,,,,,,,,,,,
0,54,18,436687031304,1253407927,1,1,"(0.4229925572872162, 0.22993625700473785)","(0.41190120577812195, 0.1656826287508011)",1,1,3.081268310546875,2.97088623046875,"(-54.37355041503906, -99.73492431640625, 734.4733276367188)","(11.480173110961914, -97.61454010009766, 732.3330078125)","(-26.415164947509766, 158.56915283203125, 47.07270431518555)","(-30.25872039794922, 170.33856201171875, 51.35643768310547)",POINT (0.4174468815326691 0.1978094428777695),,,,,,,,,,,,,,,,,,,,,,,,,,,,,,,,,,,,,,,,,,,,,,,,,,,
0,54,18,436687047972,1253424594,1,1,"(0.40621381998062134, 0.18230029940605164)","(0.3983714282512665, 0.14048762619495392)",1,1,3.1022491455078125,2.9643707275390625,"(-54.39131546020508, -99.5859146118164, 734.5626220703125)","(11.47453498840332, -97.4828872680664, 732.3775634765625)","(-32.2296142578125, 167.29469299316406, 50.24855041503906)","(-34.94729995727539, 174.95359802246094, 53.036136627197266)",POINT (0.4022926241159439 0.1613939628005028),,,,,,,,,,,,,,,,,,,,,,,,,,,,,,,,,,,,,,,,,,,,,,,,,1,,
0,54,18,436687064638,1253441260,1,1,"(0.4081169068813324, 0.17650485038757324)","(0.4076334536075592, 0.17493389546871185)",1,1,3.0796356201171875,2.9799346923828125,"(-54.38329315185547, -99.45697021484375, 734.4111328125)","(11.476816177368164, -97.36905670166016, 732.30322265625)","(-31.570117950439453, 168.35626220703125, 50.6348762512207)","(-31.737667083740234, 168.64402770996094, 50.7396240234375)",POINT (0.4078751802444458 0.1757193729281426),,,,,,,,,,,,,,,,,,,,,,,,,,,,,,,,,,,,,,,,,,,,,,,,,1,,
0,54,18,436687081305,1253457927,1,1,"(0.41610226035118103, 0.18372026085853577)","(0.40976986289024353, 0.2200368344783783)",1,1,3.104522705078125,3.028900146484375,"(-54.36778259277344, -99.36054992675781, 734.3558959960938)","(11.497146606445312, -97.29651641845703, 732.3316650390625)","(-28.802906036376953, 167.03460693359375, 50.153873443603516)","(-30.997316360473633, 160.38246154785156, 47.73267364501953)",POINT (0.4129360616207123 0.201878547668457),,,,,,,,,,,,,,,,,,,,,,,,,,,,,,,,,,,,,,,,,,,,,,,,,,,
0,54,18,436687097978,1253474599,1,1,"(0.41530656814575195, 0.17401327192783356)","(0.406188040971756, 0.20030637085437775)",1,1,3.0826873779296875,3.005889892578125,"(-54.369083404541016, -99.30923461914062, 734.3545532226562)","(11.504140853881836, -97.25718688964844, 732.331787109375)","(-29.07865333557129, 168.81265258789062, 50.801029205322266)","(-32.23854446411133, 163.99652099609375, 49.048057556152344)",POINT (0.410747304558754 0.1871598213911056),,,,,,,,,,,,,,,,,,,,,,,,,,,,,,,,,,,,,,,,,,,,,,,,,1,,
0,54,18,436687114644,1253491265,1,1,"(0.4202452003955841, 0.16944874823093414)","(0.4042527973651886, 0.18148137629032135)",1,1,3.0489044189453125,2.9967193603515625,"(-54.36431884765625, -99.26380157470703, 734.2186279296875)","(11.508504867553711, -97.2323989868164, 732.287353515625)","(-27.36723518371582, 169.64874267578125, 51.10531997680664)","(-32.9091796875, 167.44471740722656, 50.30310821533203)",POINT (0.4122489988803864 0.1754650622606278),,,,,,,,,,,,,,,,,,,,,,,,,,,,,,,,,,,,,,,,,,,,,,,,,1,,
0,54,18,436687131312,1253507932,1,1,"(0.4204357862472534, 0.18234339356422424)","(0.4060986638069153, 0.16356751322746277)",1,1,3.09527587890625,3.01953125,"(-54.36334991455078, -99.25732421875, 734.1288452148438)","(11.508038520812988, -97.22940063476562, 732.2133178710938)","(-27.301193237304688, 167.28680419921875, 50.24565505981445)","(-32.269508361816406, 170.72601318359375, 51.49742889404297)",POINT (0.4132672250270844 0.1729554533958435),,,,,,,,,,,,,,,,,,,,,,,,,,,,,,,,,,,,,,,,,,,,,,,,,1,,
0,54,18,436687147979,1253524599,1,1,"(0.4123590290546417, 0.2228521704673767)","(0.4020145535469055, 0.14921163022518158)",1,1,3.1173095703125,3.0022430419921875,"(-54.37498474121094, -99.25232696533203, 734.0364990234375)","(11.493809700012207, -97.22596740722656, 732.1251831054688)","(-30.100074768066406, 159.8667755126953, 47.54497146606445)","(-33.684814453125, 173.35560607910156, 52.45448303222656)",POINT (0.4071867913007736 0.1860319003462791),,,,,,,,,,,,,,,,,,,,,,,,,,,,,,,,,,,,,,,,,,,,,,,,,1,,
0,54,18,436687164646,1253541265,1,1,"(0.41630879044532776, 0.22173063457012177)","(0.3984684944152832, 0.13973328471183777)",1,1,3.05682373046875,2.990478515625,"(-54.383182525634766, -99.26187133789062, 733.91650390625)","(11.483838081359863, -97.23678588867188, 732.0367431640625)","(-28.731340408325195, 160.0721893310547, 47.619781494140625)","(-34.91365051269531, 175.09178161621094, 53.08639907836914)",POINT (0.4073886424303055 0.1807319596409798),,,,,,,,,,,,,,,,,,,,,,,,,,,,,,,,,,,,,,,,,,,,,,,,,1,,
0,54,18,436687181313,1253557932,1,1,"(0.40593811869621277, 0.21416473388671875)","(0.404897540807724, 0.1680379956960678)",1,1,3.122787475585937,3.004638671875,"(-54.38475799560547, -99.29315948486328, 733.8718872070312)","(11.478683471679688, -97.26605224609375, 731.977783203125)","(-32.325157165527344, 161.4580535888672, 48.124168395996094)","(-32.685752868652344, 169.90716552734375, 51.19935607910156)",POINT (0.4054178297519684 0.1911013647913933),,,,,,,,,,,,,,,,,,,,,,,,,,,,,,,,,,,,,,,,,,,,,,,,,1,,
0,54,18,436687197981,1253574599,1,1,"(0.424250990152359, 0.1691742241382599)","(0.40881380438804626, 0.12009631097316742)",1,1,3.094970703125,2.989776611328125,"(-54.3881721496582, -99.32410430908203, 733.8408813476562)","(11.476073265075684, -97.29192352294922, 731.844970703125)","(-25.97907257080078, 169.6990203857422, 51.123619079589844)","(-31.328628540039062, 178.6886749267578, 54.39560317993164)",POINT (0.4165323972702026 0.1446352675557136),,,,,,,,,,,,,,,,,,,,,,,,,,,,,,,,,,,,,,,,,,,,,,,,,1,,
0,54,18,436687214652,1253591270,1,1,"(0.40172165632247925, 0.17123936116695404)","(0.40980008244514465, 0.10830865800380707)",1,1,3.1236572265625,2.9736480712890625,"(-54.38400650024414, -99.369140625, 733.8407592773438)","(11.481284141540527, -97.35002899169922, 731.8157958984375)","(-33.78632736206055, 169.3207550048828, 50.98593521118164)","(-30.986854553222656, 180.8478546142578, 55.18146896362305)",POINT (0.405760869383812 0.1397740095853806),,,,,,,,,,,,,,,,,,,,,,,,,,,,,,,,,,,,,,,,,,,,,,,,,1,,
0,54,18,436687231320,1253607937,1,1,"(0.42370638251304626, 0.23475198447704315)","(0.4126356542110443, 0.16763773560523987)",1,1,3.087005615234375,3.04644775390625,"(-54.36531066894531, -99.42130279541016, 733.82763671875)","(11.497162818908691, -97.4261474609375, 731.9329833984375)","(-26.167800903320312, 157.6870574951172, 46.751651763916016)","(-30.004207611083984, 169.98045349121094, 51.226097106933594)",POINT (0.4181710183620453 0.2011948600411415),,,,,,,,,,,,,,,,,,,,,,,,,,,,,,,,,,,,,,,,,,,,,,,,,,,
0,54,18,436687247987,1253624604,1,1,"(0.40843465924263, 0.17668019235134125)","(0.4089128375053406, 0.13530756533145905)",1,1,3.039901733398437,2.989776611328125,"(-54.329734802246094, -99.48223876953125, 733.864013671875)","(11.527405738830566, -97.48242950439453, 731.8282470703125)","(-31.460020065307617, 168.32415771484375, 50.623199462890625)","(-31.2943058013916, 175.9024200439453, 53.381492614746094)",POINT (0.4086737483739853 0.1559938788414002),,,,,,,,,,,,,,,,,,,,,,,,,,,,,,,,,,,,,,,,,,,,,,,,,1,,
0,54,18,436687264654,1253641270,1,1,"(0.49569493532180786, 0.31430599093437195)","(0.49907612800598145, 0.3927242159843445)",1,1,3.1947479248046875,3.048065185546875,"(-54.033424377441406, -99.76715087890625, 733.76513671875)","(11.684357643127441, -97.80027770996094, 731.9109497070312)","(-1.221142292022705, 143.11505126953125, 41.44786071777344)","(-0.04943818226456642, 128.7510986328125, 36.21977615356445)",POINT (0.4973855316638946 0.3535151034593582),,,,,,,,,,,,,,,,,,,,,,,,,,,,,,,,,,,,,,,,,,,,,,,,,,1,
0,54,18,436687281321,1253657937,1,1,"(0.490671843290329, 0.44488632678985596)","(0.4915304481983185, 0.5294750928878784)",1,1,3.1444244384765625,3.0199737548828125,"(-53.967777252197266, -100.00408172607422, 733.7319946289062)","(11.714168548583984, -98.07699584960938, 731.8953857421875)","(-2.961819887161255, 119.19649505615234, 32.74214553833008)","(-2.6642906665802, 103.70226287841797, 27.10276985168457)",POINT (0.4911011457443237 0.4871807098388672),,,,,,,,,,,,,,,,,,,,,,,,,,,,,,,,,,,,,,,,,,,,,,,,,,1,
0,54,18,436687297989,1253674604,1,1,"(0.49390676617622375, 0.44762909412384033)","(0.5006425380706787, 0.523746907711029)",1,1,3.141876220703125,3.0166778564453125,"(-53.99037551879883, -100.04505920410156, 733.8475952148438)","(11.762863159179688, -98.10200500488281, 731.8790283203125)","(-1.8408033847808838, 118.69408416748047, 32.55934524536133)","(0.4933951497077942, 104.7514877319336, 27.484661102294922)",POINT (0.4972746521234512 0.4856880009174347),,,,,,,,,,,,,,,,,,,,,,,,,,,,,,,,,,,,,,,,,,,,,,,,,,1,
0,54,18,436687314647,1253691262,1,1,"(0.4923458695411682, 0.4493800699710846)","(0.5032908916473389, 0.5150614380836487)",1,1,3.1462860107421875,2.998046875,"(-53.97856521606445, -100.05630493164062, 733.87939453125)","(11.785897254943848, -98.12809753417969, 731.9520263671875)","(-2.381709098815918, 118.37335968017578, 32.44260025024414)","(1.411137342453003, 106.34241485595703, 28.063737869262695)",POINT (0.4978183805942535 0.4822207540273666),,,,,,,,,,,,,,,,,,,,,,,,,,,,,,,,,,,,,,,,,,,,,,,,,,1,
0,54,18,436687331314,1253707928,1,1,"(0.4925471246242523, 0.4228346645832062)","(0.5035430192947388, 0.5130780339241028)",1,1,3.1425323486328125,3.0181121826171875,"(-53.96192169189453, -100.05494689941406, 734.001708984375)","(11.816466331481934, -98.13491821289062, 732.054443359375)","(-2.3119640350341797, 123.23572540283203, 34.21235656738281)","(1.4985151290893555, 106.70572662353516, 28.195947647094727)",POINT (0.4980450719594955 0.4679563492536545),,,,,,,,,,,,,,,,,,,,,,,,,,,,,,,,,,,,,,,,,,,,,,,,,,1,
0,54,18,436687347984,1253724598,1,1,"(0.49700820446014404, 0.46012210845947266)","(0.5053479671478271, 0.5137975215911865)",1,1,3.140121459960937,3.025238037109375,"(-53.961463928222656, -100.0293960571289, 734.092041015625)","(11.826894760131836, -98.12467956542969, 732.1722412109375)","(-0.7660559415817261, 116.40574645996094, 31.72641944885254)","(2.1239988803863525, 106.57393646240234, 28.14794158935547)",POINT (0.5011780858039856 0.4869598150253296),,,,,,,,,,,,,,,,,,,,,,,,,,,,,,,,,,,,,,,,,,,,,,,,,,1,
0,54,18,436687364652,1253741265,1,1,"(0.49319255352020264, 0.4310741424560547)","(0.5008653998374939, 0.5142571330070496)",1,1,3.1361083984375,3.0126190185546875,"(-53.98313903808594, -99.97998809814453, 734.3428955078125)","(11.82750129699707, -98.07026672363281, 732.3343505859375)","(-2.088308811187744, 121.72649383544922, 33.66305160522461)","(0.5706168413162231, 106.48973083496094, 28.11737823486328)",POINT (0.4970289766788483 0.4726656377315521),,,,,,,,,,,,,,,,,,,,,,,,,,,,,,,,,,,,,,,,,,,,,,,,,,1,
0,54,18,436687381318,1253757931,1,1,"(0.49697187542915344, 0.4585505723953247)","(0.5083490610122681, 0.5068333745002747)",1,1,3.08831787109375,3.0150604248046875,"(-53.99894714355469, -99.934814453125, 734.4761962890625)","(11.815816879272461, -98.01673126220703, 732.3052368164062)","(-0.7786322832107544, 116.693603515625, 31.831201553344727)","(3.1639859676361084, 107.84956359863281, 28.612281799316406)",POINT (0.5026604682207108 0.4826919734477997),,,,,,,,,,,,,,,,,,,,,,,,,,,,,,,,,,,,,,,,,,,,,,,,,,1,
0,54,18,436687397995,1253774607,1,1,"(0.4901423752307892, 0.4638252854347229)","(0.49886491894721985, 0.5221342444419861)",1,1,3.1104888916015625,3.0173492431640625,"(-54.01905059814453, -99.84140014648438, 734.5335693359375)","(11.798883438110352, -97.92231750488281, 732.4392700195312)","(-3.1452925205230713, 115.7274169921875, 31.479576110839844)","(-0.12262865900993347, 105.04689025878906, 27.5921688079834)",POINT (0.4945036470890045 0.4929797649383545),,,,,,,,,,,,,,,,,,,,,,,,,,,,,,,,,,,,,,,,,,,,,,,,,,1,
0,54,18,436687414661,1253791273,1,1,"(0.49404844641685486, 0.43021589517593384)","(0.4988044500350952, 0.5205066800117493)",1,1,3.1290283203125,3.02911376953125,"(-54.05579376220703, -99.7995376586914, 734.6019287109375)","(11.771553039550781, -97.85391235351562, 732.454833984375)","(-1.7916944026947021, 121.88369750976562, 33.72023391723633)","(-0.14357270300388336, 105.34501647949219, 27.70066261291504)",POINT (0.496426448225975 0.4753612875938416),,,,,,,,,,,,,,,,,,,,,,,,,,,,,,,,,,,,,,,,,,,,,,,,,,1,
0,54,18,436687431329,1253807940,1,1,"(0.48814085125923157, 0.4340369403362274)","(0.5024341940879822, 0.5087558627128601)",1,1,3.1058349609375,2.9961090087890625,"(-54.07028579711914, -99.755615234375, 734.734375)","(11.757320404052734, -97.78950500488281, 732.633056640625)","(-3.838914394378662, 121.18378448486328, 33.46552276611328)","(1.1142693758010864, 107.4974136352539, 28.48408317565918)",POINT (0.4952875226736069 0.4713964015245438),,,,,,,,,,,,,,,,,,,,,,,,,,,,,,,,,,,,,,,,,,,,,,,,,,1,
0,54,18,436687447987,1253824598,1,1,"(0.4918873608112335, 0.43702343106269836)","(0.4965676963329315, 0.5215544700622559)",1,1,3.109619140625,2.982177734375,"(-54.079803466796875, -99.7452163696289, 734.7186279296875)","(11.747861862182617, -97.76764678955078, 732.6633911132812)","(-2.5406086444854736, 120.63676452636719, 33.266395568847656)","(-0.9186854958534241, 105.153076171875, 27.630847930908203)",POINT (0.4942275285720825 0.4792889505624771),,,,,,,,,,,,,,,,,,,,,,,,,,,,,,,,,,,,,,,,,,,,,,,,,,1,
0,54,18,436687464654,1253841265,1,1,"(0.490215927362442, 0.4570849537849426)","(0.4970071017742157, 0.5065169334411621)",1,1,3.0768280029296875,3.017929077148437,"(-54.08224105834961, -99.72293090820312, 734.7630615234375)","(11.748339653015137, -97.72745513916016, 732.6486206054688)","(-3.11980938911438, 116.9620590209961, 31.928916931152344)","(-0.7664366960525513, 107.90753936767578, 28.633342742919922)",POINT (0.4936115145683289 0.4818009436130524),,,,,,,,,,,,,,,,,,,,,,,,,,,,,,,,,,,,,,,,,,,,,,,,,,1,
0,54,18,436687481327,1253857937,1,1,"(0.49355706572532654, 0.4251316785812378)","(0.49739062786102295, 0.519275426864624)",1,1,3.140594482421875,2.99578857421875,"(-54.066158294677734, -99.76194763183594, 734.9010009765625)","(11.775825500488281, -97.73645782470703, 732.6771240234375)","(-1.961980938911438, 122.81497955322266, 34.05917739868164)","(-0.6335331201553345, 105.57054138183594, 27.78278160095215)",POINT (0.4954738467931747 0.4722035527229309),,,,,,,,,,,,,,,,,,,,,,,,,,,,,,,,,,,,,,,,,,,,,,,,,,1,
0,54,18,436687497994,1253874604,1,1,"(0.48921844363212585, 0.45669063925743103)","(0.5001678466796875, 0.50957190990448)",1,1,3.0970001220703125,3.00048828125,"(-54.02669143676758, -99.77478790283203, 734.8928833007812)","(11.81904411315918, -97.75459289550781, 732.7789306640625)","(-3.465470552444458, 117.03425598144531, 31.955265045166016)","(0.3289022147655487, 107.34793853759766, 28.429706573486328)",POINT (0.4946931451559067 0.4831312745809555),,,,,,,,,,,,,,,,,,,,,,,,,,,,,,,,,,,,,,,,,,,,,,,,,,1,
0,54,18,436687514662,1253891271,1,1,"(0.4949355721473694, 0.44525212049484253)","(0.5003397464752197, 0.4922323524951935)",1,1,3.103118896484375,2.985748291015625,"(-53.966270446777344, -99.795654296875, 734.8412475585938)","(11.880491256713867, -97.80149841308594, 732.835693359375)","(-1.4842863082885742, 119.12950134277344, 32.717803955078125)","(0.38845521211624146, 110.5240478515625, 29.585710525512695)",POINT (0.4976376593112946 0.468742236495018),,,,,,,,,,,,,,,,,,,,,,,,,,,,,,,,,,,,,,,,,,,,,,,,,,1,
0,54,18,436687531328,1253907937,1,1,"(0.49256300926208496, 0.4671141803264618)","(0.4951609969139099, 0.51347815990448)",1,1,3.07403564453125,2.9867095947265625,"(-53.896766662597656, -99.80101776123047, 734.7782592773438)","(11.956453323364258, -97.83019256591797, 732.7586669921875)","(-2.3064687252044678, 115.12499237060547, 31.260278701782227)","(-1.4061579704284668, 106.63243103027344, 28.169252395629883)",POINT (0.4938620030879974 0.4902961701154709),,,,,,,,,,,,,,,,,,,,,,,,,,,,,,,,,,,,,,,,,,,,,,,,,,1,
0,54,18,436687548005,1253924613,1,1,"(0.4941321313381195, 0.4338432252407074)","(0.4966579079627991, 0.516048014163971)",1,1,3.1202545166015625,2.9928741455078125,"(-53.831336975097656, -99.82936096191406, 734.8048095703125)","(12.033775329589844, -97.8819580078125, 732.6964721679688)","(-1.7627065181732178, 121.21927642822266, 33.47844696044922)","(-0.8874243497848511, 106.16169738769531, 27.99795913696289)",POINT (0.4953950196504593 0.4749456197023392),,,,,,,,,,,,,,,,,,,,,,,,,,,,,,,,,,,,,,,,,,,,,,,,,,1,
0,54,18,436687564671,1253941279,1,1,"(0.495071142911911, 0.4553370475769043)","(0.495810329914093, 0.5133888721466064)",1,1,3.101806640625,2.9898681640625,"(-53.76347732543945, -99.82695007324219, 734.7850952148438)","(12.09466552734375, -97.9327392578125, 732.8128662109375)","(-1.4373091459274292, 117.28221893310547, 32.04545974731445)","(-1.181143879890442, 106.64878845214844, 28.17520523071289)",POINT (0.495440736413002 0.4843629598617554),,,,,,,,,,,,,,,,,,,,,,,,,,,,,,,,,,,,,,,,,,,,,,,,,,1,
0,54,18,436687581339,1253957946,1,1,"(0.493625670671463, 0.4285130202770233)","(0.4991602897644043, 0.5011442303657532)",1,1,3.1033477783203125,2.964111328125,"(-53.69400405883789, -99.83943939208984, 734.6620483398438)","(12.159902572631836, -97.98759460449219, 732.751220703125)","(-1.9382065534591675, 122.19560241699219, 33.83381652832031)","(-0.020266247913241386, 108.89167022705078, 28.99149513244629)",POINT (0.4963929802179336 0.4648286253213882),,,,,,,,,,,,,,,,,,,,,,,,,,,,,,,,,,,,,,,,,,,,,,,,,,1,
0,54,18,436687598005,1253974612,1,1,"(0.4946215748786926, 0.4383426904678345)","(0.4978170394897461, 0.5277912616729736)",1,1,3.112274169921875,3.0047760009765625,"(-53.64933776855469, -99.85203552246094, 734.7448120117188)","(12.218765258789062, -98.00112915039062, 732.689453125)","(-1.5930919647216797, 120.39510345458984, 33.17845916748047)","(-0.48574957251548767, 104.01068115234375, 27.215036392211914)",POINT (0.4962193071842194 0.483066976070404),,,,,,,,,,,,,,,,,,,,,,,,,,,,,,,,,,,,,,,,,,,,,,,,,,1,
0,54,18,436687614679,1253991285,1,1,"(0.4984440803527832, 0.46947771310806274)","(0.5017583966255188, 0.5100888013839722)",1,1,3.03973388671875,2.9359893798828125,"(-53.61078643798828, -99.8664779663086, 734.676513671875)","(12.251542091369629, -98.03077697753906, 732.643310546875)","(-0.2684560716152191, 114.69204711914062, 31.102712631225586)","(0.8800655603408813, 107.25325012207031, 28.395252227783203)",POINT (0.500101238489151 0.4897832572460175),,,,,,,,,,,,,,,,,,,,,,,,,,,,,,,,,,,,,,,,,,,,,,,,,,1,
0,54,18,436687631346,1254007952,1,1,"(0.49528005719184875, 0.44984927773475647)","(0.4989171624183655, 0.5148442983627319)",1,1,3.030792236328125,2.9288482666015625,"(-53.562660217285156, -99.86800384521484, 734.758544921875)","(12.30430793762207, -98.03375244140625, 732.6268310546875)","(-1.3649173974990845, 118.28742218017578, 32.411338806152344)","(-0.10451947152614594, 106.38219451904297, 28.078201293945312)",POINT (0.4970986098051071 0.4823467880487442),,,,,,,,,,,,,,,,,,,,,,,,,,,,,,,,,,,,,,,,,,,,,,,,,,1,
0,54,18,436687648013,1254024618,1,1,"(0.5097960233688354, 0.46944716572761536)","(0.4972379505634308, 0.5040380954742432)",1,1,3.0584716796875,2.964599609375,"(-53.490631103515625, -99.84632873535156, 734.5294799804688)","(12.359036445617676, -98.03976440429688, 732.5357666015625)","(3.6654088497161865, 114.6976547241211, 31.104774475097656)","(-0.6864309906959534, 108.36157989501953, 28.79862403869629)",POINT (0.5035169869661331 0.4867426306009293),,,,,,,,,,,,,,,,,,,,,,,,,,,,,,,,,,,,,,,,,,,,,,,,,,1,
0,54,18,436687831353,1254207953,1,1,"(0.6170455813407898, 0.5326713919639587)","(0.6139629483222961, 0.49984610080718994)",1,1,2.85223388671875,2.902862548828125,"(-53.53665542602539, -99.81732177734375, 735.076904296875)","(12.33884048461914, -98.16592407226562, 732.9659423828125)","(40.831302642822266, 103.11679077148438, 26.889644622802734)","(39.7630500793457, 109.12943267822266, 29.078079223632812)",POINT (0.615504264831543 0.5162587463855743),,,,,,,,,,,,,,,,,,,,,,,,,,,,,,,,,,,,,,,,,,,,,,,,,,1,
0,54,18,436687848020,1254224620,1,1,"(0.6174286603927612, 0.466848760843277)","(0.6021803021430969, 0.3918464779853821)",1,1,2.953369140625,2.948104858398437,"(-53.72276306152344, -99.86829376220703, 734.9141235351562)","(12.129552841186523, -98.20872497558594, 733.1378784179688)","(40.96406555175781, 115.17359161376953, 31.277996063232422)","(35.679935455322266, 128.911865234375, 36.27830505371094)",POINT (0.6098044812679291 0.4293476194143295),,,,,,,,,,,,,,,,,,,,,,,,,,,,,,,,,,,,,,,,,,,,,,,,,,1,
0,54,18,436687864688,1254241287,1,1,"(0.606533408164978, 0.4824868142604828)","(0.6051644086837769, 0.4490591585636139)",1,1,2.9301300048828125,2.8981170654296875,"(-53.9647331237793, -99.95248413085938, 735.055908203125)","(11.890701293945312, -98.17098236083984, 732.9691162109375)","(37.188438415527344, 112.30915832519531, 30.235393524169922)","(36.714046478271484, 118.43214416503906, 32.463985443115234)",POINT (0.6058489084243774 0.4657729864120483),,,,,,,,,,,,,,,,,,,,,,,,,,,,,,,,,,,,,,,,,,,,,,,,,,1,
0,54,18,436687881360,1254257959,1,1,"(0.6186362504959106, 0.3985864818096161)","(0.6143107414245605, 0.43413540720939636)",1,1,2.983428955078125,2.853866577148437,"(-54.20604705810547, -100.0687026977539, 735.0741577148438)","(11.683605194091797, -98.17289733886719, 732.957763671875)","(41.38251876831055, 127.67729949951172, 35.828948974609375)","(39.883583068847656, 121.16576385498047, 33.45888900756836)",POINT (0.6164734959602356 0.4163609445095062),,,,,,,,,,,,,,,,,,,,,,,,,,,,,,,,,,,,,,,,,,,,,,,,,,,
0,54,18,436687898027,1254274625,1,1,"(0.5988472104072571, 0.4570055305957794)","(0.6117792725563049, 0.4765594005584717)",1,1,2.9573211669921875,2.9171600341796875,"(-54.449256896972656, -100.17601013183594, 734.9926147460938)","(11.3875093460083, -98.19450378417969, 733.1795654296875)","(34.52489471435547, 116.97660064697266, 31.934221267700195)","(39.00634002685547, 113.39488983154297, 30.630603790283203)",POINT (0.605313241481781 0.4667824655771256),,,,,,,,,,,,,,,,,,,,,,,,,,,,,,,,,,,,,,,,,,,,,,,,,,1,
0,54,18,436687914694,1254291292,1,1,"(0.606079638004303, 0.424157977104187)","(0.6171913743019104, 0.46866169571876526)",1,1,2.997100830078125,2.873886108398437,"(-54.70107650756836, -100.29878997802734, 735.0388793945312)","(11.127266883850098, -98.20993041992188, 733.1898193359375)","(37.03120040893555, 122.99332427978516, 34.1241569519043)","(40.881813049316406, 114.8415298461914, 31.1571044921875)",POINT (0.6116355061531067 0.4464098364114761),,,,,,,,,,,,,,,,,,,,,,,,,,,,,,,,,,,,,,,,,,,,,,,,,,1,
0,54,18,436687931362,1254307959,1,1,"(0.6049094796180725, 0.45519861578941345)","(0.6153609156608582, 0.44379618763923645)",1,1,2.9967498779296875,2.8499298095703125,"(-54.959434509277344, -100.39697265625, 735.10498046875)","(10.86122989654541, -98.18147277832031, 732.9918212890625)","(36.625694274902344, 117.30758666992188, 32.05467224121094)","(40.24751663208008, 119.39617156982422, 32.81486129760742)",POINT (0.6101351976394653 0.449497401714325),,,,,,,,,,,,,,,,,,,,,,,,,,,,,,,,,,,,,,,,,,,,,,,,,,1,
0,54,18,436687948028,1254324625,1,1,"(0.6099276542663574, 0.42849937081336975)","(0.619005560874939, 0.44873714447021484)",1,1,2.9864501953125,2.7956085205078125,"(-55.21784973144531, -100.46907806396484, 735.1212158203125)","(10.60162353515625, -98.1490249633789, 732.9859008789062)","(38.36466598510742, 122.1981201171875, 33.8347053527832)","(41.510494232177734, 118.49113464355469, 32.48545455932617)",POINT (0.6144666075706482 0.4386182576417923),,,,,,,,,,,,,,,,,,,,,,,,,,,,,,,,,,,,,,,,,,,,,,,,,,1,
0,54,18,436687964696,1254341292,1,1,"(0.6023141741752625, 0.45306146144866943)","(0.6128990650177002, 0.46807122230529785)",1,1,3.042098999023437,2.8581085205078125,"(-55.49197769165039, -100.54009246826172, 735.2544555664062)","(10.33178997039795, -98.09485626220703, 732.9796752929688)","(35.72632598876953, 117.69902801513672, 32.19718933105469)","(39.39439392089844, 114.94969177246094, 31.196470260620117)",POINT (0.6076066195964813 0.4605663418769836),,,,,,,,,,,,,,,,,,,,,,,,,,,,,,,,,,,,,,,,,,,,,,,,,,1,
0,54,18,436687981363,1254357959,1,1,"(0.5988955497741699, 0.41255223751068115)","(0.609634518623352, 0.4784401059150696)",1,1,3.0359039306640625,2.8877105712890625,"(-55.74059295654297, -100.568359375, 735.272705078125)","(10.079517364501953, -98.00531005859375, 732.959228515625)","(34.5416374206543, 125.11917877197266, 34.89787673950195)","(38.263099670410156, 113.05039978027344, 30.50520133972168)",POINT (0.604265034198761 0.4454961717128754),,,,,,,,,,,,,,,,,,,,,,,,,,,,,,,,,,,,,,,,,,,,,,,,,,1,
0,54,18,436687998030,1254374625,1,1,"(0.5989730954170227, 0.4182080030441284)","(0.6153345704078674, 0.47472327947616577)",1,1,3.019134521484375,2.905487060546875,"(-55.94757843017578, -100.60028839111328, 735.1629638671875)","(9.857221603393555, -97.95037078857422, 732.9662475585938)","(34.56852722167969, 124.08319091796875, 34.52080535888672)","(40.23836898803711, 113.73120880126953, 30.753023147583008)",POINT (0.6071538329124451 0.4464656412601471),,,,,,,,,,,,,,,,,,,,,,,,,,,,,,,,,,,,,,,,,,,,,,,,,,1,
0,54,18,436688014703,1254391298,1,1,"(0.6018286943435669, 0.42693030834198)","(0.6107376217842102, 0.47878578305244446)",1,1,3.0410308837890625,2.893280029296875,"(-56.11363220214844, -100.621826171875, 734.925048828125)","(9.670507431030273, -97.92352294921875, 733.0753784179688)","(35.55809783935547, 122.48551940917969, 33.93931198120117)","(38.64535140991211, 112.98707580566406, 30.482166290283203)",POINT (0.6062831580638885 0.4528580456972122),,,,,,,,,,,,,,,,,,,,,,,,,,,,,,,,,,,,,,,,,,,,,,,,,,1,
0,54,18,436688031371,1254407965,1,1,"(0.6020840406417847, 0.43914610147476196)","(0.6078054308891296, 0.4857892692089081)",1,1,3.026519775390625,2.9072723388671875,"(-56.27448654174805, -100.70426940917969, 735.0780639648438)","(9.524068832397461, -97.90351104736328, 732.9321899414062)","(35.64659881591797, 120.24794006347656, 33.12487030029297)","(37.62925338745117, 111.7042465209961, 30.015235900878906)",POINT (0.6049447357654572 0.462467685341835),,,,,,,,,,,,,,,,,,,,,,,,,,,,,,,,,,,,,,,,,,,,,,,,,,1,
0,54,18,436688048037,1254424631,1,1,"(0.6069229245185852, 0.4540656507015228)","(0.6120327711105347, 0.451203852891922)",1,1,3.0597076416015625,2.877777099609375,"(-56.364356994628906, -100.73501586914062, 734.8192138671875)","(9.413090705871582, -97.92124938964844, 732.920654296875)","(37.32342529296875, 117.51512145996094, 32.13019561767578)","(39.09418869018555, 118.039306640625, 32.32099533081055)",POINT (0.6094778478145599 0.4526347517967224),,,,,,,,,,,,,,,,,,,,,,,,,,,,,,,,,,,,,,,,,,,,,,,,,,1,
0,54,18,436688064705,1254441298,1,1,"(0.600555956363678, 0.45692694187164307)","(0.6123815178871155, 0.49659857153892517)",1,1,3.0595855712890625,2.946441650390625,"(-56.4560546875, -100.79874420166016, 734.910888671875)","(9.3370943069458, -97.94252014160156, 732.8343505859375)","(35.117042541503906, 116.99098205566406, 31.93950080871582)","(39.21502685546875, 109.72429656982422, 29.294607162475586)",POINT (0.6064687371253967 0.4767627567052841),,,,,,,,,,,,,,,,,,,,,,,,,,,,,,,,,,,,,,,,,,,,,,,,,,1,
0,54,18,436688081371,1254457964,1,1,"(0.6047161221504211, 0.4410000145435333)","(0.6143590807914734, 0.4778343141078949)",1,1,3.0574951171875,2.90814208984375,"(-56.52253341674805, -100.82787322998047, 734.794921875)","(9.273656845092773, -97.96299743652344, 732.8956298828125)","(36.55868148803711, 119.90835571289062, 33.001285552978516)","(39.90032958984375, 113.16136169433594, 30.54559326171875)",POINT (0.6095376014709473 0.4594171643257141),,,,,,,,,,,,,,,,,,,,,,,,,,,,,,,,,,,,,,,,,,,,,,,,,,1,
0,54,18,436688098039,1254474631,1,1,"(0.5353652238845825, 0.37702053785324097)","(0.5342638492584229, 0.4121524691581726)",1,1,3.0730133056640625,2.92950439453125,"(-56.720794677734375, -100.81353759765625, 734.8209228515625)","(9.019286155700684, -97.926025390625, 732.858642578125)","(12.5260648727417, 131.62754821777344, 37.26676940917969)","(12.144424438476562, 125.19237518310547, 34.924560546875)",POINT (0.5348145365715027 0.3945865035057068),,,,,,,,,,,,,,,,,,,,,,,,,,,,,,,,,,,,,,,,,,,,,,,,,,,
0,54,18,436688114706,1254491298,1,1,"(0.5004184246063232, 0.3270636200904846)","(0.49859854578971863, 0.3797574043273926)",1,1,3.043075561523437,2.9444580078125,"(-56.82542419433594, -100.79016876220703, 734.6515502929688)","(8.84933853149414, -97.8863525390625, 732.7598876953125)","(0.41572609543800354, 140.77821350097656, 40.59733200073242)","(-0.21492227911949158, 131.126220703125, 37.08430099487305)",POINT (0.4995084851980209 0.3534105122089386),,,,,,,,,,,,,,,,,,,,,,,,,,,,,,,,,,,,,,,,,,,,,,,,,,1,
0,54,18,436688131373,1254507964,1,1,"(0.5072314739227295, 0.31194445490837097)","(0.5060413479804993, 0.3788052201271057)",1,1,3.01666259765625,2.945892333984375,"(-56.86466979980469, -100.8799819946289, 734.58642578125)","(8.834733963012695, -97.9691162109375, 732.731201171875)","(2.776704788208008, 143.54762268066406, 41.605281829833984)","(2.3642678260803223, 131.3006591796875, 37.14775085449219)",POINT (0.5066364109516144 0.3453748375177383),,,,,,,,,,,,,,,,,,,,,,,,,,,,,,,,,,,,,,,,,,,,,,,,,,1,
0,54,18,436688148045,1254524636,1,1,"(0.5022343993186951, 0.307299941778183)","(0.5013793706893921, 0.3636568486690521)",1,1,3.025741577148437,2.92132568359375,"(-56.88854217529297, -100.95962524414062, 734.5345458984375)","(8.828248023986816, -98.04234313964844, 732.6715087890625)","(1.0450204610824585, 144.39837646484375, 41.914920806884766)","(0.7487321496009827, 134.0753936767578, 38.157676696777344)",POINT (0.5018068850040436 0.3354783952236176),,,,,,,,,,,,,,,,,,,,,,,,,,,,,,,,,,,,,,,,,,,,,,,,,,1,
0,54,18,436688164713,1254541303,1,1,"(0.5035702586174011, 0.34562379121780396)","(0.5018613338470459, 0.379215270280838)",1,1,3.030517578125,2.9242095947265625,"(-56.88899230957031, -101.06505584716797, 734.4017333984375)","(8.827199935913086, -98.15437316894531, 732.46484375)","(1.5079529285430908, 137.3785400390625, 39.35991668701172)","(0.9157485365867615, 131.2255401611328, 37.120426177978516)",POINT (0.5027157962322235 0.362419530749321),,,,,,,,,,,,,,,,,,,,,,,,,,,,,,,,,,,,,,,,,,,,,,,,,,1,
0,54,18,436688181379,1254557969,1,1,"(0.5070061087608337, 0.26867955923080444)","(0.5028709769248962, 0.38626202940940857)",1,1,2.953598022460937,2.928558349609375,"(-56.88688659667969, -101.15074157714844, 734.3850708007812)","(8.837453842163086, -98.26945495605469, 732.4937744140625)","(2.6986138820648193, 151.47251892089844, 44.489723205566406)","(1.2656235694885254, 129.93478393554688, 36.65060806274414)",POINT (0.504938542842865 0.3274707943201065),,,,,,,,,,,,,,,,,,,,,,,,,,,,,,,,,,,,,,,,,,,,,,,,,,1,
0,54,18,436688198047,1254574636,1,1,"(0.502138614654541, 0.3493184745311737)","(0.5074872374534607, 0.3553915023803711)",1,1,2.9759521484375,2.90869140625,"(-56.864376068115234, -101.24090576171875, 734.2845458984375)","(8.862361907958984, -98.40531921386719, 732.4342041015625)","(1.0118247270584106, 136.70176696777344, 39.11362075805664)","(2.8653223514556885, 135.58938598632812, 38.70871353149414)",POINT (0.5048129260540009 0.3523549884557724),,,,,,,,,,,,,,,,,,,,,,,,,,,,,,,,,,,,,,,,,,,,,,,,,,1,
0,54,18,436688214714,1254591303,1,1,"(0.49843230843544006, 0.2833857238292694)","(0.5028166770935059, 0.38683608174324036)",1,1,2.96875,2.882904052734375,"(-56.82432556152344, -101.28290557861328, 734.2183227539062)","(8.90211009979248, -98.4912109375, 732.3880004882812)","(-0.2725435197353363, 148.7787628173828, 43.509273529052734)","(1.2467944622039795, 129.8296356201172, 36.61235427856445)",POINT (0.500624492764473 0.3351109027862549),,,,,,,,,,,,,,,,,,,,,,,,,,,,,,,,,,,,,,,,,,,,,,,,,,1,
0,54,18,436688231380,1254607969,1,1,"(0.4973919093608856, 0.3168817460536957)","(0.5023699402809143, 0.3781299591064453)",1,1,3.0133514404296875,2.865631103515625,"(-56.78850555419922, -101.32041931152344, 734.1029052734375)","(8.938129425048828, -98.60050201416016, 732.44677734375)","(-0.6330780982971191, 142.64324951171875, 41.27610778808594)","(1.0920038223266602, 131.42434692382812, 37.19277572631836)",POINT (0.4998809248209 0.3475058525800705),,,,,,,,,,,,,,,,,,,,,,,,,,,,,,,,,,,,,,,,,,,,,,,,,,1,
0,54,18,436688248048,1254624636,1,1,"(0.49518299102783203, 0.3256358206272125)","(0.5040480494499207, 0.40205511450767517)",1,1,2.94866943359375,2.88458251953125,"(-56.75013732910156, -101.31008911132812, 734.139892578125)","(8.991851806640625, -98.64338684082031, 732.4750366210938)","(-1.3985488414764404, 141.03977966308594, 40.69245910644531)","(1.6735317707061768, 127.04193115234375, 35.597721099853516)",POINT (0.4996155202388763 0.3638454675674438),,,,,,,,,,,,,,,,,,,,,,,,,,,,,,,,,,,,,,,,,,,,,,,,,,1,
0,54,18,436688264718,1254641306,1,1,"(0.5003063678741455, 0.2967952489852905)","(0.49991580843925476, 0.3705754578113556)",1,1,2.969635009765625,2.8422393798828125,"(-56.719642639160156, -101.33712768554688, 734.2048950195312)","(9.032964706420898, -98.70266723632812, 732.399658203125)","(0.37689533829689026, 146.322509765625, 42.615272521972656)","(0.24153074622154236, 132.80812072753906, 37.6964225769043)",POINT (0.5001110881567001 0.3336853533983231),,,,,,,,,,,,,,,,,,,,,,,,,,,,,,,,,,,,,,,,,,,,,,,,,,1,
0,54,18,436688281385,1254657972,1,1,"(0.4990069270133972, 0.28102099895477295)","(0.4999787509441376, 0.4022925794124603)",1,1,2.9130401611328125,2.876129150390625,"(-56.68748092651367, -101.31111145019531, 734.3017578125)","(9.072244644165039, -98.71748352050781, 732.4871215820312)","(-0.07341495156288147, 149.21189880371094, 43.666927337646484)","(0.2633627653121948, 126.99844360351562, 35.58186340332031)",POINT (0.4994928389787674 0.3416567891836166),,,,,,,,,,,,,,,,,,,,,,,,,,,,,,,,,,,,,,,,,,,,,,,,,,1,
0,54,18,436688298052,1254674639,1,1,"(0.5011895298957825, 0.2447132170200348)","(0.49780768156051636, 0.29918235540390015)",1,1,2.8700103759765625,2.735076904296875,"(-56.66670608520508, -101.33829498291016, 734.3650512695312)","(9.0927734375, -98.7606201171875, 732.4716796875)","(0.6829466819763184, 155.86245727539062, 46.08751678466797)","(-0.48899251222610474, 145.88528442382812, 42.45612716674805)",POINT (0.4994986057281494 0.2719477862119675),,,,,,,,,,,,,,,,,,,,,,,,,,,,,,,,,,,,,,,,,,,,,,,,,1,1,
0,54,18,436688314720,1254691306,1,1,"(0.49895742535591125, 0.27131879329681396)","(0.5039739012718201, 0.3607420027256012)",1,1,2.841705322265625,2.8147735595703125,"(-56.629661560058594, -101.31893920898438, 734.2965698242188)","(9.119388580322266, -98.78132629394531, 732.5596923828125)","(-0.0905730277299881, 150.98907470703125, 44.31377029418945)","(1.647823452949524, 134.60931396484375, 38.35200881958008)",POINT (0.5014656633138657 0.3160303980112076),,,,,,,,,,,,,,,,,,,,,,,,,,,,,,,,,,,,,,,,,,,,,,,,,,1,
0,54,18,436688331386,1254707972,1,1,"(0.5059633255004883, 0.3091103732585907)","(0.5060422420501709, 0.3994433283805847)",1,1,2.8735504150390625,2.848739624023437,"(-56.62074661254883, -101.35400390625, 734.3272705078125)","(9.132944107055664, -98.82728576660156, 732.6923828125)","(2.337226390838623, 144.06675720214844, 41.79423522949219)","(2.364577293395996, 127.52033233642578, 35.77183151245117)",POINT (0.5060027837753296 0.3542768508195877),,,,,,,,,,,,,,,,,,,,,,,,,,,,,,,,,,,,,,,,,,,,,,,,,,1,
0,54,18,436688348054,1254724639,1,1,"(0.5006266236305237, 0.3056086003780365)","(0.5072739720344543, 0.3896237313747406)",1,1,2.86761474609375,2.845611572265625,"(-56.61484909057617, -101.36762237548828, 734.4185180664062)","(9.141677856445312, -98.83628845214844, 732.7665405273438)","(0.48786380887031555, 144.7081756591797, 42.02766799926758)","(2.791419267654419, 129.3190155029297, 36.42649459838867)",POINT (0.503950297832489 0.3476161658763886),,,,,,,,,,,,,,,,,,,,,,,,,,,,,,,,,,,,,,,,,,,,,,,,,,1,
0,54,18,436688364721,1254741306,1,1,"(0.500518798828125, 0.34052687883377075)","(0.5058107376098633, 0.3472028076648712)",1,1,2.861846923828125,2.7814178466796875,"(-56.61209487915039, -101.4036865234375, 734.4185791015625)","(9.144274711608887, -98.86626434326172, 732.8106689453125)","(0.45052650570869446, 138.31214904785156, 39.69972229003906)","(2.284364700317383, 137.0893096923828, 39.254642486572266)",POINT (0.5031647682189941 0.343864843249321),,,,,,,,,,,,,,,,,,,,,,,,,,,,,,,,,,,,,,,,,,,,,,,,,,1,
0,54,18,436688381388,1254757972,1,1,"(0.5046875476837158, 0.31121009588241577)","(0.5146157741546631, 0.4085884690284729)",1,1,2.8466033935546875,2.83123779296875,"(-56.60030746459961, -101.41612243652344, 734.4046020507812)","(9.14249038696289, -98.86082458496094, 732.7811889648438)","(1.8951351642608643, 143.68211364746094, 41.654296875)","(5.335620403289795, 125.84522247314453, 35.162113189697266)",POINT (0.5096516609191895 0.3598992824554443),,,,,,,,,,,,,,,,,,,,,,,,,,,,,,,,,,,,,,,,,,,,,,,,,,1,
0,54,18,436688398059,1254774643,1,1,"(0.5563816428184509, 0.4083579480648041)","(0.558590829372406, 0.41450855135917664)",1,1,2.8782196044921875,2.7921142578125,"(-56.473609924316406, -101.48399353027344, 734.456298828125)","(9.242024421691895, -98.92546844482422, 732.7489624023438)","(19.809038162231445, 125.88744354248047, 35.177494049072266)","(20.57459831237793, 124.76082611083984, 34.7674560546875)",POINT (0.5574862360954285 0.4114332497119904),,,,,,,,,,,,,,,,,,,,,,,,,,,,,,,,,,,,,,,,,,,,,,,,,,,
0,54,18,436688414727,1254791310,1,1,"(0.5534811615943909, 0.3986504375934601)","(0.5609279274940491, 0.38668349385261536)",1,1,2.8985137939453125,2.7660369873046875,"(-56.43489074707031, -101.46229553222656, 734.3268432617188)","(9.289628982543945, -98.92121887207031, 732.7327880859375)","(18.803903579711914, 127.6655502319336, 35.82473373413086)","(21.384485244750977, 129.8575897216797, 36.62251663208008)",POINT (0.55720454454422 0.3926669657230377),,,,,,,,,,,,,,,,,,,,,,,,,,,,,,,,,,,,,,,,,,,,,,,,,,1,
0,54,18,436688431393,1254807976,1,1,"(0.557587206363678, 0.3978332281112671)","(0.5673729777336121, 0.4026845097541809)",1,1,2.902084350585937,2.7751617431640625,"(-56.402889251708984, -101.48542022705078, 734.4376220703125)","(9.334519386291504, -98.92385864257812, 732.79052734375)","(20.226797103881836, 127.81526184082031, 35.87919616699219)","(23.617910385131836, 126.92664337158203, 35.555755615234375)",POINT (0.562480092048645 0.400258868932724),,,,,,,,,,,,,,,,,,,,,,,,,,,,,,,,,,,,,,,,,,,,,,,,,,1,
0,54,18,436688448061,1254824643,1,1,"(0.5540428161621094, 0.4035075902938843)","(0.5608444809913635, 0.42711973190307617)",1,1,2.917144775390625,2.8322906494140625,"(-56.348533630371094, -101.46072387695312, 734.4166259765625)","(9.38571834564209, -98.90689086914062, 732.863037109375)","(18.99854850769043, 126.77587127685547, 35.50090408325195)","(21.355558395385742, 122.45081329345703, 33.92667007446289)",POINT (0.5574436485767365 0.4153136610984802),,,,,,,,,,,,,,,,,,,,,,,,,,,,,,,,,,,,,,,,,,,,,,,,,,1,
0,54,18,436688464728,1254841310,1,1,"(0.5528229475021362, 0.39702391624450684)","(0.5600935816764832, 0.4066210985183716)",1,1,2.910247802734375,2.7727203369140625,"(-56.290225982666016, -101.47808837890625, 734.548583984375)","(9.461051940917969, -98.92707824707031, 732.994140625)","(18.5758113861084, 127.9635009765625, 35.93313980102539)","(21.095367431640625, 126.20557403564453, 35.293312072753906)",POINT (0.5564582645893097 0.4018225073814392),,,,,,,,,,,,,,,,,,,,,,,,,,,,,,,,,,,,,,,,,,,,,,,,,,,
0,54,18,436688481395,1254857976,1,1,"(0.55987948179245, 0.39644697308540344)","(0.5584783554077148, 0.41480380296707153)",1,1,2.91558837890625,2.798828125,"(-56.19966125488281, -101.45860290527344, 734.6686401367188)","(9.562085151672363, -98.86363983154297, 732.7833251953125)","(21.021146774291992, 128.0691680908203, 35.97160339355469)","(20.535608291625977, 124.70673370361328, 34.747806549072266)",POINT (0.5591789186000824 0.4056253880262375),,,,,,,,,,,,,,,,,,,,,,,,,,,,,,,,,,,,,,,,,,,,,,,,,,,
0,54,18,436688498062,1254874643,1,1,"(0.5598512291908264, 0.3799503743648529)","(0.5545240640640259, 0.4043157696723938)",1,1,2.9098358154296875,2.7779083251953125,"(-56.072547912597656, -101.44955444335938, 734.50927734375)","(9.677587509155273, -98.91773986816406, 733.03173828125)","(21.011371612548828, 131.09088134765625, 37.071407318115234)","(19.165300369262695, 126.62784576416016, 35.44700622558594)",POINT (0.5571876466274261 0.3921330720186234),,,,,,,,,,,,,,,,,,,,,,,,,,,,,,,,,,,,,,,,,,,,,,,,,,1,
0,54,18,436688514730,1254891310,1,1,"(0.5583329200744629, 0.38833311200141907)","(0.5622657537460327, 0.3995181620121002)",1,1,2.89971923828125,2.768341064453125,"(-55.9505729675293, -101.45394897460938, 734.726318359375)","(9.815801620483398, -98.884521484375, 732.849365234375)","(20.485206604003906, 129.55540466308594, 36.51255416870117)","(21.84808921813965, 127.50662994384766, 35.766849517822266)",POINT (0.5602993369102478 0.3939256370067596),,,,,,,,,,,,,,,,,,,,,,,,,,,,,,,,,,,,,,,,,,,,,,,,,,1,
0,54,18,436688531403,1254907983,1,1,"(0.5552222728729248, 0.3754323720932007)","(0.5506317019462585, 0.3993707597255707)",1,1,2.8834381103515625,2.80499267578125,"(-55.79240417480469, -101.46552276611328, 734.572265625)","(9.966788291931152, -98.95455932617188, 732.9633178710938)","(19.407255172729492, 131.91844177246094, 37.37263488769531)","(17.816452026367188, 127.53363037109375, 35.77667236328125)",POINT (0.5529269874095917 0.3874015659093857),,,,,,,,,,,,,,,,,,,,,,,,,,,,,,,,,,,,,,,,,,,,,,,,,,1,
0,54,18,436688548071,1254924650,1,1,"(0.5547087788581848, 0.39498019218444824)","(0.5623019337654114, 0.35924723744392395)",1,1,2.9602203369140625,2.725082397460937,"(-55.634490966796875, -101.44512939453125, 734.55322265625)","(10.119772911071777, -98.96452331542969, 732.9285888671875)","(19.229318618774414, 128.33787536621094, 36.069366455078125)","(21.860618591308594, 134.8831024169922, 38.45167922973633)",POINT (0.5585053563117981 0.3771137148141861),,,,,,,,,,,,,,,,,,,,,,,,,,,,,,,,,,,,,,,,,,,,,,,,,,1,
0,54,18,436688564738,1254941317,1,1,"(0.5509288311004639, 0.3914811611175537)","(0.5609926581382751, 0.41828200221061707)",1,1,2.921234130859375,2.8108673095703125,"(-55.52294921875, -101.473388671875, 734.6483154296875)","(10.252572059631348, -99.02041625976562, 732.9239501953125)","(17.919431686401367, 128.97877502441406, 36.30268096923828)","(21.40691566467285, 124.06963348388672, 34.51588821411133)",POINT (0.5559607446193695 0.4048815816640854),,,,,,,,,,,,,,,,,,,,,,,,,,,,,,,,,,,,,,,,,,,,,,,,,,,
0,54,18,436688581405,1254957983,1,1,"(0.5582971572875977, 0.39297738671302795)","(0.5704296231269836, 0.40717458724975586)",1,1,2.9232940673828125,2.787628173828125,"(-55.331817626953125, -101.45320129394531, 734.5601806640625)","(10.430444717407227, -99.05703735351562, 732.9620361328125)","(20.47282600402832, 128.7047119140625, 36.20292663574219)","(24.677165985107422, 126.10417938232422, 35.25643539428711)",POINT (0.5643633902072906 0.4000759869813919),,,,,,,,,,,,,,,,,,,,,,,,,,,,,,,,,,,,,,,,,,,,,,,,,,1,
0,54,18,436688598072,1254974650,1,1,"(0.581244945526123, 0.3893561363220215)","(0.6005333662033081, 0.4321308434009552)",1,1,2.9632720947265625,2.8454742431640625,"(-55.100162506103516, -101.43214416503906, 734.47802734375)","(10.636138916015625, -99.09849548339844, 732.9547119140625)","(28.425065994262695, 129.36801147460938, 36.44436264038086)","(35.10922622680664, 121.53291320800781, 33.59260177612305)",POINT (0.5908891558647156 0.4107434898614883),,,,,,,,,,,,,,,,,,,,,,,,,,,,,,,,,,,,,,,,,,,,,,,,,,,
0,54,18,436688614738,1254991316,1,1,"(0.5898094773292542, 0.3586040139198303)","(0.5994210243225098, 0.4006860554218292)",1,1,2.925048828125,2.7946929931640625,"(-54.97199249267578, -101.41654968261719, 734.681884765625)","(10.790342330932617, -99.09223175048828, 732.83154296875)","(31.392993927001953, 135.00091552734375, 38.49455261230469)","(34.72373962402344, 127.2927017211914, 35.68899154663086)",POINT (0.594615250825882 0.3796450346708298),,,,,,,,,,,,,,,,,,,,,,,,,,,,,,,,,,,,,,,,,,,,,,,,,,1,
0,54,18,436688631406,1255007983,1,1,"(0.5829111933708191, 0.3867436647415161)","(0.6045436859130859, 0.37536782026290894)",1,1,2.965240478515625,2.7777099609375,"(-54.84722900390625, -101.36612701416016, 734.4920654296875)","(10.900712966918945, -99.14105224609375, 733.0645751953125)","(29.00249481201172, 129.8465576171875, 36.61850357055664)","(36.498931884765625, 131.93028259277344, 37.3769416809082)",POINT (0.5937274396419525 0.3810557425022125),,,,,,,,,,,,,,,,,,,,,,,,,,,,,,,,,,,,,,,,,,,,,,,,,,1,
0,54,18,436688648073,1255024650,1,1,"(0.5943406820297241, 0.36310210824012756)","(0.5963224768638611, 0.41446375846862793)",1,1,2.92425537109375,2.8058013916015625,"(-54.74839401245117, -101.31124877929688, 734.628173828125)","(11.015609741210938, -99.07464599609375, 732.8531494140625)","(32.96321487426758, 134.17701721191406, 38.19465255737305)","(33.649986267089844, 124.76902770996094, 34.77044677734375)",POINT (0.5953315794467926 0.3887829333543778),,,,,,,,,,,,,,,,,,,,,,,,,,,,,,,,,,,,,,,,,,,,,,,,,,1,
0,54,18,436688664743,1255041319,1,1,"(0.5890361666679382, 0.3618101179599762)","(0.6036726832389832, 0.4096759855747223)",1,1,2.952362060546875,2.806381225585937,"(-54.64762496948242, -101.26277160644531, 734.6141357421875)","(11.114038467407227, -99.0833969116211, 733.0419311523438)","(31.12502098083496, 134.41366577148438, 38.28081130981445)","(36.19709396362305, 125.6460189819336, 35.089630126953125)",POINT (0.5963544249534607 0.3857430517673492),,,,,,,,,,,,,,,,,,,,,,,,,,,,,,,,,,,,,,,,,,,,,,,,,,1,
0,54,18,436688681410,1255057986,1,1,"(0.5913134813308716, 0.3908943831920624)","(0.5933877229690552, 0.4020077884197235)",1,1,2.996368408203125,2.826019287109375,"(-54.56039810180664, -101.20610046386719, 734.6734619140625)","(11.213470458984375, -99.04324340820312, 733.0533447265625)","(31.9141845703125, 129.0862579345703, 36.34178924560547)","(32.632972717285156, 127.05060577392578, 35.600868225097656)",POINT (0.5923506021499634 0.3964510858058929),,,,,,,,,,,,,,,,,,,,,,,,,,,,,,,,,,,,,,,,,,,,,,,,,,1,
0,54,18,436688698078,1255074653,1,1,"(0.5911504030227661, 0.38529741764068604)","(0.6001026630401611, 0.3901466131210327)",1,1,2.94085693359375,2.79437255859375,"(-54.486167907714844, -101.16510009765625, 734.8379516601562)","(11.294681549072266, -98.99244689941406, 732.9322509765625)","(31.8576717376709, 130.11146545410156, 36.71492004394531)","(34.9599609375, 129.2232208251953, 36.39164352416992)",POINT (0.5956265330314636 0.3877220153808594),,,,,,,,,,,,,,,,,,,,,,,,,,,,,,,,,,,,,,,,,,,,,,,,,,1,
0,54,18,436688714744,1255091319,1,1,"(0.5931219458580017, 0.3614417612552643)","(0.6019151210784912, 0.3687831461429596)",1,1,2.9773101806640625,2.744903564453125,"(-54.403560638427734, -101.1011962890625, 734.8204345703125)","(11.369367599487305, -98.97158813476562, 733.1366577148438)","(32.54088592529297, 134.48114013671875, 38.30533218383789)","(35.58803176879883, 133.13641357421875, 37.8159065246582)",POINT (0.5975185334682465 0.3651124536991119),,,,,,,,,,,,,,,,,,,,,,,,,,,,,,,,,,,,,,,,,,,,,,,,,,1,
0,54,18,436688731412,1255107986,1,1,"(0.5975108742713928, 0.3802280128002167)","(0.6021654605865479, 0.3644234836101532)",1,1,2.960906982421875,2.7783966064453125,"(-54.331451416015625, -101.06968688964844, 734.9225463867188)","(11.45222282409668, -98.93307495117188, 733.0153198242188)","(34.061790466308594, 131.04005432128906, 37.05286407470703)","(35.67479705810547, 133.93496704101562, 38.10655212402344)",POINT (0.5998381674289703 0.3723257482051849),,,,,,,,,,,,,,,,,,,,,,,,,,,,,,,,,,,,,,,,,,,,,,,,,,1,
0,54,18,436688748079,1255124653,1,1,"(0.5845116972923279, 0.39919087290763855)","(0.5811364650726318, 0.43852928280830383)",1,1,2.94622802734375,2.790878295898437,"(-54.27220153808594, -101.08120727539062, 734.9620361328125)","(11.485777854919434, -98.96490478515625, 732.984375)","(29.557104110717773, 127.56658172607422, 35.78867721557617)","(28.38749122619629, 120.36090087890625, 33.16603088378906)",POINT (0.5828240811824799 0.4188600778579712),,,,,,,,,,,,,,,,,,,,,,,,,,,,,,,,,,,,,,,,,,,,,,,,,,1,
0,54,18,436688764746,1255141319,1,1,"(0.49850812554359436, 0.6225143671035767)","(0.5120148658752441, 0.6674166917800903)",1,1,2.9612274169921875,2.8440704345703125,"(-54.32094192504883, -101.30570220947266, 735.059326171875)","(11.287199020385742, -99.21045684814453, 732.843505859375)","(-0.246271550655365, 86.6601333618164, 20.899974822998047)","(4.434322834014893, 78.4353256225586, 17.906335830688477)",POINT (0.5052614957094193 0.6449655294418335),,,,,,,,,,,,,,,,,,,,,,,,,,,,,,,,,,,,,,,,,,,,,,,,,,,1
0,54,18,436688781405,1255157978,1,1,"(0.5000448226928711, 0.621665358543396)","(0.5054479241371155, 0.6537380218505859)",1,1,2.940048217773437,2.8306121826171875,"(-54.265098571777344, -101.30299377441406, 734.963134765625)","(11.402129173278809, -99.26557159423828, 732.9873657226562)","(0.2862548530101776, 86.8156509399414, 20.956523895263672)","(2.1586227416992188, 80.94086456298828, 18.81827163696289)",POINT (0.5027463734149933 0.637701690196991),,,,,,,,,,,,,,,,,,,,,,,,,,,,,,,,,,,,,,,,,,,,,,,,,,,1
0,54,18,436688798086,1255174658,1,1,"(0.5046507716178894, 0.6200908422470093)","(0.5040356516838074, 0.6664056181907654)",1,1,2.9460601806640625,2.8426513671875,"(-54.17815399169922, -101.25154876708984, 734.8261108398438)","(11.502967834472656, -99.25042724609375, 732.894775390625)","(1.8823868036270142, 87.10405731201172, 21.061498641967773)","(1.66922926902771, 78.62052154541016, 17.973730087280273)",POINT (0.5043432116508484 0.6432482302188873),,,,,,,,,,,,,,,,,,,,,,,,,,,,,,,,,,,,,,,,,,,,,,,,,,,1
0,54,18,436688814752,1255191324,1,1,"(0.5018807649612427, 0.6208621859550476)","(0.512509822845459, 0.6708304286003113)",1,1,2.94287109375,2.8510284423828125,"(-54.11162185668945, -101.21709442138672, 734.8077392578125)","(11.590339660644531, -99.23869323730469, 732.8175048828125)","(0.9224730134010315, 86.96276092529297, 21.01009750366211)","(4.6058430671691895, 77.81000518798828, 17.678787231445312)",POINT (0.5071952939033508 0.6458463072776794),,,,,,,,,,,,,,,,,,,,,,,,,,,,,,,,,,,,,,,,,,,,,,,,,,,1
0,54,18,436688831420,1255207991,1,1,"(0.5019234418869019, 0.6003851890563965)","(0.5017886757850647, 0.6725220084190369)",1,1,2.984115600585937,2.8516387939453125,"(-54.046260833740234, -101.22271728515625, 734.9528198242188)","(11.680453300476074, -99.26689147949219, 732.9029541015625)","(0.9372665286064148, 90.71356964111328, 22.375255584716797)","(0.8905726075172424, 77.50016784667969, 17.56598663330078)",POINT (0.5018560588359833 0.6364535987377167),,,,,,,,,,,,,,,,,,,,,,,,,,,,,,,,,,,,,,,,,,,,,,,,,,,1
0,54,18,436688848087,1255224658,1,1,"(0.5045256018638611, 0.6138477325439453)","(0.5134578347206116, 0.6801490187644958)",1,1,2.97528076171875,2.8504638671875,"(-53.97273254394531, -101.19039916992188, 734.875)","(11.756460189819336, -99.25537109375, 732.7964477539062)","(1.8390064239501953, 88.24760437011719, 21.477725982666016)","(4.9343438148498535, 76.10311889648438, 17.057510375976562)",POINT (0.5089917182922363 0.6469983756542206),,,,,,,,,,,,,,,,,,,,,,,,,,,,,,,,,,,,,,,,,,,,,,,,,,,1
0,54,18,436688864754,1255241324,1,1,"(0.4965764582157135, 0.6059865355491638)","(0.5049785375595093, 0.6613298654556274)",1,1,3.0094146728515625,2.84930419921875,"(-53.910709381103516, -101.18135070800781, 734.825439453125)","(11.827215194702148, -99.28714752197266, 732.8822021484375)","(-0.9156553149223328, 89.68754577636719, 22.001863479614258)","(1.9959783554077148, 79.55025482177734, 18.31215476989746)",POINT (0.5007774978876114 0.6336582005023956),,,,,,,,,,,,,,,,,,,,,,,,,,,,,,,,,,,,,,,,,,,,,,,,,,,1
0,54,18,436688881421,1255257991,1,1,"(0.5063734650611877, 0.6106229424476624)","(0.499764084815979, 0.683388352394104)",1,1,2.9713287353515625,2.856048583984375,"(-53.87425231933594, -101.17009735107422, 734.952392578125)","(11.880487442016602, -99.27507781982422, 732.8803100585938)","(2.4793715476989746, 88.83831024169922, 21.692737579345703)","(0.1889738142490387, 75.50975036621094, 16.841567993164062)",POINT (0.5030687749385834 0.6470056474208832),,,,,,,,,,,,,,,,,,,,,,,,,,,,,,,,,,,,,,,,,,,,,,,,,,,1
0,54,18,436688898089,1255274658,1,1,"(0.5056526064872742, 0.6144691705703735)","(0.5041598677635193, 0.6759003400802612)",1,1,3.0306549072265625,2.866928100585937,"(-53.852508544921875, -101.17251586914062, 734.9854736328125)","(11.914743423461914, -99.29364776611328, 732.952880859375)","(2.2295567989349365, 88.13377380371094, 21.436279296875)","(1.7122749090194702, 76.88136291503906, 17.34073257446289)",POINT (0.5049062371253967 0.6451847553253174),,,,,,,,,,,,,,,,,,,,,,,,,,,,,,,,,,,,,,,,,,,,,,,,,,,1
0,54,18,436688914755,1255291324,1,1,"(0.5000708699226379, 0.5933030843734741)","(0.5025719404220581, 0.6793971657752991)",1,1,3.057952880859375,2.882797241210937,"(-53.84766387939453, -101.14199829101562, 735.016845703125)","(11.921276092529297, -99.25680541992188, 732.9680786132812)","(0.2952824831008911, 92.01079559326172, 22.84741973876953)","(1.1620112657546997, 76.24085235595703, 17.107608795166016)",POINT (0.501321405172348 0.6363501250743866),,,,,,,,,,,,,,,,,,,,,,,,,,,,,,,,,,,,,,,,,,,,,,,,,,,1
0,54,18,436688931427,1255307995,1,1,"(0.4958871603012085, 0.6035237908363342)","(0.49774953722953796, 0.7043840885162354)",1,1,3.059310913085937,2.882568359375,"(-53.876434326171875, -101.19326782226562, 734.9217529296875)","(11.873537063598633, -99.28394317626953, 732.880615234375)","(-1.1545361280441284, 90.1386489868164, 22.16604232788086)","(-0.509151816368103, 71.66395568847656, 15.44176959991455)",POINT (0.4968183487653732 0.6539539396762848),,,,,,,,,,,,,,,,,,,,,,,,,,,,,,,,,,,,,,,,,,,,,,,,,,,1
0,54,18,436688948094,1255324662,1,1,"(0.4910596013069153, 0.6349648833274841)","(0.5004451870918274, 0.6998615264892578)",1,1,3.0405426025390625,2.868438720703125,"(-53.968650817871094, -101.14329528808594, 734.8311157226562)","(11.768439292907715, -99.18314361572266, 732.6925659179688)","(-2.827449083328247, 84.37955474853516, 20.06987953186035)","(0.424996942281723, 72.49235534667969, 15.743260383605957)",POINT (0.4957523941993713 0.667413204908371),,,,,,,,,,,,,,,,,,,,,,,,,,,,,,,,,,,,,,,,,,,,,,,,,,,1
0,54,18,436688964761,1255341328,1,1,"(0.49956366419792175, 0.6524327397346497)","(0.4925842881202698, 0.7019991278648376)",1,1,3.002105712890625,2.91693115234375,"(-53.88322448730469, -101.28321838378906, 734.753662109375)","(11.861393928527832, -99.30072021484375, 732.7772216796875)","(0.11952506750822067, 81.17993927001953, 18.905319213867188)","(-2.2990970611572266, 72.1008071899414, 15.600794792175293)",POINT (0.4960739761590958 0.6772159337997437),,,,,,,,,,,,,,,,,,,,,,,,,,,,,,,,,,,,,,,,,,,,,,,,,,,1
0,54,18,436688981428,1255357995,1,1,"(0.49243447184562683, 0.6604928374290466)","(0.4969697594642639, 0.7060865163803101)",1,1,3.00018310546875,2.9211578369140625,"(-53.983055114746094, -101.25811767578125, 734.7379150390625)","(11.761251449584961, -99.22335815429688, 732.6482543945312)","(-2.3510074615478516, 79.70355987548828, 18.367963790893555)","(-0.7793605327606201, 71.35213470458984, 15.328229904174805)",POINT (0.4947021156549454 0.6832896769046783),,,,,,,,,,,,,,,,,,,,,,,,,,,,,,,,,,,,,,,,,,,,,,,,,,,1
0,54,18,436688998095,1255374662,1,1,"(0.4988952577114105, 0.6454610228538513)","(0.49759042263031006, 0.7102845311164856)",1,1,3.0549468994140625,2.9028778076171875,"(-53.91881561279297, -101.39828491210938, 734.64501953125)","(11.827716827392578, -99.33930969238281, 732.689697265625)","(-0.11209872364997864, 82.45697784423828, 19.370079040527344)","(-0.5642801523208618, 70.58314514160156, 15.048413276672363)",POINT (0.4982428401708603 0.6778727769851685),,,,,,,,,,,,,,,,,,,,,,,,,,,,,,,,,,,,,,,,,,,,,,,,,,,1
0,54,18,436689014754,1255391320,1,1,"(0.4986150860786438, 0.670305609703064)","(0.5057980418205261, 0.7009645700454712)",1,1,3.057403564453125,2.912628173828125,"(-53.94416046142578, -101.39717102050781, 734.7008666992188)","(11.811389923095703, -99.30709838867188, 732.6757202148438)","(-0.20921018719673157, 77.9061508178711, 17.713735580444336)","(2.2799503803253174, 72.29029846191406, 15.669739723205566)",POINT (0.502206563949585 0.6856350898742676),,,,,,,,,,,,,,,,,,,,,,,,,,,,,,,,,,,,,,,,,,,,,,,,,,,1
0,54,18,436689031429,1255407995,1,1,"(0.48980432748794556, 0.651450514793396)","(0.49841487407684326, 0.7203149199485779)",1,1,3.048080444335937,2.9276580810546875,"(-53.880008697509766, -101.50484466552734, 734.6801147460938)","(11.879573822021484, -99.39714813232422, 732.5994873046875)","(-3.2624433040618896, 81.35985565185547, 18.97078514099121)","(-0.2785797417163849, 68.7458724975586, 14.379682540893555)",POINT (0.4941096007823944 0.6858827173709869),,,,,,,,,,,,,,,,,,,,,,,,,,,,,,,,,,,,,,,,,,,,,,,,,,,1
0,54,18,436689048097,1255424662,1,1,"(0.503581702709198, 0.6515934467315674)","(0.49232807755470276, 0.7221967577934265)",1,1,3.0810089111328125,2.946685791015625,"(-53.85386657714844, -101.49884033203125, 734.7598876953125)","(11.923439025878906, -99.36958312988281, 732.5980224609375)","(1.5119094848632812, 81.33368682861328, 18.96124267578125)","(-2.3878695964813232, 68.40119171142578, 14.254183769226074)",POINT (0.4979548901319504 0.686895102262497),,,,,,,,,,,,,,,,,,,,,,,,,,,,,,,,,,,,,,,,,,,,,,,,,,,1
0,54,18,436689064770,1255441335,1,1,"(0.5041081309318542, 0.6542748212814331)","(0.48753535747528076, 0.7192601561546326)",1,1,3.034164428710937,2.9599609375,"(-53.80062484741211, -101.55506896972656, 734.860595703125)","(11.989397048950195, -99.41937255859375, 732.5805053710938)","(1.6943490505218506, 80.84252166748047, 18.78249168395996)","(-4.048724174499512, 68.93907165527344, 14.450010299682617)",POINT (0.4958217442035675 0.6867674887180328),,,,,,,,,,,,,,,,,,,,,,,,,,,,,,,,,,,,,,,,,,,,,,,,,,,1
0,54,18,436689081438,1255458002,1,1,"(0.49207961559295654, 0.6461625695228577)","(0.49875184893608093, 0.7019701600074768)",1,1,3.07708740234375,2.9082794189453125,"(-53.728485107421875, -101.50653076171875, 734.7940673828125)","(12.048334121704102, -99.36785888671875, 732.5040893554688)","(-2.4739699363708496, 82.3284683227539, 19.323328018188477)","(-0.16180351376533508, 72.1061019897461, 15.602738380432129)",POINT (0.4954157322645187 0.6740663647651672),,,,,,,,,,,,,,,,,,,,,,,,,,,,,,,,,,,,,,,,,,,,,,,,,,,1
0,54,18,436689098105,1255474669,1,1,"(0.5042198300361633, 0.6461458206176758)","(0.49205848574638367, 0.7187343239784241)",1,1,3.0681915283203125,2.93804931640625,"(-53.65650177001953, -101.46515655517578, 734.5802612304688)","(12.10825252532959, -99.38190460205078, 732.6053466796875)","(1.7330567836761475, 82.33153533935547, 19.32444190979004)","(-2.481292963027954, 69.03539276123047, 14.485079765319824)",POINT (0.4981391578912735 0.6824400722980499),,,,,,,,,,,,,,,,,,,,,,,,,,,,,,,,,,,,,,,,,,,,,,,,,,,1
0,54,18,436689114772,1255491335,1,1,"(0.49856382608413696, 0.6626185774803162)","(0.49060893058776855, 0.7144484519958496)",1,1,3.06475830078125,2.926376342773437,"(-53.58870315551758, -101.40748596191406, 734.68310546875)","(12.197007179260254, -99.32241821289062, 732.4830932617188)","(-0.22695742547512054, 79.31419372558594, 18.226234436035156)","(-2.9836244583129883, 69.82044982910156, 14.770776748657227)",POINT (0.4945863783359528 0.6885335147380829),,,,,,,,,,,,,,,,,,,,,,,,,,,,,,,,,,,,,,,,,,,,,,,,,,,1
0,54,18,436689131430,1255507993,1,1,"(0.5002476572990417, 0.6489490270614624)","(0.48705458641052246, 0.7086613774299622)",1,1,3.071273803710937,2.9506072998046875,"(-53.50938034057617, -101.35475158691406, 734.7119140625)","(12.27193832397461, -99.28764343261719, 732.4947509765625)","(0.3565533459186554, 81.81803894042969, 19.137577056884766)","(-4.215344429016113, 70.88046264648438, 15.156633377075195)",POINT (0.4936511218547821 0.6788052022457123),,,,,,,,,,,,,,,,,,,,,,,,,,,,,,,,,,,,,,,,,,,,,,,,,,,1
0,54,18,436689148098,1255524660,1,1,"(0.5048823356628418, 0.6547887325286865)","(0.48673319816589355, 0.7106020450592041)",1,1,3.066925048828125,2.96063232421875,"(-53.40522003173828, -101.2611083984375, 734.60498046875)","(12.368865966796875, -99.21993255615234, 732.4024047851562)","(1.9626262187957764, 80.7483901977539, 18.748258590698242)","(-4.3267083168029785, 70.52500915527344, 15.027226448059082)",POINT (0.4958077669143677 0.6826953887939453),,,,,,,,,,,,,,,,,,,,,,,,,,,,,,,,,,,,,,,,,,,,,,,,,,,1
0,54,18,436689164773,1255541335,1,1,"(0.5034604668617249, 0.6815817356109619)","(0.4870801866054535, 0.7022533416748047)",1,1,3.064315795898437,2.940093994140625,"(-53.32845687866211, -101.19451141357422, 734.6931762695312)","(12.460626602172852, -99.15052795410156, 732.2806396484375)","(1.469893455505371, 75.84069061279297, 16.96200942993164)","(-4.20646333694458, 72.05426025390625, 15.583794593811035)",POINT (0.4952703267335892 0.6919175386428833),,,,,,,,,,,,,,,,,,,,,,,,,,,,,,,,,,,,,,,,,,,,,,,,,,,1
0,54,18,436689181444,1255558005,1,1,"(0.5120946764945984, 0.6658375263214111)","(0.4973057806491852, 0.7099114656448364)",1,1,3.0530242919921875,2.964096069335937,"(-53.186256408691406, -101.08972930908203, 734.5228271484375)","(12.575139045715332, -99.08590698242188, 732.276123046875)","(4.46195650100708, 78.7245864868164, 18.011634826660156)","(-0.6629259586334229, 70.6514892578125, 15.073291778564453)",POINT (0.5047002285718918 0.6878744959831238),,,,,,,,,,,,,,,,,,,,,,,,,,,,,,,,,,,,,,,,,,,,,,,,,,,1
0,54,18,436689198110,1255574671,1,1,"(0.5121269822120667, 0.6641961336135864)","(0.4888502061367035, 0.7280012965202332)",1,1,3.0605621337890625,2.96319580078125,"(-53.09498596191406, -101.02989959716797, 734.476318359375)","(12.688301086425781, -99.04747009277344, 732.167236328125)","(4.473164081573486, 79.02523040771484, 18.12108039855957)","(-3.593087911605835, 67.33797454833984, 13.867207527160645)",POINT (0.5004885941743851 0.6960987150669098),,,,,,,,,,,,,,,,,,,,,,,,,,,,,,,,,,,,,,,,,,,,,,,,,,,1
0,54,18,436689214778,1255591338,1,1,"(0.49899721145629883, 0.6685105562210083)","(0.4976821541786194, 0.7140700817108154)",1,1,3.0693359375,2.947906494140625,"(-52.981231689453125, -100.94792175292969, 734.493408203125)","(12.801192283630371, -99.01130676269531, 732.221923828125)","(-0.07677972316741943, 78.23495483398438, 17.833438873291016)","(-0.5324962139129639, 69.88975524902344, 14.796022415161133)",POINT (0.4983396828174591 0.6912903189659119),,,,,,,,,,,,,,,,,,,,,,,,,,,,,,,,,,,,,,,,,,,,,,,,,,,1
0,54,18,436689231445,1255608005,1,1,"(0.5051198601722717, 0.6635199189186096)","(0.4918220043182373, 0.6814601421356201)",1,1,3.037017822265625,2.994735717773437,"(-52.88547897338867, -100.91458129882812, 734.37353515625)","(12.903602600097656, -99.02861022949219, 732.2325439453125)","(2.044940710067749, 79.14907836914062, 18.16615867614746)","(-2.5632386207580566, 75.86295318603516, 16.970073699951172)",POINT (0.4984709322452545 0.6724900305271149),,,,,,,,,,,,,,,,,,,,,,,,,,,,,,,,,,,,,,,,,,,,,,,,,,,1
0,54,18,436689248104,1255624663,1,1,"(0.5185757875442505, 0.6953591704368591)","(0.4958367347717285, 0.6952770352363586)",1,1,3.020004272460937,2.975677490234375,"(-52.796836853027344, -100.87026977539062, 734.3742065429688)","(12.994789123535156, -99.00746154785156, 732.1695556640625)","(6.707912445068359, 73.31704711914062, 16.0434627532959)","(-1.1719998121261597, 73.33209991455078, 16.048913955688477)",POINT (0.5072062611579895 0.6953181028366089),,,,,,,,,,,,,,,,,,,,,,,,,,,,,,,,,,,,,,,,,,,,,,,,,,,1
0,54,18,436689264779,1255641338,1,1,"(0.5020371675491333, 0.6947497129440308)","(0.5047267079353333, 0.7018255591392517)",1,1,3.0469970703125,3.0131378173828125,"(-52.71880340576172, -100.86640167236328, 734.2958984375)","(13.062922477722168, -99.04167175292969, 732.196044921875)","(0.976699948310852, 73.4286880493164, 16.084087371826172)","(1.9087058305740356, 72.13260650634766, 15.612356185913086)",POINT (0.5033819377422333 0.6982876360416412),,,,,,,,,,,,,,,,,,,,,,,,,,,,,,,,,,,,,,,,,,,,,,,,,,,1
0,54,18,436689281447,1255658005,1,1,"(0.5097564458847046, 0.7263139486312866)","(0.48497968912124634, 0.676562488079071)",1,1,3.03955078125,3.0157012939453125,"(-52.66625213623047, -100.84765625, 734.335205078125)","(13.122013092041016, -99.02532958984375, 732.0609130859375)","(3.6516776084899902, 67.64703369140625, 13.97973918914795)","(-4.9343647956848145, 76.76007080078125, 17.29660987854004)",POINT (0.4973680675029755 0.7014382183551788),,,,,,,,,,,,,,,,,,,,,,,,,,,,,,,,,,,,,,,,,,,,,,,,,,,1
0,54,18,436689298113,1255674671,1,1,"(0.5051119923591614, 0.7213557958602905)","(0.4899996221065521, 0.7126880288124084)",1,1,3.041000366210937,3.0007476806640625,"(-52.636451721191406, -100.8702163696289, 734.324462890625)","(13.155135154724121, -99.05274200439453, 731.8974609375)","(2.0422444343566895, 68.55520629882812, 14.310315132141113)","(-3.194760322570801, 70.14291381835938, 14.888169288635254)",POINT (0.4975558072328568 0.7170219123363495),,,,,,,,,,,,,,,,,,,,,,,,,,,,,,,,,,,,,,,,,,,,,,,,,,,1
0,54,18,436689314778,1255691335,1,1,"(0.5282835364341736, 0.7791118621826172)","(0.49548569321632385, 0.692822277545929)",1,1,3.002471923828125,3.041534423828125,"(-52.62809753417969, -100.84762573242188, 734.385986328125)","(13.175360679626465, -99.03303527832031, 731.8374633789062)","(10.07201862335205, 57.97597885131836, 10.459722518920898)","(-1.2936376333236694, 73.78174591064453, 16.212554931640625)",POINT (0.5118846148252487 0.7359670698642731),,,,,,,,,,,,,,,,,,,,,,,,,,,,,,,,,,,,,,,,,,,,,,,,,,,1
0,54,18,436689331453,1255708010,1,1,"(0.5198830962181091, 0.7180117964744568)","(0.4868027865886688, 0.6939277052879333)",1,1,2.974609375,3.0458984375,"(-52.62471008300781, -100.85221099853516, 734.295654296875)","(13.18560791015625, -99.05695343017578, 731.7779541015625)","(7.160935878753662, 69.1677474975586, 14.533224105834961)","(-4.302595138549805, 73.57926940917969, 16.1389102935791)",POINT (0.503342941403389 0.7059697508811951),,,,,,,,,,,,,,,,,,,,,,,,,,,,,,,,,,,,,,,,,,,,,,,,,,,1
0,54,18,436689348120,1255724676,1,1,"(0.5188606977462769, 0.7320701479911804)","(0.5020344853401184, 0.686009407043457)",1,1,3.019989013671875,3.0200347900390625,"(-52.62620544433594, -100.84146118164062, 734.2958984375)","(13.187432289123535, -99.05427551269531, 731.80712890625)","(6.806637287139893, 66.59264373779297, 13.595996856689453)","(0.975753664970398, 75.02965545654297, 16.666790008544922)",POINT (0.5104475915431976 0.7090397775173187),,,,,,,,,,,,,,,,,,,,,,,,,,,,,,,,,,,,,,,,,,,,,,,,,,,1
0,54,18,436689381454,1255758010,1,1,"(0.4800174832344055, 0.7864448428153992)","(0.48077040910720825, 0.7109138369560242)",1,1,2.939682006835937,3.0628814697265625,"(-52.680599212646484, -100.83540344238281, 734.0613403320312)","(13.096677780151367, -99.05494689941406, 731.8259887695312)","(-6.653943061828613, 56.632774353027344, 9.97085189819336)","(-6.393039226531982, 70.4678955078125, 15.006416320800781)",POINT (0.4803939461708069 0.7486793398857117),,,,,,,,,,,,,,,,,,,,,,,,,,,,,,,,,,,,,,,,,,,,,,,,,,,
0,54,18,436689431456,1255808010,1,1,"(0.47927266359329224, 0.7458779215812683)","(0.4736813008785248, 0.7084944248199463)",1,1,3.016357421875,3.05145263671875,"(-52.76482391357422, -100.8006820678711, 733.9282836914062)","(13.005901336669922, -98.99079132080078, 731.8289184570312)","(-6.912062644958496, 64.06348419189453, 12.67540168762207)","(-8.84968090057373, 70.91105651855469, 15.167733192443848)",POINT (0.4764769822359085 0.7271861732006073),,,,,,,,,,,,,,,,,,,,,,,,,,,,,,,,,,,,,,,,,,,,,,,,,,,1
0,54,18,436689448127,1255824681,1,1,"(0.48039138317108154, 0.7404340505599976)","(0.4696497619152069, 0.6854888200759888)",1,1,3.060638427734375,3.0377197265625,"(-52.793060302734375, -100.80596923828125, 733.864013671875)","(12.977412223815918, -98.98915100097656, 731.800537109375)","(-6.524388790130615, 65.06063842773438, 13.038339614868164)","(-10.246747016906738, 75.125, 16.701541900634766)",POINT (0.4750205725431442 0.7129614353179932),,,,,,,,,,,,,,,,,,,,,,,,,,,,,,,,,,,,,,,,,,,,,,,,,,,1
0,54,18,436689464795,1255841348,1,1,"(0.4875665605068207, 0.7629610300064087)","(0.46566516160964966, 0.6975971460342407)",1,1,2.996246337890625,3.0741729736328125,"(-52.82805633544922, -100.80675506591797, 733.9183349609375)","(12.947837829589844, -98.9681396484375, 731.801513671875)","(-4.037932395935059, 60.934329986572266, 11.536519050598145)","(-11.627557754516602, 72.90711975097656, 15.894217491149902)",POINT (0.4766158610582352 0.7302790880203247),,,,,,,,,,,,,,,,,,,,,,,,,,,,,,,,,,,,,,,,,,,,,,,,,,,1
0,54,18,436689514796,1255891348,1,1,"(0.4616289436817169, 0.8149957060813904)","(0.47993043065071106, 0.6906717419624329)",1,1,2.881210327148437,3.029891967773437,"(-52.965030670166016, -100.88435363769531, 734.2716064453125)","(12.8384370803833, -98.9853286743164, 731.8655395507812)","(-13.02625560760498, 51.403079986572266, 8.067424774169922)","(-6.684119701385498, 74.17567443847656, 16.35591697692871)",POINT (0.470779687166214 0.7528337240219116),,,,,,,,,,,,,,,,,,,,,,,,,,,,,,,,,,,,,,,,,,,,,,,,,,,
0,54,18,436689531464,1255908015,1,1,"(0.48396754264831543, 0.7696128487586975)","(0.47861337661743164, 0.7170560359954834)",1,1,3.041122436523437,3.0365447998046875,"(-52.98602294921875, -100.87751770019531, 734.10205078125)","(12.805150985717773, -99.00545501708984, 731.9852905273438)","(-5.285109043121338, 59.71591567993164, 11.093026161193848)","(-7.140513896942139, 69.34281158447266, 14.59695053100586)",POINT (0.4812904596328735 0.7433344423770905),,,,,,,,,,,,,,,,,,,,,,,,,,,,,,,,,,,,,,,,,,,,,,,,,,,1
0,54,18,436689548130,1255924681,1,1,"(0.4875642657279968, 0.7346816658973694)","(0.47856405377388, 0.6973028182983398)",1,1,3.0370025634765625,3.070419311523437,"(-53.00186538696289, -100.89492797851562, 734.068115234375)","(12.781227111816406, -99.02799224853516, 732.0750732421875)","(-4.038702487945557, 66.11428833007812, 13.42189884185791)","(-7.15760612487793, 72.96104431152344, 15.913880348205566)",POINT (0.4830641597509384 0.7159922420978546),,,,,,,,,,,,,,,,,,,,,,,,,,,,,,,,,,,,,,,,,,,,,,,,,,,1
0,54,18,436689564798,1255941348,1,1,"(0.49812135100364685, 1.1925631761550903)","(0.4765093922615051, 0.7063741683959961)",1,1,2.131195068359375,3.0351715087890625,"(-53.056488037109375, -100.9235610961914, 734.2699584960938)","(12.757116317749023, -99.03765106201172, 732.0318603515625)","(-0.3803024888038635, -17.75642967224121, -17.104604721069336)","(-7.869640827178955, 71.29942321777344, 15.309081077575684)",POINT (0.487315371632576 0.9494686722755432),,,,,,,,,,,,,,,,,,,,,,,,,,,,,,,,,,,,,,,,,,,,,,,,,,,
0,54,18,436689581470,1255958020,1,1,"(0.5251641273498535, 1.1514536142349243)","(0.47079241275787354, 0.7189579010009766)",1,1,2.136322021484375,3.0569610595703125,"(-53.09965896606445, -100.95171356201172, 734.5188598632812)","(12.742325782775879, -99.03632354736328, 732.1063232421875)","(8.991009712219238, -10.226326942443848, -14.363875389099121)","(-9.850774765014648, 68.99443054199219, 14.47019100189209)",POINT (0.4979782700538635 0.9352057576179504),,,,,,,,,,,,,,,,,,,,,,,,,,,,,,,,,,,,,,,,,,,,,,,,,,,
0,54,18,436689614804,1255991353,1,1,"(0.4922460615634918, 1.4437462091445923)","(0.46974676847457886, 0.7051257491111755)",1,1,1.496002197265625,3.0360260009765625,"(-53.116172790527344, -100.97016906738281, 734.5309448242188)","(12.732275009155273, -99.06147003173828, 732.2991943359375)","(-2.4162979125976562, -63.765953063964844, -33.85068130493164)","(-10.21313190460205, 71.52810668945312, 15.392298698425293)",POINT (0.4809964150190353 1.074435979127884),,,,,,,,,,,,,,,,,,,,,,,,,,,,,,,,,,,,,,,,,,,,,,,,,,,
0,54,18,436689748146,1256124691,1,1,"(0.4814818799495697, 1.1882177591323853)","(0.4729112982749939, 0.7695850133895874)",1,1,2.079574584960937,2.999481201171875,"(-53.222190856933594, -101.12688446044922, 734.8310546875)","(12.607183456420898, -99.12451934814453, 732.7337646484375)","(-6.146486282348633, -16.96048355102539, -16.81485939025879)","(-9.116506576538086, 59.72101974487305, 11.0949125289917)",POINT (0.4771965891122818 0.9789013862609863),,,,,,,,,,,,,,,,,,,,,,,,,,,,,,,,,,,,,,,,,,,,,,,,,,,
0,54,18,436689814814,1256191356,1,1,"(0.46868664026260376, 1.1650809049606323)","(0.4614987075328827, 0.7457319498062134)",1,1,2.12689208984375,3.056243896484375,"(-53.12891387939453, -101.13060760498047, 735.0128173828125)","(12.713785171508789, -99.11685943603516, 732.536865234375)","(-10.580491065979004, -12.722482681274414, -15.27237319946289)","(-13.071385383605957, 64.09020233154297, 12.685173988342285)",POINT (0.4650926738977432 0.9554064273834229),,,,,,,,,,,,,,,,,,,,,,,,,,,,,,,,,,,,,,,,,,,,,,,,,,,
0,54,18,436689864821,1256241362,1,1,"(0.5165531635284424, 0.9564071893692017)","(0.47692060470581055, 0.769463062286377)",1,1,2.5531005859375,2.985992431640625,"(-52.876678466796875, -100.97892761230469, 734.7806396484375)","(12.962763786315918, -99.10250854492188, 732.6741943359375)","(6.006998062133789, 25.500545501708984, -1.360303282737732)","(-7.727126121520996, 59.74335479736328, 11.103006362915039)",POINT (0.4967368841171265 0.8629351258277893),,,,,,,,,,,,,,,,,,,,,,,,,,,,,,,,,,,,,,,,,,,,,,,,,,,1
0,54,18,436689898155,1256274695,1,1,"(0.503415048122406, 1.0993884801864624)","(0.5017465353012085, 0.7735898494720459)",1,1,2.279937744140625,2.9771270751953125,"(-52.76755142211914, -100.9530258178711, 735.160400390625)","(13.083818435668945, -99.10615539550781, 732.8172607421875)","(1.4541572332382202, -0.6894922852516174, -10.892741203308105)","(0.8759719729423523, 58.98744583129883, 10.827897071838379)",POINT (0.5025807917118073 0.9364891648292542),,,,,,,,,,,,,,,,,,,,,,,,,,,,,,,,,,,,,,,,,,,,,,,,,,,
0,54,18,436689931489,1256308028,1,1,"(0.5455967783927917, 1.1346579790115356)","(0.4709639251232147, 0.7851539254188538)",1,1,2.26123046875,3.0128936767578125,"(-52.7232780456543, -100.96011352539062, 735.2740478515625)","(13.149863243103027, -99.11447143554688, 732.8145751953125)","(16.07166862487793, -7.149877548217773, -13.24411392211914)","(-9.791324615478516, 56.86922073364258, 10.056946754455566)",POINT (0.5082803517580032 0.9599059522151947),,,,,,,,,,,,,,,,,,,,,,,,,,,,,,,,,,,,,,,,,,,,,,,,,,,
0,54,18,436690098168,1256474702,1,1,"(0.46759888529777527, 1.0924347639083862)","(0.4570748507976532, 0.8227435946464539)",1,1,2.390365600585937,3.112411499023437,"(-52.716102600097656, -100.95707702636719, 735.1544189453125)","(13.170755386352539, -99.10731506347656, 732.7843017578125)","(-10.957423210144043, 0.5842287540435791, -10.429155349731445)","(-14.60441780090332, 49.983890533447266, 7.55084753036499)",POINT (0.4623368680477142 0.95758917927742),,,,,,,,,,,,,,,,,,,,,,,,,,,,,,,,,,,,,,,,,,,,,,,,,,,
0,54,18,436690114838,1256491371,1,1,"(0.6055331826210022, 1.0954138040542603)","(0.451180100440979, 0.8067812919616699)",1,1,2.3042144775390625,3.004669189453125,"(-52.70344161987305, -100.9405288696289, 735.03564453125)","(13.172191619873047, -99.10182189941406, 732.7841796875)","(36.84184265136719, 0.038532063364982605, -10.627737998962402)","(-16.647159576416016, 52.90773391723633, 8.615032196044922)",POINT (0.5283566415309906 0.9510975480079651),,,,,,,,,,,,,,,,,,,,,,,,,,,,,,,,,,,,,,,,,,,,,,,,,,,
0,54,18,436690214840,1256591371,1,1,"(0.5102558135986328, 1.222971796989441)","(0.4872972369194031, 0.8752933740615845)",1,1,2.0573883056640625,2.8306121826171875,"(-52.860618591308594, -100.98519134521484, 734.8890380859375)","(13.029998779296875, -99.09896087646484, 732.5087890625)","(3.82474684715271, -23.32643699645996, -19.131908416748047)","(-4.13124942779541, 40.3582878112793, 4.047430515289307)",POINT (0.4987765252590179 1.0491325855255127),,,,,,,,,,,,,,,,,,,,,,,,,,,,,,,,,,,,,,,,,,,,,,,,,,,
0,54,18,436690398187,1256774711,1,1,"(0.45379310846328735, 1.2037602663040161)","(0.4885258376598358, 0.8116239905357361)",1,1,2.16046142578125,3.07720947265625,"(-52.9479866027832, -100.94673156738281, 734.7412109375)","(12.963069915771484, -99.1448974609375, 732.4232177734375)","(-15.741650581359863, -19.807430267333984, -17.851032257080078)","(-3.7054967880249023, 52.020687103271484, 8.292153358459473)",POINT (0.4711594730615616 1.007692128419876),,,,,,,,,,,,,,,,,,,,,,,,,,,,,,,,,,,,,,,,,,,,,,,,,,,
0,54,18,436690448188,1256824711,1,1,"(0.49605414271354675, 1.2148962020874023)","(0.45450225472450256, 0.8411454558372498)",1,1,2.21295166015625,3.1045684814453125,"(-52.979705810546875, -101.0192642211914, 734.7642822265625)","(12.93670654296875, -99.19441223144531, 732.2164306640625)","(-1.0966548919677734, -21.847211837768555, -18.593515396118164)","(-15.495905876159668, 46.613197326660156, 6.324050426483154)",POINT (0.4752781987190247 1.028020828962326),,,,,,,,,,,,,,,,,,,,,,,,,,,,,,,,,,,,,,,,,,,,,,,,,,,
0,54,18,436690481522,1256858044,1,1,"(0.5383898019790649, 1.1805623769760132)","(0.4556810259819031, 0.8364793062210083)",1,1,2.160400390625,3.049407958984375,"(-52.94419860839844, -101.03068542480469, 734.5294799804688)","(12.960854530334473, -99.23505401611328, 732.2598876953125)","(13.574193000793457, -15.558219909667969, -16.304550170898438)","(-15.087418556213379, 47.46790313720703, 6.635127544403076)",POINT (0.497035413980484 1.0085208415985107),,,,,,,,,,,,,,,,,,,,,,,,,,,,,,,,,,,,,,,,,,,,,,,,,,,
