,pid,stimulus_number,coordinates,current_time,current_time1,geometry,int.1,-----------.1,afunc.1,const.1,-----------.2,-----------.3,-----------.4,std::vector<int>.1,numbers.1,int.2,output.1,=.1,0.1,for.1,int.3,num.1,-----------.5,numbers.2,if.1,num.2,%.1,2.1,==.1,0.2,&&.1,num.3,%.2,4.1,==.2,0.3,-----------.9,output.2,+=.1,num.4,*.1,num.5,*.2,num.6,Â .1,-----------.12,-----------.13,return.1,output.3,-----------.14,question,code,choices
0,3,19,"{'x': 724.3188043616345, 'y': 569.868691633316, 'elapsedTime': 39506.80000001192}",429959189258,1856662290,POINT (0.3772493772716847 0.527656195956774),,,,,,,,,,,,,,,,,,,,,,,,,,,,,,,,,,,,,,,,,,,,,,1,
0,3,19,"{'x': 724.3188043616345, 'y': 569.868691633316, 'elapsedTime': 39506.80000001192}",429959205929,1856678960,POINT (0.3772493772716847 0.527656195956774),,,,,,,,,,,,,,,,,,,,,,,,,,,,,,,,,,,,,,,,,,,,,,1,
0,3,19,"{'x': 724.3188043616345, 'y': 569.868691633316, 'elapsedTime': 39506.80000001192}",429959222596,1856695627,POINT (0.3772493772716847 0.527656195956774),,,,,,,,,,,,,,,,,,,,,,,,,,,,,,,,,,,,,,,,,,,,,,1,
0,3,19,"{'x': 724.3188043616345, 'y': 569.868691633316, 'elapsedTime': 39506.80000001192}",429959239264,1856712294,POINT (0.3772493772716847 0.527656195956774),,,,,,,,,,,,,,,,,,,,,,,,,,,,,,,,,,,,,,,,,,,,,,1,
0,3,19,"{'x': 724.3188043616345, 'y': 569.868691633316, 'elapsedTime': 39506.80000001192}",429959255930,1856728960,POINT (0.3772493772716847 0.527656195956774),,,,,,,,,,,,,,,,,,,,,,,,,,,,,,,,,,,,,,,,,,,,,,1,
0,3,19,"{'x': 724.3188043616345, 'y': 569.868691633316, 'elapsedTime': 39506.80000001192}",429959272598,1856745627,POINT (0.3772493772716847 0.527656195956774),,,,,,,,,,,,,,,,,,,,,,,,,,,,,,,,,,,,,,,,,,,,,,1,
0,3,19,"{'x': 724.3188043616345, 'y': 569.868691633316, 'elapsedTime': 39506.80000001192}",429959289264,1856762293,POINT (0.3772493772716847 0.527656195956774),,,,,,,,,,,,,,,,,,,,,,,,,,,,,,,,,,,,,,,,,,,,,,1,
0,3,19,"{'x': 724.3188043616345, 'y': 569.868691633316, 'elapsedTime': 39506.80000001192}",429959305932,1856778960,POINT (0.3772493772716847 0.527656195956774),,,,,,,,,,,,,,,,,,,,,,,,,,,,,,,,,,,,,,,,,,,,,,1,
0,3,19,"{'x': 724.3188043616345, 'y': 569.868691633316, 'elapsedTime': 39506.80000001192}",429959322599,1856795627,POINT (0.3772493772716847 0.527656195956774),,,,,,,,,,,,,,,,,,,,,,,,,,,,,,,,,,,,,,,,,,,,,,1,
0,3,19,"{'x': 724.3188043616345, 'y': 569.868691633316, 'elapsedTime': 39506.80000001192}",429959339272,1856812299,POINT (0.3772493772716847 0.527656195956774),,,,,,,,,,,,,,,,,,,,,,,,,,,,,,,,,,,,,,,,,,,,,,1,
0,3,19,"{'x': 724.3188043616345, 'y': 569.868691633316, 'elapsedTime': 39506.80000001192}",429959355939,1856828966,POINT (0.3772493772716847 0.527656195956774),,,,,,,,,,,,,,,,,,,,,,,,,,,,,,,,,,,,,,,,,,,,,,1,
0,3,19,"{'x': 724.3188043616345, 'y': 569.868691633316, 'elapsedTime': 39506.80000001192}",429959372607,1856845633,POINT (0.3772493772716847 0.527656195956774),,,,,,,,,,,,,,,,,,,,,,,,,,,,,,,,,,,,,,,,,,,,,,1,
0,3,19,"{'x': 724.3188043616345, 'y': 569.868691633316, 'elapsedTime': 39506.80000001192}",429959389273,1856862299,POINT (0.3772493772716847 0.527656195956774),,,,,,,,,,,,,,,,,,,,,,,,,,,,,,,,,,,,,,,,,,,,,,1,
0,3,19,"{'x': 724.3188043616345, 'y': 569.868691633316, 'elapsedTime': 39506.80000001192}",429959405941,1856878966,POINT (0.3772493772716847 0.527656195956774),,,,,,,,,,,,,,,,,,,,,,,,,,,,,,,,,,,,,,,,,,,,,,1,
0,3,19,"{'x': 724.3188043616345, 'y': 569.868691633316, 'elapsedTime': 39506.80000001192}",429959422609,1856895633,POINT (0.3772493772716847 0.527656195956774),,,,,,,,,,,,,,,,,,,,,,,,,,,,,,,,,,,,,,,,,,,,,,1,
0,3,19,"{'x': 724.3188043616345, 'y': 569.868691633316, 'elapsedTime': 39506.80000001192}",429959439276,1856912299,POINT (0.3772493772716847 0.527656195956774),,,,,,,,,,,,,,,,,,,,,,,,,,,,,,,,,,,,,,,,,,,,,,1,
0,3,19,"{'x': 724.3188043616345, 'y': 569.868691633316, 'elapsedTime': 39506.80000001192}",429959455943,1856928966,POINT (0.3772493772716847 0.527656195956774),,,,,,,,,,,,,,,,,,,,,,,,,,,,,,,,,,,,,,,,,,,,,,1,
0,3,19,"{'x': 724.3188043616345, 'y': 569.868691633316, 'elapsedTime': 39506.80000001192}",429959472614,1856945636,POINT (0.3772493772716847 0.527656195956774),,,,,,,,,,,,,,,,,,,,,,,,,,,,,,,,,,,,,,,,,,,,,,1,
0,3,19,"{'x': 724.3188043616345, 'y': 569.868691633316, 'elapsedTime': 39506.80000001192}",429959489280,1856962302,POINT (0.3772493772716847 0.527656195956774),,,,,,,,,,,,,,,,,,,,,,,,,,,,,,,,,,,,,,,,,,,,,,1,
0,3,19,"{'x': 724.3188043616345, 'y': 569.868691633316, 'elapsedTime': 39506.80000001192}",429959505948,1856978969,POINT (0.3772493772716847 0.527656195956774),,,,,,,,,,,,,,,,,,,,,,,,,,,,,,,,,,,,,,,,,,,,,,1,
0,3,19,"{'x': 724.3188043616345, 'y': 569.868691633316, 'elapsedTime': 39506.80000001192}",429959522615,1856995636,POINT (0.3772493772716847 0.527656195956774),,,,,,,,,,,,,,,,,,,,,,,,,,,,,,,,,,,,,,,,,,,,,,1,
0,3,19,"{'x': 724.3188043616345, 'y': 569.868691633316, 'elapsedTime': 39506.80000001192}",429959539282,1857012302,POINT (0.3772493772716847 0.527656195956774),,,,,,,,,,,,,,,,,,,,,,,,,,,,,,,,,,,,,,,,,,,,,,1,
0,3,19,"{'x': 724.3188043616345, 'y': 569.868691633316, 'elapsedTime': 39506.80000001192}",429959555949,1857028969,POINT (0.3772493772716847 0.527656195956774),,,,,,,,,,,,,,,,,,,,,,,,,,,,,,,,,,,,,,,,,,,,,,1,
0,3,19,"{'x': 724.3188043616345, 'y': 569.868691633316, 'elapsedTime': 39506.80000001192}",429959572617,1857045636,POINT (0.3772493772716847 0.527656195956774),,,,,,,,,,,,,,,,,,,,,,,,,,,,,,,,,,,,,,,,,,,,,,1,
0,3,19,"{'x': 724.3188043616345, 'y': 569.868691633316, 'elapsedTime': 39506.80000001192}",429959589284,1857062303,POINT (0.3772493772716847 0.527656195956774),,,,,,,,,,,,,,,,,,,,,,,,,,,,,,,,,,,,,,,,,,,,,,1,
0,3,19,"{'x': 724.3188043616345, 'y': 569.868691633316, 'elapsedTime': 39506.80000001192}",429959605956,1857078974,POINT (0.3772493772716847 0.527656195956774),,,,,,,,,,,,,,,,,,,,,,,,,,,,,,,,,,,,,,,,,,,,,,1,
0,3,19,"{'x': 724.3188043616345, 'y': 569.868691633316, 'elapsedTime': 39506.80000001192}",429959622624,1857095641,POINT (0.3772493772716847 0.527656195956774),,,,,,,,,,,,,,,,,,,,,,,,,,,,,,,,,,,,,,,,,,,,,,1,
0,3,19,"{'x': 724.3188043616345, 'y': 569.868691633316, 'elapsedTime': 39506.80000001192}",429959639291,1857112308,POINT (0.3772493772716847 0.527656195956774),,,,,,,,,,,,,,,,,,,,,,,,,,,,,,,,,,,,,,,,,,,,,,1,
0,3,19,"{'x': 724.3188043616345, 'y': 569.868691633316, 'elapsedTime': 39506.80000001192}",429959655958,1857128974,POINT (0.3772493772716847 0.527656195956774),,,,,,,,,,,,,,,,,,,,,,,,,,,,,,,,,,,,,,,,,,,,,,1,
0,3,19,"{'x': 724.3188043616345, 'y': 569.868691633316, 'elapsedTime': 39506.80000001192}",429959672625,1857145640,POINT (0.3772493772716847 0.527656195956774),,,,,,,,,,,,,,,,,,,,,,,,,,,,,,,,,,,,,,,,,,,,,,1,
0,3,19,"{'x': 724.3188043616345, 'y': 569.868691633316, 'elapsedTime': 39506.80000001192}",429959689292,1857162307,POINT (0.3772493772716847 0.527656195956774),,,,,,,,,,,,,,,,,,,,,,,,,,,,,,,,,,,,,,,,,,,,,,1,
0,3,19,"{'x': 724.3188043616345, 'y': 569.868691633316, 'elapsedTime': 39506.80000001192}",429959705960,1857178974,POINT (0.3772493772716847 0.527656195956774),,,,,,,,,,,,,,,,,,,,,,,,,,,,,,,,,,,,,,,,,,,,,,1,
0,3,19,"{'x': 724.3188043616345, 'y': 569.868691633316, 'elapsedTime': 39506.80000001192}",429959722627,1857195641,POINT (0.3772493772716847 0.527656195956774),,,,,,,,,,,,,,,,,,,,,,,,,,,,,,,,,,,,,,,,,,,,,,1,
0,3,19,"{'x': 724.3188043616345, 'y': 569.868691633316, 'elapsedTime': 39506.80000001192}",429959739299,1857212312,POINT (0.3772493772716847 0.527656195956774),,,,,,,,,,,,,,,,,,,,,,,,,,,,,,,,,,,,,,,,,,,,,,1,
0,3,19,"{'x': 724.3188043616345, 'y': 569.868691633316, 'elapsedTime': 39506.80000001192}",429959755966,1857228979,POINT (0.3772493772716847 0.527656195956774),,,,,,,,,,,,,,,,,,,,,,,,,,,,,,,,,,,,,,,,,,,,,,1,
0,3,19,"{'x': 724.3188043616345, 'y': 569.868691633316, 'elapsedTime': 39506.80000001192}",429959772633,1857245645,POINT (0.3772493772716847 0.527656195956774),,,,,,,,,,,,,,,,,,,,,,,,,,,,,,,,,,,,,,,,,,,,,,1,
0,3,19,"{'x': 724.3188043616345, 'y': 569.868691633316, 'elapsedTime': 39506.80000001192}",429959789300,1857262312,POINT (0.3772493772716847 0.527656195956774),,,,,,,,,,,,,,,,,,,,,,,,,,,,,,,,,,,,,,,,,,,,,,1,
0,3,19,"{'x': 724.3188043616345, 'y': 569.868691633316, 'elapsedTime': 39506.80000001192}",429959805968,1857278979,POINT (0.3772493772716847 0.527656195956774),,,,,,,,,,,,,,,,,,,,,,,,,,,,,,,,,,,,,,,,,,,,,,1,
0,3,19,"{'x': 724.3188043616345, 'y': 569.868691633316, 'elapsedTime': 39506.80000001192}",429959822635,1857295646,POINT (0.3772493772716847 0.527656195956774),,,,,,,,,,,,,,,,,,,,,,,,,,,,,,,,,,,,,,,,,,,,,,1,
0,3,19,"{'x': 724.3188043616345, 'y': 569.868691633316, 'elapsedTime': 39506.80000001192}",429959839303,1857312312,POINT (0.3772493772716847 0.527656195956774),,,,,,,,,,,,,,,,,,,,,,,,,,,,,,,,,,,,,,,,,,,,,,1,
0,3,19,"{'x': 724.3188043616345, 'y': 569.868691633316, 'elapsedTime': 39506.80000001192}",429959855970,1857328979,POINT (0.3772493772716847 0.527656195956774),,,,,,,,,,,,,,,,,,,,,,,,,,,,,,,,,,,,,,,,,,,,,,1,
0,3,19,"{'x': 724.3188043616345, 'y': 569.868691633316, 'elapsedTime': 39506.80000001192}",429959872643,1857345651,POINT (0.3772493772716847 0.527656195956774),,,,,,,,,,,,,,,,,,,,,,,,,,,,,,,,,,,,,,,,,,,,,,1,
0,3,19,"{'x': 724.3188043616345, 'y': 569.868691633316, 'elapsedTime': 39506.80000001192}",429959889310,1857362318,POINT (0.3772493772716847 0.527656195956774),,,,,,,,,,,,,,,,,,,,,,,,,,,,,,,,,,,,,,,,,,,,,,1,
0,3,19,"{'x': 724.3188043616345, 'y': 569.868691633316, 'elapsedTime': 39506.80000001192}",429959905978,1857378985,POINT (0.3772493772716847 0.527656195956774),,,,,,,,,,,,,,,,,,,,,,,,,,,,,,,,,,,,,,,,,,,,,,1,
0,3,19,"{'x': 724.3188043616345, 'y': 569.868691633316, 'elapsedTime': 39506.80000001192}",429959922644,1857395651,POINT (0.3772493772716847 0.527656195956774),,,,,,,,,,,,,,,,,,,,,,,,,,,,,,,,,,,,,,,,,,,,,,1,
0,3,19,"{'x': 724.3188043616345, 'y': 569.868691633316, 'elapsedTime': 39506.80000001192}",429959939314,1857412320,POINT (0.3772493772716847 0.527656195956774),,,,,,,,,,,,,,,,,,,,,,,,,,,,,,,,,,,,,,,,,,,,,,1,
0,3,19,"{'x': 724.3188043616345, 'y': 569.868691633316, 'elapsedTime': 39506.80000001192}",429959955981,1857428987,POINT (0.3772493772716847 0.527656195956774),,,,,,,,,,,,,,,,,,,,,,,,,,,,,,,,,,,,,,,,,,,,,,1,
0,3,19,"{'x': 724.3188043616345, 'y': 569.868691633316, 'elapsedTime': 39506.80000001192}",429959972649,1857445654,POINT (0.3772493772716847 0.527656195956774),,,,,,,,,,,,,,,,,,,,,,,,,,,,,,,,,,,,,,,,,,,,,,1,
0,3,19,"{'x': 724.3188043616345, 'y': 569.868691633316, 'elapsedTime': 39506.80000001192}",429959989317,1857462322,POINT (0.3772493772716847 0.527656195956774),,,,,,,,,,,,,,,,,,,,,,,,,,,,,,,,,,,,,,,,,,,,,,1,
0,3,19,"{'x': 724.3188043616345, 'y': 569.868691633316, 'elapsedTime': 39506.80000001192}",429960005985,1857478989,POINT (0.3772493772716847 0.527656195956774),,,,,,,,,,,,,,,,,,,,,,,,,,,,,,,,,,,,,,,,,,,,,,1,
0,3,19,"{'x': 724.3188043616345, 'y': 569.868691633316, 'elapsedTime': 39506.80000001192}",429960022651,1857495655,POINT (0.3772493772716847 0.527656195956774),,,,,,,,,,,,,,,,,,,,,,,,,,,,,,,,,,,,,,,,,,,,,,1,
0,3,19,"{'x': 724.3188043616345, 'y': 569.868691633316, 'elapsedTime': 39506.80000001192}",429960039319,1857512322,POINT (0.3772493772716847 0.527656195956774),,,,,,,,,,,,,,,,,,,,,,,,,,,,,,,,,,,,,,,,,,,,,,1,
0,3,19,"{'x': 724.3188043616345, 'y': 569.868691633316, 'elapsedTime': 39506.80000001192}",429960055987,1857528989,POINT (0.3772493772716847 0.527656195956774),,,,,,,,,,,,,,,,,,,,,,,,,,,,,,,,,,,,,,,,,,,,,,1,
0,3,19,"{'x': 724.3188043616345, 'y': 569.868691633316, 'elapsedTime': 39506.80000001192}",429960072654,1857545655,POINT (0.3772493772716847 0.527656195956774),,,,,,,,,,,,,,,,,,,,,,,,,,,,,,,,,,,,,,,,,,,,,,1,
0,3,19,"{'x': 724.3188043616345, 'y': 569.868691633316, 'elapsedTime': 39506.80000001192}",429960089321,1857562322,POINT (0.3772493772716847 0.527656195956774),,,,,,,,,,,,,,,,,,,,,,,,,,,,,,,,,,,,,,,,,,,,,,1,
0,3,19,"{'x': 724.3188043616345, 'y': 569.868691633316, 'elapsedTime': 39506.80000001192}",429960105989,1857578989,POINT (0.3772493772716847 0.527656195956774),,,,,,,,,,,,,,,,,,,,,,,,,,,,,,,,,,,,,,,,,,,,,,1,
0,3,19,"{'x': 724.3188043616345, 'y': 569.868691633316, 'elapsedTime': 39506.80000001192}",429960122661,1857595661,POINT (0.3772493772716847 0.527656195956774),,,,,,,,,,,,,,,,,,,,,,,,,,,,,,,,,,,,,,,,,,,,,,1,
0,3,19,"{'x': 724.3188043616345, 'y': 569.868691633316, 'elapsedTime': 39506.80000001192}",429960139329,1857612328,POINT (0.3772493772716847 0.527656195956774),,,,,,,,,,,,,,,,,,,,,,,,,,,,,,,,,,,,,,,,,,,,,,1,
0,3,19,"{'x': 724.3188043616345, 'y': 569.868691633316, 'elapsedTime': 39506.80000001192}",429960155996,1857628995,POINT (0.3772493772716847 0.527656195956774),,,,,,,,,,,,,,,,,,,,,,,,,,,,,,,,,,,,,,,,,,,,,,1,
0,3,19,"{'x': 724.3188043616345, 'y': 569.868691633316, 'elapsedTime': 39506.80000001192}",429960172663,1857645661,POINT (0.3772493772716847 0.527656195956774),,,,,,,,,,,,,,,,,,,,,,,,,,,,,,,,,,,,,,,,,,,,,,1,
0,3,19,"{'x': 724.3188043616345, 'y': 569.868691633316, 'elapsedTime': 39506.80000001192}",429960189330,1857662328,POINT (0.3772493772716847 0.527656195956774),,,,,,,,,,,,,,,,,,,,,,,,,,,,,,,,,,,,,,,,,,,,,,1,
0,3,19,"{'x': 724.3188043616345, 'y': 569.868691633316, 'elapsedTime': 39506.80000001192}",429960205998,1857678995,POINT (0.3772493772716847 0.527656195956774),,,,,,,,,,,,,,,,,,,,,,,,,,,,,,,,,,,,,,,,,,,,,,1,
0,3,19,"{'x': 724.3188043616345, 'y': 569.868691633316, 'elapsedTime': 39506.80000001192}",429960222665,1857695662,POINT (0.3772493772716847 0.527656195956774),,,,,,,,,,,,,,,,,,,,,,,,,,,,,,,,,,,,,,,,,,,,,,1,
0,3,19,"{'x': 724.3188043616345, 'y': 569.868691633316, 'elapsedTime': 39506.80000001192}",429960239332,1857712328,POINT (0.3772493772716847 0.527656195956774),,,,,,,,,,,,,,,,,,,,,,,,,,,,,,,,,,,,,,,,,,,,,,1,
0,3,19,"{'x': 724.3188043616345, 'y': 569.868691633316, 'elapsedTime': 39506.80000001192}",429960256004,1857729000,POINT (0.3772493772716847 0.527656195956774),,,,,,,,,,,,,,,,,,,,,,,,,,,,,,,,,,,,,,,,,,,,,,1,
0,3,19,"{'x': 724.3188043616345, 'y': 569.868691633316, 'elapsedTime': 39506.80000001192}",429960272673,1857745667,POINT (0.3772493772716847 0.527656195956774),,,,,,,,,,,,,,,,,,,,,,,,,,,,,,,,,,,,,,,,,,,,,,1,
0,3,19,"{'x': 724.3188043616345, 'y': 569.868691633316, 'elapsedTime': 39506.80000001192}",429960289340,1857762334,POINT (0.3772493772716847 0.527656195956774),,,,,,,,,,,,,,,,,,,,,,,,,,,,,,,,,,,,,,,,,,,,,,1,
0,3,19,"{'x': 724.3188043616345, 'y': 569.868691633316, 'elapsedTime': 39506.80000001192}",429960306008,1857779001,POINT (0.3772493772716847 0.527656195956774),,,,,,,,,,,,,,,,,,,,,,,,,,,,,,,,,,,,,,,,,,,,,,1,
0,3,19,"{'x': 724.3188043616345, 'y': 569.868691633316, 'elapsedTime': 39506.80000001192}",429960322674,1857795667,POINT (0.3772493772716847 0.527656195956774),,,,,,,,,,,,,,,,,,,,,,,,,,,,,,,,,,,,,,,,,,,,,,1,
0,3,19,"{'x': 724.3188043616345, 'y': 569.868691633316, 'elapsedTime': 39506.80000001192}",429960339340,1857812332,POINT (0.3772493772716847 0.527656195956774),,,,,,,,,,,,,,,,,,,,,,,,,,,,,,,,,,,,,,,,,,,,,,1,
0,3,19,"{'x': 724.3188043616345, 'y': 569.868691633316, 'elapsedTime': 39506.80000001192}",429960356006,1857828998,POINT (0.3772493772716847 0.527656195956774),,,,,,,,,,,,,,,,,,,,,,,,,,,,,,,,,,,,,,,,,,,,,,1,
0,3,19,"{'x': 724.3188043616345, 'y': 569.868691633316, 'elapsedTime': 39506.80000001192}",429960372676,1857845667,POINT (0.3772493772716847 0.527656195956774),,,,,,,,,,,,,,,,,,,,,,,,,,,,,,,,,,,,,,,,,,,,,,1,
0,3,19,"{'x': 724.3188043616345, 'y': 569.868691633316, 'elapsedTime': 39506.80000001192}",429960389348,1857862339,POINT (0.3772493772716847 0.527656195956774),,,,,,,,,,,,,,,,,,,,,,,,,,,,,,,,,,,,,,,,,,,,,,1,
0,3,19,"{'x': 724.3188043616345, 'y': 569.868691633316, 'elapsedTime': 39506.80000001192}",429960406015,1857879005,POINT (0.3772493772716847 0.527656195956774),,,,,,,,,,,,,,,,,,,,,,,,,,,,,,,,,,,,,,,,,,,,,,1,
0,3,19,"{'x': 724.3188043616345, 'y': 569.868691633316, 'elapsedTime': 39506.80000001192}",429960422682,1857895672,POINT (0.3772493772716847 0.527656195956774),,,,,,,,,,,,,,,,,,,,,,,,,,,,,,,,,,,,,,,,,,,,,,1,
0,3,19,"{'x': 724.3188043616345, 'y': 569.868691633316, 'elapsedTime': 39506.80000001192}",429960439350,1857912339,POINT (0.3772493772716847 0.527656195956774),,,,,,,,,,,,,,,,,,,,,,,,,,,,,,,,,,,,,,,,,,,,,,1,
0,3,19,"{'x': 724.3188043616345, 'y': 569.868691633316, 'elapsedTime': 39506.80000001192}",429960456015,1857929003,POINT (0.3772493772716847 0.527656195956774),,,,,,,,,,,,,,,,,,,,,,,,,,,,,,,,,,,,,,,,,,,,,,1,
0,3,19,"{'x': 724.3188043616345, 'y': 569.868691633316, 'elapsedTime': 39506.80000001192}",429960472682,1857945670,POINT (0.3772493772716847 0.527656195956774),,,,,,,,,,,,,,,,,,,,,,,,,,,,,,,,,,,,,,,,,,,,,,1,
0,3,19,"{'x': 724.3188043616345, 'y': 569.868691633316, 'elapsedTime': 39506.80000001192}",429960489351,1857962337,POINT (0.3772493772716847 0.527656195956774),,,,,,,,,,,,,,,,,,,,,,,,,,,,,,,,,,,,,,,,,,,,,,1,
0,3,19,"{'x': 724.3188043616345, 'y': 569.868691633316, 'elapsedTime': 39506.80000001192}",429960506017,1857979003,POINT (0.3772493772716847 0.527656195956774),,,,,,,,,,,,,,,,,,,,,,,,,,,,,,,,,,,,,,,,,,,,,,1,
0,3,19,"{'x': 724.3188043616345, 'y': 569.868691633316, 'elapsedTime': 39506.80000001192}",429960522688,1857995673,POINT (0.3772493772716847 0.527656195956774),,,,,,,,,,,,,,,,,,,,,,,,,,,,,,,,,,,,,,,,,,,,,,1,
0,3,19,"{'x': 724.3188043616345, 'y': 569.868691633316, 'elapsedTime': 39506.80000001192}",429960539355,1858012340,POINT (0.3772493772716847 0.527656195956774),,,,,,,,,,,,,,,,,,,,,,,,,,,,,,,,,,,,,,,,,,,,,,1,
0,3,19,"{'x': 724.3188043616345, 'y': 569.868691633316, 'elapsedTime': 39506.80000001192}",429960556023,1858029007,POINT (0.3772493772716847 0.527656195956774),,,,,,,,,,,,,,,,,,,,,,,,,,,,,,,,,,,,,,,,,,,,,,1,
0,3,19,"{'x': 724.3188043616345, 'y': 569.868691633316, 'elapsedTime': 39506.80000001192}",429960572689,1858045673,POINT (0.3772493772716847 0.527656195956774),,,,,,,,,,,,,,,,,,,,,,,,,,,,,,,,,,,,,,,,,,,,,,1,
0,3,19,"{'x': 724.3188043616345, 'y': 569.868691633316, 'elapsedTime': 39506.80000001192}",429960589357,1858062340,POINT (0.3772493772716847 0.527656195956774),,,,,,,,,,,,,,,,,,,,,,,,,,,,,,,,,,,,,,,,,,,,,,1,
0,3,19,"{'x': 724.3188043616345, 'y': 569.868691633316, 'elapsedTime': 39506.80000001192}",429960606023,1858079006,POINT (0.3772493772716847 0.527656195956774),,,,,,,,,,,,,,,,,,,,,,,,,,,,,,,,,,,,,,,,,,,,,,1,
0,3,19,"{'x': 724.3188043616345, 'y': 569.868691633316, 'elapsedTime': 39506.80000001192}",429960622691,1858095673,POINT (0.3772493772716847 0.527656195956774),,,,,,,,,,,,,,,,,,,,,,,,,,,,,,,,,,,,,,,,,,,,,,1,
0,3,19,"{'x': 724.3188043616345, 'y': 569.868691633316, 'elapsedTime': 39506.80000001192}",429960639358,1858112340,POINT (0.3772493772716847 0.527656195956774),,,,,,,,,,,,,,,,,,,,,,,,,,,,,,,,,,,,,,,,,,,,,,1,
0,3,19,"{'x': 724.3188043616345, 'y': 569.868691633316, 'elapsedTime': 39506.80000001192}",429960656031,1858129012,POINT (0.3772493772716847 0.527656195956774),,,,,,,,,,,,,,,,,,,,,,,,,,,,,,,,,,,,,,,,,,,,,,1,
0,3,19,"{'x': 724.3188043616345, 'y': 569.868691633316, 'elapsedTime': 39506.80000001192}",429960672698,1858145679,POINT (0.3772493772716847 0.527656195956774),,,,,,,,,,,,,,,,,,,,,,,,,,,,,,,,,,,,,,,,,,,,,,1,
0,3,19,"{'x': 724.3188043616345, 'y': 569.868691633316, 'elapsedTime': 39506.80000001192}",429960689366,1858162346,POINT (0.3772493772716847 0.527656195956774),,,,,,,,,,,,,,,,,,,,,,,,,,,,,,,,,,,,,,,,,,,,,,1,
0,3,19,"{'x': 724.3188043616345, 'y': 569.868691633316, 'elapsedTime': 39506.80000001192}",429960706033,1858179012,POINT (0.3772493772716847 0.527656195956774),,,,,,,,,,,,,,,,,,,,,,,,,,,,,,,,,,,,,,,,,,,,,,1,
0,3,19,"{'x': 724.3188043616345, 'y': 569.868691633316, 'elapsedTime': 39506.80000001192}",429960722701,1858195679,POINT (0.3772493772716847 0.527656195956774),,,,,,,,,,,,,,,,,,,,,,,,,,,,,,,,,,,,,,,,,,,,,,1,
0,3,19,"{'x': 724.3188043616345, 'y': 569.868691633316, 'elapsedTime': 39506.80000001192}",429960739368,1858212346,POINT (0.3772493772716847 0.527656195956774),,,,,,,,,,,,,,,,,,,,,,,,,,,,,,,,,,,,,,,,,,,,,,1,
0,3,19,"{'x': 724.3188043616345, 'y': 569.868691633316, 'elapsedTime': 39506.80000001192}",429960756035,1858229012,POINT (0.3772493772716847 0.527656195956774),,,,,,,,,,,,,,,,,,,,,,,,,,,,,,,,,,,,,,,,,,,,,,1,
0,3,19,"{'x': 724.3188043616345, 'y': 569.868691633316, 'elapsedTime': 39506.80000001192}",429960772702,1858245679,POINT (0.3772493772716847 0.527656195956774),,,,,,,,,,,,,,,,,,,,,,,,,,,,,,,,,,,,,,,,,,,,,,1,
0,3,19,"{'x': 724.3188043616345, 'y': 569.868691633316, 'elapsedTime': 39506.80000001192}",429960789374,1858262350,POINT (0.3772493772716847 0.527656195956774),,,,,,,,,,,,,,,,,,,,,,,,,,,,,,,,,,,,,,,,,,,,,,1,
0,3,19,"{'x': 724.3188043616345, 'y': 569.868691633316, 'elapsedTime': 39506.80000001192}",429960806041,1858279017,POINT (0.3772493772716847 0.527656195956774),,,,,,,,,,,,,,,,,,,,,,,,,,,,,,,,,,,,,,,,,,,,,,1,
0,3,19,"{'x': 724.3188043616345, 'y': 569.868691633316, 'elapsedTime': 39506.80000001192}",429960822708,1858295683,POINT (0.3772493772716847 0.527656195956774),,,,,,,,,,,,,,,,,,,,,,,,,,,,,,,,,,,,,,,,,,,,,,1,
0,3,19,"{'x': 724.3188043616345, 'y': 569.868691633316, 'elapsedTime': 39506.80000001192}",429960839374,1858312349,POINT (0.3772493772716847 0.527656195956774),,,,,,,,,,,,,,,,,,,,,,,,,,,,,,,,,,,,,,,,,,,,,,1,
0,3,19,"{'x': 724.3188043616345, 'y': 569.868691633316, 'elapsedTime': 39506.80000001192}",429960856043,1858329017,POINT (0.3772493772716847 0.527656195956774),,,,,,,,,,,,,,,,,,,,,,,,,,,,,,,,,,,,,,,,,,,,,,1,
0,3,19,"{'x': 724.3188043616345, 'y': 569.868691633316, 'elapsedTime': 39506.80000001192}",429960872709,1858345683,POINT (0.3772493772716847 0.527656195956774),,,,,,,,,,,,,,,,,,,,,,,,,,,,,,,,,,,,,,,,,,,,,,1,
0,3,19,"{'x': 724.3188043616345, 'y': 569.868691633316, 'elapsedTime': 39506.80000001192}",429960889378,1858362351,POINT (0.3772493772716847 0.527656195956774),,,,,,,,,,,,,,,,,,,,,,,,,,,,,,,,,,,,,,,,,,,,,,1,
0,3,19,"{'x': 724.3188043616345, 'y': 569.868691633316, 'elapsedTime': 39506.80000001192}",429960906046,1858379019,POINT (0.3772493772716847 0.527656195956774),,,,,,,,,,,,,,,,,,,,,,,,,,,,,,,,,,,,,,,,,,,,,,1,
0,3,19,"{'x': 724.3188043616345, 'y': 569.868691633316, 'elapsedTime': 39506.80000001192}",429960922713,1858395684,POINT (0.3772493772716847 0.527656195956774),,,,,,,,,,,,,,,,,,,,,,,,,,,,,,,,,,,,,,,,,,,,,,1,
0,3,19,"{'x': 724.3188043616345, 'y': 569.868691633316, 'elapsedTime': 39506.80000001192}",429960939380,1858412351,POINT (0.3772493772716847 0.527656195956774),,,,,,,,,,,,,,,,,,,,,,,,,,,,,,,,,,,,,,,,,,,,,,1,
0,3,19,"{'x': 724.3188043616345, 'y': 569.868691633316, 'elapsedTime': 39506.80000001192}",429960956047,1858429017,POINT (0.3772493772716847 0.527656195956774),,,,,,,,,,,,,,,,,,,,,,,,,,,,,,,,,,,,,,,,,,,,,,1,
0,3,19,"{'x': 724.3188043616345, 'y': 569.868691633316, 'elapsedTime': 39506.80000001192}",429960972714,1858445684,POINT (0.3772493772716847 0.527656195956774),,,,,,,,,,,,,,,,,,,,,,,,,,,,,,,,,,,,,,,,,,,,,,1,
0,3,19,"{'x': 724.3188043616345, 'y': 569.868691633316, 'elapsedTime': 39506.80000001192}",429960989381,1858462350,POINT (0.3772493772716847 0.527656195956774),,,,,,,,,,,,,,,,,,,,,,,,,,,,,,,,,,,,,,,,,,,,,,1,
0,3,19,"{'x': 724.3188043616345, 'y': 569.868691633316, 'elapsedTime': 39506.80000001192}",429961006049,1858479018,POINT (0.3772493772716847 0.527656195956774),,,,,,,,,,,,,,,,,,,,,,,,,,,,,,,,,,,,,,,,,,,,,,1,
0,3,19,"{'x': 724.3188043616345, 'y': 569.868691633316, 'elapsedTime': 39506.80000001192}",429961022716,1858495684,POINT (0.3772493772716847 0.527656195956774),,,,,,,,,,,,,,,,,,,,,,,,,,,,,,,,,,,,,,,,,,,,,,1,
0,3,19,"{'x': 724.3188043616345, 'y': 569.868691633316, 'elapsedTime': 39506.80000001192}",429961039389,1858512357,POINT (0.3772493772716847 0.527656195956774),,,,,,,,,,,,,,,,,,,,,,,,,,,,,,,,,,,,,,,,,,,,,,1,
0,3,19,"{'x': 724.3188043616345, 'y': 569.868691633316, 'elapsedTime': 39506.80000001192}",429961056058,1858529025,POINT (0.3772493772716847 0.527656195956774),,,,,,,,,,,,,,,,,,,,,,,,,,,,,,,,,,,,,,,,,,,,,,1,
0,3,19,"{'x': 724.3188043616345, 'y': 569.868691633316, 'elapsedTime': 39506.80000001192}",429961072724,1858545691,POINT (0.3772493772716847 0.527656195956774),,,,,,,,,,,,,,,,,,,,,,,,,,,,,,,,,,,,,,,,,,,,,,1,
0,3,19,"{'x': 724.3188043616345, 'y': 569.868691633316, 'elapsedTime': 39506.80000001192}",429961089392,1858562358,POINT (0.3772493772716847 0.527656195956774),,,,,,,,,,,,,,,,,,,,,,,,,,,,,,,,,,,,,,,,,,,,,,1,
0,3,19,"{'x': 724.3188043616345, 'y': 569.868691633316, 'elapsedTime': 39506.80000001192}",429961106058,1858579024,POINT (0.3772493772716847 0.527656195956774),,,,,,,,,,,,,,,,,,,,,,,,,,,,,,,,,,,,,,,,,,,,,,1,
0,3,19,"{'x': 724.3188043616345, 'y': 569.868691633316, 'elapsedTime': 39506.80000001192}",429961122726,1858595691,POINT (0.3772493772716847 0.527656195956774),,,,,,,,,,,,,,,,,,,,,,,,,,,,,,,,,,,,,,,,,,,,,,1,
0,3,19,"{'x': 724.3188043616345, 'y': 569.868691633316, 'elapsedTime': 39506.80000001192}",429961139394,1858612358,POINT (0.3772493772716847 0.527656195956774),,,,,,,,,,,,,,,,,,,,,,,,,,,,,,,,,,,,,,,,,,,,,,1,
0,3,19,"{'x': 500.40834276090266, 'y': 499.9008616656601, 'elapsedTime': 32.89999997615814}",429961156061,1858629024,POINT (0.2606293451879702 0.4628711682089445),,,,,,,,,,,,,,,,,,,,,,,,,,,,,,,,,,,,,,,,,,,,,,,
0,3,19,"{'x': 500.40834276090266, 'y': 499.9008616656601, 'elapsedTime': 32.89999997615814}",429961172733,1858645696,POINT (0.2606293451879702 0.4628711682089445),,,,,,,,,,,,,,,,,,,,,,,,,,,,,,,,,,,,,,,,,,,,,,,
0,3,19,"{'x': 500.40834276090266, 'y': 499.9008616656601, 'elapsedTime': 32.89999997615814}",429961189401,1858662363,POINT (0.2606293451879702 0.4628711682089445),,,,,,,,,,,,,,,,,,,,,,,,,,,,,,,,,,,,,,,,,,,,,,,
0,3,19,"{'x': 502.3423868875387, 'y': 498.24811191758204, 'elapsedTime': 1112.0999999642372}",429961206067,1858679029,POINT (0.2616366598372598 0.4613408443681315),,,,,,,,,,,,,,,,,,,,,,,,,,,,,,,,,,,,,,,,,,,,,,,
0,3,19,"{'x': 502.3423868875387, 'y': 498.24811191758204, 'elapsedTime': 1112.0999999642372}",429961222735,1858695696,POINT (0.2616366598372598 0.4613408443681315),,,,,,,,,,,,,,,,,,,,,,,,,,,,,,,,,,,,,,,,,,,,,,,
0,3,19,"{'x': 508.87384915554514, 'y': 493.3583561170648, 'elapsedTime': 1158.300000011921}",429961239403,1858712363,POINT (0.2650384631018464 0.4568132927009859),,,,,,,,,,,,,,,,,,,,,,,,,,,,,,,,,,,,,,,,,,,,,,,
0,3,19,"{'x': 508.87384915554514, 'y': 493.3583561170648, 'elapsedTime': 1158.300000011921}",429961256069,1858729029,POINT (0.2650384631018464 0.4568132927009859),,,,,,,,,,,,,,,,,,,,,,,,,,,,,,,,,,,,,,,,,,,,,,,
0,3,19,"{'x': 532.1279432371872, 'y': 485.7326464862523, 'elapsedTime': 1199.0999999642372}",429961272737,1858745696,POINT (0.277149970436035 0.4497524504502336),,,,,,,,,,,,,,,,,,,,,,,,,,,,,,,,,,,,,,,,,,,,,,,
0,3,19,"{'x': 532.1279432371872, 'y': 485.7326464862523, 'elapsedTime': 1199.0999999642372}",429961289404,1858762363,POINT (0.277149970436035 0.4497524504502336),,,,,,,,,,,,,,,,,,,,,,,,,,,,,,,,,,,,,,,,,,,,,,,
0,3,19,"{'x': 570.1757860050013, 'y': 484.3771250814341, 'elapsedTime': 1236.300000011921}",429961306077,1858779035,POINT (0.2969665552109382 0.4484973380383649),,,,,,,,,,,,,,,,,,,,,,,,,,,,,,,,,,,,,,,,,,,,,,,
0,3,19,"{'x': 570.1757860050013, 'y': 484.3771250814341, 'elapsedTime': 1236.300000011921}",429961322744,1858795702,POINT (0.2969665552109382 0.4484973380383649),,,,,,,,,,,,,,,,,,,,,,,,,,,,,,,,,,,,,,,,,,,,,,,
0,3,19,"{'x': 570.1757860050013, 'y': 484.3771250814341, 'elapsedTime': 1236.300000011921}",429961339411,1858812368,POINT (0.2969665552109382 0.4484973380383649),,,,,,,,,,,,,,,,,,,,,,,,,,,,,,,,,,,,,,,,,,,,,,,
0,3,19,"{'x': 616.0912802842462, 'y': 448.91904301319977, 'elapsedTime': 1272.5}",429961356079,1858829035,POINT (0.3208808751480449 0.4156657805677776),,,,,,,,,,,,,,,,,,,,,,,,,,,,,,,,,,,,,,,,,,,,,,,
0,3,19,"{'x': 616.0912802842462, 'y': 448.91904301319977, 'elapsedTime': 1272.5}",429961372746,1858845702,POINT (0.3208808751480449 0.4156657805677776),,,,,,,,,,,,,,,,,,,,,,,,,,,,,,,,,,,,,,,,,,,,,,,
0,3,19,"{'x': 654.2539079049432, 'y': 400.4909343021908, 'elapsedTime': 1308.800000011921}",429961389413,1858862368,POINT (0.3407572437004912 0.3708249391686952),,,,,,,,,,,,,,,,,,,,,,,,,,,,,,,,,,,,,,,,,,,,,,,
0,3,19,"{'x': 654.2539079049432, 'y': 400.4909343021908, 'elapsedTime': 1308.800000011921}",429961406080,1858879035,POINT (0.3407572437004912 0.3708249391686952),,,,,,,,,,,,,,,,,,,,,,,,,,,,,,,,,,,,,,,,,,,,,,,
0,3,19,"{'x': 748.2671147436184, 'y': 353.77024967375496, 'elapsedTime': 1354.5999999642372}",429961422747,1858895701,POINT (0.3897224555956346 0.3275650459942175),,,,,,,,,,,,,,,,,,,,,,,,,,,,,,,,,,,,,,,,,,,,,,1,
0,3,19,"{'x': 748.2671147436184, 'y': 353.77024967375496, 'elapsedTime': 1354.5999999642372}",429961439418,1858912371,POINT (0.3897224555956346 0.3275650459942175),,,,,,,,,,,,,,,,,,,,,,,,,,,,,,,,,,,,,,,,,,,,,,1,
0,3,19,"{'x': 748.2671147436184, 'y': 353.77024967375496, 'elapsedTime': 1354.5999999642372}",429961456085,1858929038,POINT (0.3897224555956346 0.3275650459942175),,,,,,,,,,,,,,,,,,,,,,,,,,,,,,,,,,,,,,,,,,,,,,1,
0,3,19,"{'x': 846.8335081424918, 'y': 352.0129242830746, 'elapsedTime': 1392.800000011921}",429961472752,1858945704,POINT (0.4410591188242145 0.3259378928546987),,,,,,,,,,,,,,,,,,,,,,,,,,,,,,,,,,,,,,,,,,,,,,1,
0,3,19,"{'x': 846.8335081424918, 'y': 352.0129242830746, 'elapsedTime': 1392.800000011921}",429961489419,1858962371,POINT (0.4410591188242145 0.3259378928546987),,,,,,,,,,,,,,,,,,,,,,,,,,,,,,,,,,,,,,,,,,,,,,1,
0,3,19,"{'x': 873.4171377063526, 'y': 333.3691844159017, 'elapsedTime': 1426.199999988079}",429961506087,1858979038,POINT (0.4549047592220586 0.3086751707554645),,,,,,,,,,,,,,,,,,,,,,,,,,,,,,,,,,,,,,,,,,,,,,1,
0,3,19,"{'x': 873.4171377063526, 'y': 333.3691844159017, 'elapsedTime': 1426.199999988079}",429961522753,1858995704,POINT (0.4549047592220586 0.3086751707554645),,,,,,,,,,,,,,,,,,,,,,,,,,,,,,,,,,,,,,,,,,,,,,1,
0,3,19,"{'x': 864.4186139779587, 'y': 274.4894636235656, 'elapsedTime': 1460.5}",429961539421,1859012371,POINT (0.4502180281135201 0.2541569107625608),,,,,,,,,,,,,,,,,,,,,,,,,,,,,,,,,,,,,,,,,,,,,1,1,
0,3,19,"{'x': 864.4186139779587, 'y': 274.4894636235656, 'elapsedTime': 1460.5}",429961556088,1859029038,POINT (0.4502180281135201 0.2541569107625608),,,,,,,,,,,,,,,,,,,,,,,,,,,,,,,,,,,,,,,,,,,,,1,1,
0,3,19,"{'x': 929.002000706842, 'y': 259.74674942645214, 'elapsedTime': 1496.699999988079}",429961572758,1859045707,POINT (0.4838552087014802 0.2405062494689372),,,,,,,,,,,,,,,,,,,,,,,,,,,,,,,,,,,,,,,,,,,,,1,1,
0,3,19,"{'x': 929.002000706842, 'y': 259.74674942645214, 'elapsedTime': 1496.699999988079}",429961589426,1859062374,POINT (0.4838552087014802 0.2405062494689372),,,,,,,,,,,,,,,,,,,,,,,,,,,,,,,,,,,,,,,,,,,,,1,1,
0,3,19,"{'x': 983.3189291338148, 'y': 304.96547562050085, 'elapsedTime': 1533.800000011921}",429961606093,1859079041,POINT (0.5121452755905286 0.2823754403893526),,,,,,,,,,,,,,,,,,,,,,,,,,,,,,,,,,,,,,,,,,,,,1,1,
0,3,19,"{'x': 983.3189291338148, 'y': 304.96547562050085, 'elapsedTime': 1533.800000011921}",429961622761,1859095708,POINT (0.5121452755905286 0.2823754403893526),,,,,,,,,,,,,,,,,,,,,,,,,,,,,,,,,,,,,,,,,,,,,1,1,
0,3,19,"{'x': 943.8543709468631, 'y': 356.4472107521651, 'elapsedTime': 1570.0999999642372}",429961639427,1859112374,POINT (0.4915908182014912 0.3300437136594122),,,,,,,,,,,,,,,,,,,,,,,,,,,,,,,,,,,,,,,,,,,,,,1,
0,3,19,"{'x': 943.8543709468631, 'y': 356.4472107521651, 'elapsedTime': 1570.0999999642372}",429961656095,1859129041,POINT (0.4915908182014912 0.3300437136594122),,,,,,,,,,,,,,,,,,,,,,,,,,,,,,,,,,,,,,,,,,,,,,1,
0,3,19,"{'x': 943.8543709468631, 'y': 356.4472107521651, 'elapsedTime': 1570.0999999642372}",429961672762,1859145707,POINT (0.4915908182014912 0.3300437136594122),,,,,,,,,,,,,,,,,,,,,,,,,,,,,,,,,,,,,,,,,,,,,,1,
0,3,19,"{'x': 1018.6013022651711, 'y': 357.415294913453, 'elapsedTime': 1604}",429961689429,1859162374,POINT (0.5305215115964432 0.3309400878828269),,,,,,,,,,,,,,,,,,,,,,,,,,,,,,,,,,,,,,,,,,,,,,1,
0,3,19,"{'x': 1018.6013022651711, 'y': 357.415294913453, 'elapsedTime': 1604}",429961706104,1859179048,POINT (0.5305215115964432 0.3309400878828269),,,,,,,,,,,,,,,,,,,,,,,,,,,,,,,,,,,,,,,,,,,,,,1,
0,3,19,"{'x': 997.6195804367528, 'y': 339.9148791287784, 'elapsedTime': 1642.5999999642372}",429961722770,1859195714,POINT (0.5195935314774754 0.3147359991933134),,,,,,,,,,,,,,,,,,,,,,,,,,,,,,,,,,,,,,,,,,,,,,1,
0,3,19,"{'x': 997.6195804367528, 'y': 339.9148791287784, 'elapsedTime': 1642.5999999642372}",429961739438,1859212381,POINT (0.5195935314774754 0.3147359991933134),,,,,,,,,,,,,,,,,,,,,,,,,,,,,,,,,,,,,,,,,,,,,,1,
0,3,19,"{'x': 1022.156233939963, 'y': 297.2884953157693, 'elapsedTime': 1679.0999999642372}",429961756105,1859229048,POINT (0.5323730385103974 0.275267125292379),,,,,,,,,,,,,,,,,,,,,,,,,,,,,,,,,,,,,,,,,,,,,1,1,
0,3,19,"{'x': 1022.156233939963, 'y': 297.2884953157693, 'elapsedTime': 1679.0999999642372}",429961772772,1859245714,POINT (0.5323730385103974 0.275267125292379),,,,,,,,,,,,,,,,,,,,,,,,,,,,,,,,,,,,,,,,,,,,,1,1,
0,3,19,"{'x': 987.9458455028965, 'y': 304.8969453011317, 'elapsedTime': 1713.5}",429961789440,1859262381,POINT (0.5145551278660919 0.2823119863899368),,,,,,,,,,,,,,,,,,,,,,,,,,,,,,,,,,,,,,,,,,,,,1,1,
0,3,19,"{'x': 987.9458455028965, 'y': 304.8969453011317, 'elapsedTime': 1713.5}",429961806107,1859279048,POINT (0.5145551278660919 0.2823119863899368),,,,,,,,,,,,,,,,,,,,,,,,,,,,,,,,,,,,,,,,,,,,,1,1,
0,3,19,"{'x': 936.6417404889801, 'y': 274.40968868067415, 'elapsedTime': 1748.5999999642372}",429961822774,1859295714,POINT (0.4878342398380104 0.2540830450746983),,,,,,,,,,,,,,,,,,,,,,,,,,,,,,,,,,,,,,,,,,,,,1,1,
0,3,19,"{'x': 936.6417404889801, 'y': 274.40968868067415, 'elapsedTime': 1748.5999999642372}",429961839444,1859312384,POINT (0.4878342398380104 0.2540830450746983),,,,,,,,,,,,,,,,,,,,,,,,,,,,,,,,,,,,,,,,,,,,,1,1,
0,3,19,"{'x': 908.7564622033871, 'y': 246.72809990040287, 'elapsedTime': 1783.3999999761581}",429961856111,1859329050,POINT (0.4733106573975974 0.2284519443522249),,,,,,,,,,,,,,,,,,,,,,,,,,,,,,,,,,,,,,,,,,,,,,1,
0,3,19,"{'x': 908.7564622033871, 'y': 246.72809990040287, 'elapsedTime': 1783.3999999761581}",429961872779,1859345717,POINT (0.4733106573975974 0.2284519443522249),,,,,,,,,,,,,,,,,,,,,,,,,,,,,,,,,,,,,,,,,,,,,,1,
0,3,19,"{'x': 897.6977439407076, 'y': 237.38154554694705, 'elapsedTime': 1818.800000011921}",429961889446,1859362384,POINT (0.4675509083024519 0.2197977273582843),,,,,,,,,,,,,,,,,,,,,,,,,,,,,,,,,,,,,,,,,,,,,,1,
0,3,19,"{'x': 897.6977439407076, 'y': 237.38154554694705, 'elapsedTime': 1818.800000011921}",429961906113,1859379050,POINT (0.4675509083024519 0.2197977273582843),,,,,,,,,,,,,,,,,,,,,,,,,,,,,,,,,,,,,,,,,,,,,,1,
0,3,19,"{'x': 880.6174477939478, 'y': 263.2267306882275, 'elapsedTime': 1854.0999999642372}",429961922781,1859395717,POINT (0.4586549207260145 0.2437284543409514),,,,,,,,,,,,,,,,,,,,,,,,,,,,,,,,,,,,,,,,,,,,,1,1,
0,3,19,"{'x': 880.6174477939478, 'y': 263.2267306882275, 'elapsedTime': 1854.0999999642372}",429961939448,1859412384,POINT (0.4586549207260145 0.2437284543409514),,,,,,,,,,,,,,,,,,,,,,,,,,,,,,,,,,,,,,,,,,,,,1,1,
0,3,19,"{'x': 888.830660467047, 'y': 257.1281307252537, 'elapsedTime': 1886.699999988079}",429961956121,1859429056,POINT (0.4629326356599203 0.2380816025233831),,,,,,,,,,,,,,,,,,,,,,,,,,,,,,,,,,,,,,,,,,,,,1,1,
0,3,19,"{'x': 888.830660467047, 'y': 257.1281307252537, 'elapsedTime': 1886.699999988079}",429961972788,1859445723,POINT (0.4629326356599203 0.2380816025233831),,,,,,,,,,,,,,,,,,,,,,,,,,,,,,,,,,,,,,,,,,,,,1,1,
0,3,19,"{'x': 888.830660467047, 'y': 257.1281307252537, 'elapsedTime': 1886.699999988079}",429961989456,1859462390,POINT (0.4629326356599203 0.2380816025233831),,,,,,,,,,,,,,,,,,,,,,,,,,,,,,,,,,,,,,,,,,,,,1,1,
0,3,19,"{'x': 899.1551150896129, 'y': 272.84594919399973, 'elapsedTime': 1923.300000011921}",429962006122,1859479056,POINT (0.4683099557758401 0.2526351381425924),,,,,,,,,,,,,,,,,,,,,,,,,,,,,,,,,,,,,,,,,,,,,1,1,
0,3,19,"{'x': 899.1551150896129, 'y': 272.84594919399973, 'elapsedTime': 1923.300000011921}",429962022790,1859495723,POINT (0.4683099557758401 0.2526351381425924),,,,,,,,,,,,,,,,,,,,,,,,,,,,,,,,,,,,,,,,,,,,,1,1,
0,3,19,"{'x': 896.4922533700924, 'y': 284.4510510431182, 'elapsedTime': 1961.5999999642372}",429962039457,1859512390,POINT (0.4669230486302565 0.263380602817702),,,,,,,,,,,,,,,,,,,,,,,,,,,,,,,,,,,,,,,,,,,,,1,1,
0,3,19,"{'x': 896.4922533700924, 'y': 284.4510510431182, 'elapsedTime': 1961.5999999642372}",429962056126,1859529058,POINT (0.4669230486302565 0.263380602817702),,,,,,,,,,,,,,,,,,,,,,,,,,,,,,,,,,,,,,,,,,,,,1,1,
0,3,19,"{'x': 899.2914179541036, 'y': 274.1236882778579, 'elapsedTime': 1996.699999988079}",429962072794,1859545725,POINT (0.4683809468510957 0.2538182298869055),,,,,,,,,,,,,,,,,,,,,,,,,,,,,,,,,,,,,,,,,,,,,1,1,
0,3,19,"{'x': 899.2914179541036, 'y': 274.1236882778579, 'elapsedTime': 1996.699999988079}",429962089466,1859562396,POINT (0.4683809468510957 0.2538182298869055),,,,,,,,,,,,,,,,,,,,,,,,,,,,,,,,,,,,,,,,,,,,,1,1,
0,3,19,"{'x': 863.9444264068865, 'y': 314.63895038347744, 'elapsedTime': 2030.3999999761581}",429962106132,1859579062,POINT (0.4499710554202533 0.2913323614661828),,,,,,,,,,,,,,,,,,,,,,,,,,,,,,,,,,,,,,,,,,,,,1,1,
0,3,19,"{'x': 863.9444264068865, 'y': 314.63895038347744, 'elapsedTime': 2030.3999999761581}",429962122798,1859595727,POINT (0.4499710554202533 0.2913323614661828),,,,,,,,,,,,,,,,,,,,,,,,,,,,,,,,,,,,,,,,,,,,,1,1,
0,3,19,"{'x': 859.8995686405934, 'y': 345.2407344184336, 'elapsedTime': 2064.800000011921}",429962139465,1859612394,POINT (0.4478643586669758 0.3196673466837348),,,,,,,,,,,,,,,,,,,,,,,,,,,,,,,,,,,,,,,,,,,,,,1,
0,3,19,"{'x': 859.8995686405934, 'y': 345.2407344184336, 'elapsedTime': 2064.800000011921}",429962156132,1859629060,POINT (0.4478643586669758 0.3196673466837348),,,,,,,,,,,,,,,,,,,,,,,,,,,,,,,,,,,,,,,,,,,,,,1,
0,3,19,"{'x': 840.2137861477698, 'y': 401.193347982522, 'elapsedTime': 2100}",429962172799,1859645727,POINT (0.4376113469519635 0.3714753222060389),,,,,,,,,,,,,,,,,,,,,,,,,,,,,,,,,,,,,,,,,,,,,,,
0,3,19,"{'x': 840.2137861477698, 'y': 401.193347982522, 'elapsedTime': 2100}",429962189467,1859662394,POINT (0.4376113469519635 0.3714753222060389),,,,,,,,,,,,,,,,,,,,,,,,,,,,,,,,,,,,,,,,,,,,,,,
0,3,19,"{'x': 840.2137861477698, 'y': 401.193347982522, 'elapsedTime': 2100}",429962206133,1859679060,POINT (0.4376113469519635 0.3714753222060389),,,,,,,,,,,,,,,,,,,,,,,,,,,,,,,,,,,,,,,,,,,,,,,
0,3,19,"{'x': 826.0566516168235, 'y': 428.7958990361519, 'elapsedTime': 2138.300000011921}",429962222807,1859695733,POINT (0.4302378393837622 0.3970332398482888),,,,,,,,,,,,,,,,,,,,,,,,,,,,,,,,,,,,,,,,,,,,,,,
0,3,19,"{'x': 826.0566516168235, 'y': 428.7958990361519, 'elapsedTime': 2138.300000011921}",429962239474,1859712400,POINT (0.4302378393837622 0.3970332398482888),,,,,,,,,,,,,,,,,,,,,,,,,,,,,,,,,,,,,,,,,,,,,,,
0,3,19,"{'x': 853.4988634002627, 'y': 459.20759930706583, 'elapsedTime': 2177.300000011921}",429962256141,1859729066,POINT (0.4445306580209702 0.4251922215806165),,,,,,,,,,,,,,,,,,,,,,,,,,,,,,,,,,,,,,,,,,,,,,,
0,3,19,"{'x': 853.4988634002627, 'y': 459.20759930706583, 'elapsedTime': 2177.300000011921}",429962272811,1859745735,POINT (0.4445306580209702 0.4251922215806165),,,,,,,,,,,,,,,,,,,,,,,,,,,,,,,,,,,,,,,,,,,,,,,
0,3,19,"{'x': 866.1900573906175, 'y': 450.4458384191501, 'elapsedTime': 2213.199999988079}",429962289479,1859762402,POINT (0.4511406548909466 0.4170794800177316),,,,,,,,,,,,,,,,,,,,,,,,,,,,,,,,,,,,,,,,,,,,,,,
0,3,19,"{'x': 866.1900573906175, 'y': 450.4458384191501, 'elapsedTime': 2213.199999988079}",429962306145,1859779068,POINT (0.4511406548909466 0.4170794800177316),,,,,,,,,,,,,,,,,,,,,,,,,,,,,,,,,,,,,,,,,,,,,,,
0,3,19,"{'x': 862.8626691119782, 'y': 429.3518136392106, 'elapsedTime': 2250.099999964237}",429962322813,1859795735,POINT (0.4494076401624886 0.3975479755918617),,,,,,,,,,,,,,,,,,,,,,,,,,,,,,,,,,,,,,,,,,,,,,,
0,3,19,"{'x': 862.8626691119782, 'y': 429.3518136392106, 'elapsedTime': 2250.099999964237}",429962339480,1859812402,POINT (0.4494076401624886 0.3975479755918617),,,,,,,,,,,,,,,,,,,,,,,,,,,,,,,,,,,,,,,,,,,,,,,
0,3,19,"{'x': 864.7657460131626, 'y': 353.7536365357607, 'elapsedTime': 2288.599999964237}",429962356152,1859829073,POINT (0.4503988260485222 0.3275496634590377),,,,,,,,,,,,,,,,,,,,,,,,,,,,,,,,,,,,,,,,,,,,,,1,
0,3,19,"{'x': 864.7657460131626, 'y': 353.7536365357607, 'elapsedTime': 2288.599999964237}",429962372819,1859845740,POINT (0.4503988260485222 0.3275496634590377),,,,,,,,,,,,,,,,,,,,,,,,,,,,,,,,,,,,,,,,,,,,,,1,
0,3,19,"{'x': 864.7657460131626, 'y': 353.7536365357607, 'elapsedTime': 2288.599999964237}",429962389486,1859862406,POINT (0.4503988260485222 0.3275496634590377),,,,,,,,,,,,,,,,,,,,,,,,,,,,,,,,,,,,,,,,,,,,,,1,
0,3,19,"{'x': 894.984799928473, 'y': 281.11067133687465, 'elapsedTime': 2326.199999988079}",429962406153,1859879073,POINT (0.466137916629413 0.2602876586452543),,,,,,,,,,,,,,,,,,,,,,,,,,,,,,,,,,,,,,,,,,,,,1,1,
0,3,19,"{'x': 894.984799928473, 'y': 281.11067133687465, 'elapsedTime': 2326.199999988079}",429962422821,1859895740,POINT (0.466137916629413 0.2602876586452543),,,,,,,,,,,,,,,,,,,,,,,,,,,,,,,,,,,,,,,,,,,,,1,1,
0,3,19,"{'x': 894.984799928473, 'y': 281.11067133687465, 'elapsedTime': 2326.199999988079}",429962439488,1859912406,POINT (0.466137916629413 0.2602876586452543),,,,,,,,,,,,,,,,,,,,,,,,,,,,,,,,,,,,,,,,,,,,,1,1,
0,3,19,"{'x': 973.571035915877, 'y': 274.44650755994087, 'elapsedTime': 2370.199999988079}",429962456155,1859929073,POINT (0.5070682478728527 0.2541171366295749),,,,,,,,,,,,,,,,,,,,,,,,,,,,,,,,,,,,,,,,,,,,,1,1,
0,3,19,"{'x': 973.571035915877, 'y': 274.44650755994087, 'elapsedTime': 2370.199999988079}",429962472823,1859945740,POINT (0.5070682478728527 0.2541171366295749),,,,,,,,,,,,,,,,,,,,,,,,,,,,,,,,,,,,,,,,,,,,,1,1,
0,3,19,"{'x': 973.571035915877, 'y': 274.44650755994087, 'elapsedTime': 2370.199999988079}",429962489494,1859962410,POINT (0.5070682478728527 0.2541171366295749),,,,,,,,,,,,,,,,,,,,,,,,,,,,,,,,,,,,,,,,,,,,,1,1,
0,3,19,"{'x': 982.5731866178702, 'y': 296.2511938502592, 'elapsedTime': 2416.300000011921}",429962506161,1859979077,POINT (0.5117568680301408 0.2743066609724622),,,,,,,,,,,,,,,,,,,,,,,,,,,,,,,,,,,,,,,,,,,,,1,1,
0,3,19,"{'x': 982.5731866178702, 'y': 296.2511938502592, 'elapsedTime': 2416.300000011921}",429962522829,1859995744,POINT (0.5117568680301408 0.2743066609724622),,,,,,,,,,,,,,,,,,,,,,,,,,,,,,,,,,,,,,,,,,,,,1,1,
0,3,19,"{'x': 986.9129125771386, 'y': 313.3441635216216, 'elapsedTime': 2460.699999988079}",429962539495,1860012410,POINT (0.5140171419672597 0.2901334847422423),,,,,,,,,,,,,,,,,,,,,,,,,,,,,,,,,,,,,,,,,,,,,1,1,
0,3,19,"{'x': 986.9129125771386, 'y': 313.3441635216216, 'elapsedTime': 2460.699999988079}",429962556163,1860029077,POINT (0.5140171419672597 0.2901334847422423),,,,,,,,,,,,,,,,,,,,,,,,,,,,,,,,,,,,,,,,,,,,,1,1,
0,3,19,"{'x': 967.2482525177772, 'y': 289.7279338032622, 'elapsedTime': 2498.899999976158}",429962572830,1860045744,POINT (0.5037751315196757 0.2682666053733909),,,,,,,,,,,,,,,,,,,,,,,,,,,,,,,,,,,,,,,,,,,,,1,1,
0,3,19,"{'x': 967.2482525177772, 'y': 289.7279338032622, 'elapsedTime': 2498.899999976158}",429962589497,1860062410,POINT (0.5037751315196757 0.2682666053733909),,,,,,,,,,,,,,,,,,,,,,,,,,,,,,,,,,,,,,,,,,,,,1,1,
0,3,19,"{'x': 967.2482525177772, 'y': 289.7279338032622, 'elapsedTime': 2498.899999976158}",429962606165,1860079077,POINT (0.5037751315196757 0.2682666053733909),,,,,,,,,,,,,,,,,,,,,,,,,,,,,,,,,,,,,,,,,,,,,1,1,
0,3,19,"{'x': 967.2482525177772, 'y': 289.7279338032622, 'elapsedTime': 2498.899999976158}",429962622837,1860095749,POINT (0.5037751315196757 0.2682666053733909),,,,,,,,,,,,,,,,,,,,,,,,,,,,,,,,,,,,,,,,,,,,,1,1,
0,3,19,"{'x': 967.2482525177772, 'y': 289.7279338032622, 'elapsedTime': 2498.899999976158}",429962639504,1860112415,POINT (0.5037751315196757 0.2682666053733909),,,,,,,,,,,,,,,,,,,,,,,,,,,,,,,,,,,,,,,,,,,,,1,1,
0,3,19,"{'x': 1007.6995746983607, 'y': 290.7598282625938, 'elapsedTime': 2539.5}",429962656171,1860129082,POINT (0.5248435284887295 0.2692220632061054),,,,,,,,,,,,,,,,,,,,,,,,,,,,,,,,,,,,,,,,,,,,,1,1,
0,3,19,"{'x': 1045.6316945856538, 'y': 310.9853101814375, 'elapsedTime': 2580.899999976158}",429962672839,1860145749,POINT (0.544599840930028 0.2879493612791088),,,,,,,,,,,,,,,,,,,,,,,,,,,,,,,,,,,,,,,,,,,,,1,1,
0,3,19,"{'x': 1045.6316945856538, 'y': 310.9853101814375, 'elapsedTime': 2580.899999976158}",429962689506,1860162415,POINT (0.544599840930028 0.2879493612791088),,,,,,,,,,,,,,,,,,,,,,,,,,,,,,,,,,,,,,,,,,,,,1,1,
0,3,19,"{'x': 1045.6316945856538, 'y': 310.9853101814375, 'elapsedTime': 2580.899999976158}",429962706174,1860179082,POINT (0.544599840930028 0.2879493612791088),,,,,,,,,,,,,,,,,,,,,,,,,,,,,,,,,,,,,,,,,,,,,1,1,
0,3,19,"{'x': 1080.8743469757428, 'y': 297.6662035621144, 'elapsedTime': 2625.099999964237}",429962722839,1860195747,POINT (0.5629553890498661 0.2756168551501059),,,,,,,,,,,,,,,,,,,,,,,,,,,,,,,,,,,,,,,,,,,,,1,1,
0,3,19,"{'x': 1080.8743469757428, 'y': 297.6662035621144, 'elapsedTime': 2625.099999964237}",429962739506,1860212413,POINT (0.5629553890498661 0.2756168551501059),,,,,,,,,,,,,,,,,,,,,,,,,,,,,,,,,,,,,,,,,,,,,1,1,
0,3,19,"{'x': 1080.8743469757428, 'y': 297.6662035621144, 'elapsedTime': 2625.099999964237}",429962756178,1860229085,POINT (0.5629553890498661 0.2756168551501059),,,,,,,,,,,,,,,,,,,,,,,,,,,,,,,,,,,,,,,,,,,,,1,1,
0,3,19,"{'x': 963.4410207332983, 'y': 399.60274970848184, 'elapsedTime': 2683.599999964237}",429962772846,1860245752,POINT (0.5017921982985929 0.3700025460263721),,,,,,,,,,,,,,,,,,,,,,,,,,,,,,,,,,,,,,,,,,,,,,1,
0,3,19,"{'x': 963.4410207332983, 'y': 399.60274970848184, 'elapsedTime': 2683.599999964237}",429962789512,1860262418,POINT (0.5017921982985929 0.3700025460263721),,,,,,,,,,,,,,,,,,,,,,,,,,,,,,,,,,,,,,,,,,,,,,1,
0,3,19,"{'x': 963.4410207332983, 'y': 399.60274970848184, 'elapsedTime': 2683.599999964237}",429962806180,1860279085,POINT (0.5017921982985929 0.3700025460263721),,,,,,,,,,,,,,,,,,,,,,,,,,,,,,,,,,,,,,,,,,,,,,1,
0,3,19,"{'x': 845.1998183772538, 'y': 428.5442974737976, 'elapsedTime': 2729.800000011921}",429962822847,1860295752,POINT (0.440208238738153 0.3968002754387015),,,,,,,,,,,,,,,,,,,,,,,,,,,,,,,,,,,,,,,,,,,,,,,
0,3,19,"{'x': 845.1998183772538, 'y': 428.5442974737976, 'elapsedTime': 2729.800000011921}",429962839514,1860312418,POINT (0.440208238738153 0.3968002754387015),,,,,,,,,,,,,,,,,,,,,,,,,,,,,,,,,,,,,,,,,,,,,,,
0,3,19,"{'x': 816.5307536138571, 'y': 396.004986316185, 'elapsedTime': 2777.599999964237}",429962856181,1860329085,POINT (0.4252764341738839 0.3666712836260972),,,,,,,,,,,,,,,,,,,,,,,,,,,,,,,,,,,,,,,,,,,,,,,
0,3,19,"{'x': 816.5307536138571, 'y': 396.004986316185, 'elapsedTime': 2777.599999964237}",429962872853,1860345756,POINT (0.4252764341738839 0.3666712836260972),,,,,,,,,,,,,,,,,,,,,,,,,,,,,,,,,,,,,,,,,,,,,,,
0,3,19,"{'x': 816.5307536138571, 'y': 396.004986316185, 'elapsedTime': 2777.599999964237}",429962889519,1860362422,POINT (0.4252764341738839 0.3666712836260972),,,,,,,,,,,,,,,,,,,,,,,,,,,,,,,,,,,,,,,,,,,,,,,
0,3,19,"{'x': 741.1437399576535, 'y': 392.84343770015715, 'elapsedTime': 2819.699999988079}",429962906188,1860379089,POINT (0.3860123645612778 0.3637439237964418),,,,,,,,,,,,,,,,,,,,,,,,,,,,,,,,,,,,,,,,,,,,,,,
0,3,19,"{'x': 741.1437399576535, 'y': 392.84343770015715, 'elapsedTime': 2819.699999988079}",429962922854,1860395755,POINT (0.3860123645612778 0.3637439237964418),,,,,,,,,,,,,,,,,,,,,,,,,,,,,,,,,,,,,,,,,,,,,,,
0,3,19,"{'x': 825.9048788859479, 'y': 382.74376834199796, 'elapsedTime': 2865.599999964237}",429962939522,1860412422,POINT (0.4301587910864312 0.3543923780944426),,,,,,,,,,,,,,,,,,,,,,,,,,,,,,,,,,,,,,,,,,,,,,,
0,3,19,"{'x': 825.9048788859479, 'y': 382.74376834199796, 'elapsedTime': 2865.599999964237}",429962956189,1860429089,POINT (0.4301587910864312 0.3543923780944426),,,,,,,,,,,,,,,,,,,,,,,,,,,,,,,,,,,,,,,,,,,,,,,
0,3,19,"{'x': 825.9048788859479, 'y': 382.74376834199796, 'elapsedTime': 2865.599999964237}",429962972856,1860445755,POINT (0.4301587910864312 0.3543923780944426),,,,,,,,,,,,,,,,,,,,,,,,,,,,,,,,,,,,,,,,,,,,,,,
0,3,19,"{'x': 858.5070175118974, 'y': 369.0251145460466, 'elapsedTime': 2907.099999964237}",429962989523,1860462422,POINT (0.4471390716207799 0.3416899208759691),,,,,,,,,,,,,,,,,,,,,,,,,,,,,,,,,,,,,,,,,,,,,,1,
0,3,19,"{'x': 858.5070175118974, 'y': 369.0251145460466, 'elapsedTime': 2907.099999964237}",429963006195,1860479093,POINT (0.4471390716207799 0.3416899208759691),,,,,,,,,,,,,,,,,,,,,,,,,,,,,,,,,,,,,,,,,,,,,,1,
0,3,19,"{'x': 858.1970892023246, 'y': 357.21568065050593, 'elapsedTime': 2949.099999964237}",429963022861,1860495759,POINT (0.4469776506262108 0.3307552598615796),,,,,,,,,,,,,,,,,,,,,,,,,,,,,,,,,,,,,,,,,,,,,,1,
0,3,19,"{'x': 858.1970892023246, 'y': 357.21568065050593, 'elapsedTime': 2949.099999964237}",429963039529,1860512426,POINT (0.4469776506262108 0.3307552598615796),,,,,,,,,,,,,,,,,,,,,,,,,,,,,,,,,,,,,,,,,,,,,,1,
0,3,19,"{'x': 858.1970892023246, 'y': 357.21568065050593, 'elapsedTime': 2949.099999964237}",429963056196,1860529093,POINT (0.4469776506262108 0.3307552598615796),,,,,,,,,,,,,,,,,,,,,,,,,,,,,,,,,,,,,,,,,,,,,,1,
0,3,19,"{'x': 895.1173776566823, 'y': 336.85441017411193, 'elapsedTime': 2989.899999976158}",429963072864,1860545760,POINT (0.466206967529522 0.3119022316426963),,,,,,,,,,,,,,,,,,,,,,,,,,,,,,,,,,,,,,,,,,,,,,1,
0,3,19,"{'x': 895.1173776566823, 'y': 336.85441017411193, 'elapsedTime': 2989.899999976158}",429963089530,1860562426,POINT (0.466206967529522 0.3119022316426963),,,,,,,,,,,,,,,,,,,,,,,,,,,,,,,,,,,,,,,,,,,,,,1,
0,3,19,"{'x': 930.369914167771, 'y': 275.6781293610841, 'elapsedTime': 3032.599999964237}",429963106201,1860579095,POINT (0.4845676636290474 0.2552575271861889),,,,,,,,,,,,,,,,,,,,,,,,,,,,,,,,,,,,,,,,,,,,,1,1,
0,3,19,"{'x': 930.369914167771, 'y': 275.6781293610841, 'elapsedTime': 3032.599999964237}",429963122867,1860595761,POINT (0.4845676636290474 0.2552575271861889),,,,,,,,,,,,,,,,,,,,,,,,,,,,,,,,,,,,,,,,,,,,,1,1,
0,3,19,"{'x': 930.369914167771, 'y': 275.6781293610841, 'elapsedTime': 3032.599999964237}",429963139541,1860612434,POINT (0.4845676636290474 0.2552575271861889),,,,,,,,,,,,,,,,,,,,,,,,,,,,,,,,,,,,,,,,,,,,,1,1,
0,3,19,"{'x': 993.3460547326008, 'y': 271.2162069129735, 'elapsedTime': 3073.5}",429963156208,1860629101,POINT (0.5173677368398962 0.2511261175120125),,,,,,,,,,,,,,,,,,,,,,,,,,,,,,,,,,,,,,,,,,,,,1,1,
0,3,19,"{'x': 993.3460547326008, 'y': 271.2162069129735, 'elapsedTime': 3073.5}",429963172875,1860645767,POINT (0.5173677368398962 0.2511261175120125),,,,,,,,,,,,,,,,,,,,,,,,,,,,,,,,,,,,,,,,,,,,,1,1,
0,3,19,"{'x': 993.3460547326008, 'y': 271.2162069129735, 'elapsedTime': 3073.5}",429963189542,1860662434,POINT (0.5173677368398962 0.2511261175120125),,,,,,,,,,,,,,,,,,,,,,,,,,,,,,,,,,,,,,,,,,,,,1,1,
0,3,19,"{'x': 886.1731752218157, 'y': 349.43682230612393, 'elapsedTime': 3114.399999976158}",429963206210,1860679101,POINT (0.4615485287613623 0.323552613246411),,,,,,,,,,,,,,,,,,,,,,,,,,,,,,,,,,,,,,,,,,,,,,1,
0,3,19,"{'x': 886.1731752218157, 'y': 349.43682230612393, 'elapsedTime': 3114.399999976158}",429963222876,1860695767,POINT (0.4615485287613623 0.323552613246411),,,,,,,,,,,,,,,,,,,,,,,,,,,,,,,,,,,,,,,,,,,,,,1,
0,3,19,"{'x': 892.7863421269351, 'y': 385.2643141227362, 'elapsedTime': 3158.800000011921}",429963239544,1860712434,POINT (0.4649928865244454 0.3567262167803113),,,,,,,,,,,,,,,,,,,,,,,,,,,,,,,,,,,,,,,,,,,,,,1,
0,3,19,"{'x': 892.7863421269351, 'y': 385.2643141227362, 'elapsedTime': 3158.800000011921}",429963256211,1860729101,POINT (0.4649928865244454 0.3567262167803113),,,,,,,,,,,,,,,,,,,,,,,,,,,,,,,,,,,,,,,,,,,,,,1,
0,3,19,"{'x': 892.4657997617882, 'y': 425.41509255993736, 'elapsedTime': 3202.5}",429963272881,1860745770,POINT (0.4648259373759313 0.3939028634814235),,,,,,,,,,,,,,,,,,,,,,,,,,,,,,,,,,,,,,,,,,,,,,,
0,3,19,"{'x': 892.4657997617882, 'y': 425.41509255993736, 'elapsedTime': 3202.5}",429963289549,1860762438,POINT (0.4648259373759313 0.3939028634814235),,,,,,,,,,,,,,,,,,,,,,,,,,,,,,,,,,,,,,,,,,,,,,,
0,3,19,"{'x': 892.4657997617882, 'y': 425.41509255993736, 'elapsedTime': 3202.5}",429963306215,1860779103,POINT (0.4648259373759313 0.3939028634814235),,,,,,,,,,,,,,,,,,,,,,,,,,,,,,,,,,,,,,,,,,,,,,,
0,3,19,"{'x': 892.4657997617882, 'y': 425.41509255993736, 'elapsedTime': 3202.5}",429963322883,1860795769,POINT (0.4648259373759313 0.3939028634814235),,,,,,,,,,,,,,,,,,,,,,,,,,,,,,,,,,,,,,,,,,,,,,,
0,3,19,"{'x': 945.2379646178941, 'y': 424.1789014357585, 'elapsedTime': 3245.699999988079}",429963339550,1860812436,POINT (0.4923114399051532 0.3927582420701468),,,,,,,,,,,,,,,,,,,,,,,,,,,,,,,,,,,,,,,,,,,,,,,
0,3,19,"{'x': 945.2379646178941, 'y': 424.1789014357585, 'elapsedTime': 3245.699999988079}",429963356218,1860829103,POINT (0.4923114399051532 0.3927582420701468),,,,,,,,,,,,,,,,,,,,,,,,,,,,,,,,,,,,,,,,,,,,,,,
0,3,19,"{'x': 945.2379646178941, 'y': 424.1789014357585, 'elapsedTime': 3245.699999988079}",429963372884,1860845769,POINT (0.4923114399051532 0.3927582420701468),,,,,,,,,,,,,,,,,,,,,,,,,,,,,,,,,,,,,,,,,,,,,,,
0,3,19,"{'x': 942.880228663128, 'y': 429.86661996342224, 'elapsedTime': 3300.399999976158}",429963389552,1860862436,POINT (0.4910834524287125 0.3980246481142798),,,,,,,,,,,,,,,,,,,,,,,,,,,,,,,,,,,,,,,,,,,,,,,
0,3,19,"{'x': 942.880228663128, 'y': 429.86661996342224, 'elapsedTime': 3300.399999976158}",429963406222,1860879106,POINT (0.4910834524287125 0.3980246481142798),,,,,,,,,,,,,,,,,,,,,,,,,,,,,,,,,,,,,,,,,,,,,,,
0,3,19,"{'x': 942.880228663128, 'y': 429.86661996342224, 'elapsedTime': 3300.399999976158}",429963422889,1860895772,POINT (0.4910834524287125 0.3980246481142798),,,,,,,,,,,,,,,,,,,,,,,,,,,,,,,,,,,,,,,,,,,,,,,
0,3,19,"{'x': 917.3436566722655, 'y': 464.177759765848, 'elapsedTime': 3352.199999988079}",429963439556,1860912439,POINT (0.477783154516805 0.4297942220054148),,,,,,,,,,,,,,,,,,,,,,,,,,,,,,,,,,,,,,,,,,,,,,,
0,3,19,"{'x': 917.3436566722655, 'y': 464.177759765848, 'elapsedTime': 3352.199999988079}",429963456223,1860929105,POINT (0.477783154516805 0.4297942220054148),,,,,,,,,,,,,,,,,,,,,,,,,,,,,,,,,,,,,,,,,,,,,,,
0,3,19,"{'x': 895.0289678304247, 'y': 426.844439029087, 'elapsedTime': 3397.899999976158}",429963472890,1860945772,POINT (0.4661609207450129 0.3952263324343399),,,,,,,,,,,,,,,,,,,,,,,,,,,,,,,,,,,,,,,,,,,,,,,
0,3,19,"{'x': 895.0289678304247, 'y': 426.844439029087, 'elapsedTime': 3397.899999976158}",429963489558,1860962439,POINT (0.4661609207450129 0.3952263324343399),,,,,,,,,,,,,,,,,,,,,,,,,,,,,,,,,,,,,,,,,,,,,,,
0,3,19,"{'x': 895.0289678304247, 'y': 426.844439029087, 'elapsedTime': 3397.899999976158}",429963506224,1860979105,POINT (0.4661609207450129 0.3952263324343399),,,,,,,,,,,,,,,,,,,,,,,,,,,,,,,,,,,,,,,,,,,,,,,
0,3,19,"{'x': 902.1499579499767, 'y': 442.8254171798986, 'elapsedTime': 3439}",429963522894,1860995773,POINT (0.4698697697656129 0.410023534425832),,,,,,,,,,,,,,,,,,,,,,,,,,,,,,,,,,,,,,,,,,,,,,,
0,3,19,"{'x': 902.1499579499767, 'y': 442.8254171798986, 'elapsedTime': 3439}",429963539569,1861012448,POINT (0.4698697697656129 0.410023534425832),,,,,,,,,,,,,,,,,,,,,,,,,,,,,,,,,,,,,,,,,,,,,,,
0,3,19,"{'x': 896.995020851839, 'y': 483.261310969232, 'elapsedTime': 3481.399999976158}",429963556236,1861029114,POINT (0.4671849066936661 0.447464176823363),,,,,,,,,,,,,,,,,,,,,,,,,,,,,,,,,,,,,,,,,,,,,,,
0,3,19,"{'x': 896.995020851839, 'y': 483.261310969232, 'elapsedTime': 3481.399999976158}",429963572903,1861045781,POINT (0.4671849066936661 0.447464176823363),,,,,,,,,,,,,,,,,,,,,,,,,,,,,,,,,,,,,,,,,,,,,,,
0,3,19,"{'x': 896.995020851839, 'y': 483.261310969232, 'elapsedTime': 3481.399999976158}",429963589571,1861062448,POINT (0.4671849066936661 0.447464176823363),,,,,,,,,,,,,,,,,,,,,,,,,,,,,,,,,,,,,,,,,,,,,,,
0,3,19,"{'x': 864.2253160788222, 'y': 508.7157113695286, 'elapsedTime': 3523.099999964237}",429963606238,1861079115,POINT (0.4501173521243865 0.4710330660828969),,,,,,,,,,,,,,,,,,,,,,,,,,,,,,,,,,,,,,,,,,,,,,1,
0,3,19,"{'x': 864.2253160788222, 'y': 508.7157113695286, 'elapsedTime': 3523.099999964237}",429963622907,1861095783,POINT (0.4501173521243865 0.4710330660828969),,,,,,,,,,,,,,,,,,,,,,,,,,,,,,,,,,,,,,,,,,,,,,1,
0,3,19,"{'x': 864.2253160788222, 'y': 508.7157113695286, 'elapsedTime': 3523.099999964237}",429963639574,1861112450,POINT (0.4501173521243865 0.4710330660828969),,,,,,,,,,,,,,,,,,,,,,,,,,,,,,,,,,,,,,,,,,,,,,1,
0,3,19,"{'x': 802.0273955429844, 'y': 498.8871781744087, 'elapsedTime': 3570.5}",429963656242,1861129117,POINT (0.4177226018453044 0.4619325723837118),,,,,,,,,,,,,,,,,,,,,,,,,,,,,,,,,,,,,,,,,,,,,,,
0,3,19,"{'x': 802.0273955429844, 'y': 498.8871781744087, 'elapsedTime': 3570.5}",429963672910,1861145785,POINT (0.4177226018453044 0.4619325723837118),,,,,,,,,,,,,,,,,,,,,,,,,,,,,,,,,,,,,,,,,,,,,,,
0,3,19,"{'x': 802.0273955429844, 'y': 498.8871781744087, 'elapsedTime': 3570.5}",429963689578,1861162452,POINT (0.4177226018453044 0.4619325723837118),,,,,,,,,,,,,,,,,,,,,,,,,,,,,,,,,,,,,,,,,,,,,,,
0,3,19,"{'x': 807.9880809624045, 'y': 470.35786438063417, 'elapsedTime': 3614.300000011921}",429963706244,1861179118,POINT (0.4208271255012523 0.4355165410931798),,,,,,,,,,,,,,,,,,,,,,,,,,,,,,,,,,,,,,,,,,,,,,,
0,3,19,"{'x': 807.9880809624045, 'y': 470.35786438063417, 'elapsedTime': 3614.300000011921}",429963722912,1861195785,POINT (0.4208271255012523 0.4355165410931798),,,,,,,,,,,,,,,,,,,,,,,,,,,,,,,,,,,,,,,,,,,,,,,
0,3,19,"{'x': 712.6542159385019, 'y': 471.61768329536227, 'elapsedTime': 3656.099999964237}",429963739579,1861212452,POINT (0.3711740708013031 0.4366830400882984),,,,,,,,,,,,,,,,,,,,,,,,,,,,,,,,,,,,,,,,,,,,,,,
0,3,19,"{'x': 712.6542159385019, 'y': 471.61768329536227, 'elapsedTime': 3656.099999964237}",429963756246,1861229118,POINT (0.3711740708013031 0.4366830400882984),,,,,,,,,,,,,,,,,,,,,,,,,,,,,,,,,,,,,,,,,,,,,,,
0,3,19,"{'x': 723.2276276057286, 'y': 475.5690380624654, 'elapsedTime': 3700.399999976158}",429963772913,1861245785,POINT (0.3766810560446503 0.4403417019096902),,,,,,,,,,,,,,,,,,,,,,,,,,,,,,,,,,,,,,,,,,,,,,,
0,3,19,"{'x': 723.2276276057286, 'y': 475.5690380624654, 'elapsedTime': 3700.399999976158}",429963789587,1861262458,POINT (0.3766810560446503 0.4403417019096902),,,,,,,,,,,,,,,,,,,,,,,,,,,,,,,,,,,,,,,,,,,,,,,
0,3,19,"{'x': 723.2276276057286, 'y': 475.5690380624654, 'elapsedTime': 3700.399999976158}",429963806253,1861279124,POINT (0.3766810560446503 0.4403417019096902),,,,,,,,,,,,,,,,,,,,,,,,,,,,,,,,,,,,,,,,,,,,,,,
0,3,19,"{'x': 719.244781118371, 'y': 451.2441148285147, 'elapsedTime': 3743.599999964237}",429963822921,1861295791,POINT (0.3746066568324849 0.4178186248412173),,,,,,,,,,,,,,,,,,,,,,,,,,,,,,,,,,,,,,,,,,,,,,,
0,3,19,"{'x': 719.244781118371, 'y': 451.2441148285147, 'elapsedTime': 3743.599999964237}",429963839588,1861312458,POINT (0.3746066568324849 0.4178186248412173),,,,,,,,,,,,,,,,,,,,,,,,,,,,,,,,,,,,,,,,,,,,,,,
0,3,19,"{'x': 719.244781118371, 'y': 451.2441148285147, 'elapsedTime': 3743.599999964237}",429963856256,1861329125,POINT (0.3746066568324849 0.4178186248412173),,,,,,,,,,,,,,,,,,,,,,,,,,,,,,,,,,,,,,,,,,,,,,,
0,3,19,"{'x': 655.4462569583688, 'y': 559.9216530856015, 'elapsedTime': 3787.399999976158}",429963872922,1861345791,POINT (0.3413782588324838 0.5184459750792607),,,,,,,,,,,,,,,,,,,,,,,,,,,,,,,,,,,,,,,,,,,,,,1,
0,3,19,"{'x': 655.4462569583688, 'y': 559.9216530856015, 'elapsedTime': 3787.399999976158}",429963889590,1861362458,POINT (0.3413782588324838 0.5184459750792607),,,,,,,,,,,,,,,,,,,,,,,,,,,,,,,,,,,,,,,,,,,,,,1,
0,3,19,"{'x': 655.4462569583688, 'y': 559.9216530856015, 'elapsedTime': 3787.399999976158}",429963906256,1861379124,POINT (0.3413782588324838 0.5184459750792607),,,,,,,,,,,,,,,,,,,,,,,,,,,,,,,,,,,,,,,,,,,,,,1,
0,3,19,"{'x': 697.0560151925467, 'y': 493.71968753086105, 'elapsedTime': 3833.800000011921}",429963922927,1861395794,POINT (0.3630500079127847 0.4571478588248714),,,,,,,,,,,,,,,,,,,,,,,,,,,,,,,,,,,,,,,,,,,,,,,
0,3,19,"{'x': 697.0560151925467, 'y': 493.71968753086105, 'elapsedTime': 3833.800000011921}",429963939592,1861412459,POINT (0.3630500079127847 0.4571478588248714),,,,,,,,,,,,,,,,,,,,,,,,,,,,,,,,,,,,,,,,,,,,,,,
0,3,19,"{'x': 697.0560151925467, 'y': 493.71968753086105, 'elapsedTime': 3833.800000011921}",429963956259,1861429125,POINT (0.3630500079127847 0.4571478588248714),,,,,,,,,,,,,,,,,,,,,,,,,,,,,,,,,,,,,,,,,,,,,,,
0,3,19,"{'x': 632.7702871344043, 'y': 540.3116710352341, 'elapsedTime': 3890.099999964237}",429963972926,1861445792,POINT (0.3295678578825022 0.5002885842918834),,,,,,,,,,,,,,,,,,,,,,,,,,,,,,,,,,,,,,,,,,,,,,,
0,3,19,"{'x': 632.7702871344043, 'y': 540.3116710352341, 'elapsedTime': 3890.099999964237}",429963989593,1861462458,POINT (0.3295678578825022 0.5002885842918834),,,,,,,,,,,,,,,,,,,,,,,,,,,,,,,,,,,,,,,,,,,,,,,
0,3,19,"{'x': 632.7702871344043, 'y': 540.3116710352341, 'elapsedTime': 3890.099999964237}",429964006262,1861479127,POINT (0.3295678578825022 0.5002885842918834),,,,,,,,,,,,,,,,,,,,,,,,,,,,,,,,,,,,,,,,,,,,,,,
0,3,19,"{'x': 587.5428106508732, 'y': 539.9718763851574, 'elapsedTime': 3934.099999964237}",429964022930,1861495794,POINT (0.3060118805473298 0.4999739596158865),,,,,,,,,,,,,,,,,,,,,,,,,,,,,,,,,,,,,,,,,,,,,,,
0,3,19,"{'x': 587.5428106508732, 'y': 539.9718763851574, 'elapsedTime': 3934.099999964237}",429964039597,1861512460,POINT (0.3060118805473298 0.4999739596158865),,,,,,,,,,,,,,,,,,,,,,,,,,,,,,,,,,,,,,,,,,,,,,,
0,3,19,"{'x': 587.5428106508732, 'y': 539.9718763851574, 'elapsedTime': 3934.099999964237}",429964056268,1861529131,POINT (0.3060118805473298 0.4999739596158865),,,,,,,,,,,,,,,,,,,,,,,,,,,,,,,,,,,,,,,,,,,,,,,
0,3,19,"{'x': 630.2949160536218, 'y': 478.8595003115247, 'elapsedTime': 3988.599999964237}",429964072936,1861545798,POINT (0.3282786021112614 0.4433884262143747),,,,,,,,,,,,,,,,,,,,,,,,,,,,,,,,,,,,,,,,,,,,,,,
0,3,19,"{'x': 630.2949160536218, 'y': 478.8595003115247, 'elapsedTime': 3988.599999964237}",429964089602,1861562464,POINT (0.3282786021112614 0.4433884262143747),,,,,,,,,,,,,,,,,,,,,,,,,,,,,,,,,,,,,,,,,,,,,,,
0,3,19,"{'x': 630.2949160536218, 'y': 478.8595003115247, 'elapsedTime': 3988.599999964237}",429964106271,1861579132,POINT (0.3282786021112614 0.4433884262143747),,,,,,,,,,,,,,,,,,,,,,,,,,,,,,,,,,,,,,,,,,,,,,,
0,3,19,"{'x': 667.8852019347592, 'y': 440.5963487661386, 'elapsedTime': 4035.699999988079}",429964122937,1861595798,POINT (0.347856876007687 0.4079595821908691),,,,,,,,,,,,,,,,,,,,,,,,,,,,,,,,,,,,,,,,,,,,,,,
0,3,19,"{'x': 667.8852019347592, 'y': 440.5963487661386, 'elapsedTime': 4035.699999988079}",429964139602,1861612462,POINT (0.347856876007687 0.4079595821908691),,,,,,,,,,,,,,,,,,,,,,,,,,,,,,,,,,,,,,,,,,,,,,,
0,3,19,"{'x': 667.8852019347592, 'y': 440.5963487661386, 'elapsedTime': 4035.699999988079}",429964156269,1861629129,POINT (0.347856876007687 0.4079595821908691),,,,,,,,,,,,,,,,,,,,,,,,,,,,,,,,,,,,,,,,,,,,,,,
0,3,19,"{'x': 667.8852019347592, 'y': 440.5963487661386, 'elapsedTime': 4035.699999988079}",429964172937,1861645796,POINT (0.347856876007687 0.4079595821908691),,,,,,,,,,,,,,,,,,,,,,,,,,,,,,,,,,,,,,,,,,,,,,,
0,3,19,"{'x': 691.0383286908732, 'y': 461.6736459356112, 'elapsedTime': 4088.099999964237}",429964189611,1861662470,POINT (0.3599157961931631 0.4274755980885289),,,,,,,,,,,,,,,,,,,,,,,,,,,,,,,,,,,,,,,,,,,,,,,
0,3,19,"{'x': 691.0383286908732, 'y': 461.6736459356112, 'elapsedTime': 4088.099999964237}",429964206278,1861679136,POINT (0.3599157961931631 0.4274755980885289),,,,,,,,,,,,,,,,,,,,,,,,,,,,,,,,,,,,,,,,,,,,,,,
0,3,19,"{'x': 691.0383286908732, 'y': 461.6736459356112, 'elapsedTime': 4088.099999964237}",429964222945,1861695803,POINT (0.3599157961931631 0.4274755980885289),,,,,,,,,,,,,,,,,,,,,,,,,,,,,,,,,,,,,,,,,,,,,,,
0,3,19,"{'x': 653.9191570269805, 'y': 417.86542885697594, 'elapsedTime': 4154}",429964239612,1861712469,POINT (0.3405828942848857 0.3869124341268296),,,,,,,,,,,,,,,,,,,,,,,,,,,,,,,,,,,,,,,,,,,,,,,
0,3,19,"{'x': 653.9191570269805, 'y': 417.86542885697594, 'elapsedTime': 4154}",429964256279,1861729136,POINT (0.3405828942848857 0.3869124341268296),,,,,,,,,,,,,,,,,,,,,,,,,,,,,,,,,,,,,,,,,,,,,,,
0,3,19,"{'x': 653.9191570269805, 'y': 417.86542885697594, 'elapsedTime': 4154}",429964272947,1861745803,POINT (0.3405828942848857 0.3869124341268296),,,,,,,,,,,,,,,,,,,,,,,,,,,,,,,,,,,,,,,,,,,,,,,
0,3,19,"{'x': 681.9493413506856, 'y': 460.03298795198754, 'elapsedTime': 4242.800000011921}",429964289613,1861762469,POINT (0.3551819486201487 0.4259564703259144),,,,,,,,,,,,,,,,,,,,,,,,,,,,,,,,,,,,,,,,,,,,,,,
0,3,19,"{'x': 681.9493413506856, 'y': 460.03298795198754, 'elapsedTime': 4242.800000011921}",429964306281,1861779136,POINT (0.3551819486201487 0.4259564703259144),,,,,,,,,,,,,,,,,,,,,,,,,,,,,,,,,,,,,,,,,,,,,,,
0,3,19,"{'x': 681.9493413506856, 'y': 460.03298795198754, 'elapsedTime': 4242.800000011921}",429964322952,1861795807,POINT (0.3551819486201487 0.4259564703259144),,,,,,,,,,,,,,,,,,,,,,,,,,,,,,,,,,,,,,,,,,,,,,,
0,3,19,"{'x': 681.9493413506856, 'y': 460.03298795198754, 'elapsedTime': 4242.800000011921}",429964339619,1861812473,POINT (0.3551819486201487 0.4259564703259144),,,,,,,,,,,,,,,,,,,,,,,,,,,,,,,,,,,,,,,,,,,,,,,
0,3,19,"{'x': 681.9493413506856, 'y': 460.03298795198754, 'elapsedTime': 4242.800000011921}",429964356286,1861829140,POINT (0.3551819486201487 0.4259564703259144),,,,,,,,,,,,,,,,,,,,,,,,,,,,,,,,,,,,,,,,,,,,,,,
0,3,19,"{'x': 670.423886663443, 'y': 455.86667808464523, 'elapsedTime': 4286.099999964237}",429964372954,1861845807,POINT (0.3491791076372099 0.4220987760043011),,,,,,,,,,,,,,,,,,,,,,,,,,,,,,,,,,,,,,,,,,,,,,,
0,3,19,"{'x': 670.423886663443, 'y': 455.86667808464523, 'elapsedTime': 4286.099999964237}",429964389620,1861862473,POINT (0.3491791076372099 0.4220987760043011),,,,,,,,,,,,,,,,,,,,,,,,,,,,,,,,,,,,,,,,,,,,,,,
0,3,19,"{'x': 722.6351271427085, 'y': 527.4756124906455, 'elapsedTime': 4328.699999988079}",429964406288,1861879140,POINT (0.376372462053494 0.4884033448987459),,,,,,,,,,,,,,,,,,,,,,,,,,,,,,,,,,,,,,,,,,,,,,,
0,3,19,"{'x': 722.6351271427085, 'y': 527.4756124906455, 'elapsedTime': 4328.699999988079}",429964422955,1861895807,POINT (0.376372462053494 0.4884033448987459),,,,,,,,,,,,,,,,,,,,,,,,,,,,,,,,,,,,,,,,,,,,,,,
0,3,19,"{'x': 722.6351271427085, 'y': 527.4756124906455, 'elapsedTime': 4328.699999988079}",429964439623,1861912474,POINT (0.376372462053494 0.4884033448987459),,,,,,,,,,,,,,,,,,,,,,,,,,,,,,,,,,,,,,,,,,,,,,,
0,3,19,"{'x': 729.7295771160127, 'y': 514.3799744833668, 'elapsedTime': 4369.300000011921}",429964456291,1861929142,POINT (0.3800674880812566 0.4762777541512656),,,,,,,,,,,,,,,,,,,,,,,,,,,,,,,,,,,,,,,,,,,,,,,
0,3,19,"{'x': 729.7295771160127, 'y': 514.3799744833668, 'elapsedTime': 4369.300000011921}",429964472959,1861945809,POINT (0.3800674880812566 0.4762777541512656),,,,,,,,,,,,,,,,,,,,,,,,,,,,,,,,,,,,,,,,,,,,,,,
0,3,19,"{'x': 668.9989460062893, 'y': 525.6759712349028, 'elapsedTime': 4410.399999976158}",429964489625,1861962475,POINT (0.3484369510449424 0.4867370104026878),,,,,,,,,,,,,,,,,,,,,,,,,,,,,,,,,,,,,,,,,,,,,,,
0,3,19,"{'x': 668.9989460062893, 'y': 525.6759712349028, 'elapsedTime': 4410.399999976158}",429964506293,1861979142,POINT (0.3484369510449424 0.4867370104026878),,,,,,,,,,,,,,,,,,,,,,,,,,,,,,,,,,,,,,,,,,,,,,,
0,3,19,"{'x': 668.9989460062893, 'y': 525.6759712349028, 'elapsedTime': 4410.399999976158}",429964522960,1861995809,POINT (0.3484369510449424 0.4867370104026878),,,,,,,,,,,,,,,,,,,,,,,,,,,,,,,,,,,,,,,,,,,,,,,
0,3,19,"{'x': 668.9989460062893, 'y': 525.6759712349028, 'elapsedTime': 4410.399999976158}",429964539627,1862012475,POINT (0.3484369510449424 0.4867370104026878),,,,,,,,,,,,,,,,,,,,,,,,,,,,,,,,,,,,,,,,,,,,,,,
0,3,19,"{'x': 635.3739626222638, 'y': 461.78362693474406, 'elapsedTime': 4460.099999964237}",429964556294,1862029142,POINT (0.3309239388657624 0.4275774323469852),,,,,,,,,,,,,,,,,,,,,,,,,,,,,,,,,,,,,,,,,,,,,,,
0,3,19,"{'x': 635.3739626222638, 'y': 461.78362693474406, 'elapsedTime': 4460.099999964237}",429964572961,1862045808,POINT (0.3309239388657624 0.4275774323469852),,,,,,,,,,,,,,,,,,,,,,,,,,,,,,,,,,,,,,,,,,,,,,,
0,3,19,"{'x': 635.3739626222638, 'y': 461.78362693474406, 'elapsedTime': 4460.099999964237}",429964589632,1862062479,POINT (0.3309239388657624 0.4275774323469852),,,,,,,,,,,,,,,,,,,,,,,,,,,,,,,,,,,,,,,,,,,,,,,
0,3,19,"{'x': 700.7607564722183, 'y': 429.94954552848077, 'elapsedTime': 4516.199999988079}",429964606300,1862079146,POINT (0.3649795606626137 0.3981014310448896),,,,,,,,,,,,,,,,,,,,,,,,,,,,,,,,,,,,,,,,,,,,,,,
0,3,19,"{'x': 700.7607564722183, 'y': 429.94954552848077, 'elapsedTime': 4516.199999988079}",429964622966,1862095812,POINT (0.3649795606626137 0.3981014310448896),,,,,,,,,,,,,,,,,,,,,,,,,,,,,,,,,,,,,,,,,,,,,,,
0,3,19,"{'x': 700.7607564722183, 'y': 429.94954552848077, 'elapsedTime': 4516.199999988079}",429964639634,1862112479,POINT (0.3649795606626137 0.3981014310448896),,,,,,,,,,,,,,,,,,,,,,,,,,,,,,,,,,,,,,,,,,,,,,,
0,3,19,"{'x': 716.2755083569891, 'y': 473.6830411792875, 'elapsedTime': 4563.599999964237}",429964656301,1862129146,POINT (0.3730601606025985 0.4385954084993403),,,,,,,,,,,,,,,,,,,,,,,,,,,,,,,,,,,,,,,,,,,,,,,
0,3,19,"{'x': 716.2755083569891, 'y': 473.6830411792875, 'elapsedTime': 4563.599999964237}",429964672969,1862145813,POINT (0.3730601606025985 0.4385954084993403),,,,,,,,,,,,,,,,,,,,,,,,,,,,,,,,,,,,,,,,,,,,,,,
0,3,19,"{'x': 665.1018021043434, 'y': 544.183788320665, 'elapsedTime': 4606.699999988079}",429964689635,1862162479,POINT (0.3464071885960122 0.5038738780746899),,,,,,,,,,,,,,,,,,,,,,,,,,,,,,,,,,,,,,,,,,,,,,1,
0,3,19,"{'x': 665.1018021043434, 'y': 544.183788320665, 'elapsedTime': 4606.699999988079}",429964706303,1862179146,POINT (0.3464071885960122 0.5038738780746899),,,,,,,,,,,,,,,,,,,,,,,,,,,,,,,,,,,,,,,,,,,,,,1,
0,3,19,"{'x': 665.1018021043434, 'y': 544.183788320665, 'elapsedTime': 4606.699999988079}",429964722978,1862195821,POINT (0.3464071885960122 0.5038738780746899),,,,,,,,,,,,,,,,,,,,,,,,,,,,,,,,,,,,,,,,,,,,,,1,
0,3,19,"{'x': 700.6996286017816, 'y': 458.8541756397743, 'elapsedTime': 4650.800000011921}",429964739645,1862212487,POINT (0.3649477232300946 0.4248649774442355),,,,,,,,,,,,,,,,,,,,,,,,,,,,,,,,,,,,,,,,,,,,,,,
0,3,19,"{'x': 700.6996286017816, 'y': 458.8541756397743, 'elapsedTime': 4650.800000011921}",429964756313,1862229154,POINT (0.3649477232300946 0.4248649774442355),,,,,,,,,,,,,,,,,,,,,,,,,,,,,,,,,,,,,,,,,,,,,,,
0,3,19,"{'x': 722.5326917759784, 'y': 564.1436429997203, 'elapsedTime': 4693.399999976158}",429964772979,1862245820,POINT (0.3763191102999887 0.5223552249997411),,,,,,,,,,,,,,,,,,,,,,,,,,,,,,,,,,,,,,,,,,,,,,1,
0,3,19,"{'x': 722.5326917759784, 'y': 564.1436429997203, 'elapsedTime': 4693.399999976158}",429964789648,1862262488,POINT (0.3763191102999887 0.5223552249997411),,,,,,,,,,,,,,,,,,,,,,,,,,,,,,,,,,,,,,,,,,,,,,1,
0,3,19,"{'x': 722.5326917759784, 'y': 564.1436429997203, 'elapsedTime': 4693.399999976158}",429964806314,1862279154,POINT (0.3763191102999887 0.5223552249997411),,,,,,,,,,,,,,,,,,,,,,,,,,,,,,,,,,,,,,,,,,,,,,1,
0,3,19,"{'x': 744.2918917760053, 'y': 513.0068611115406, 'elapsedTime': 4740.199999988079}",429964822982,1862295821,POINT (0.3876520269666694 0.4750063528810561),,,,,,,,,,,,,,,,,,,,,,,,,,,,,,,,,,,,,,,,,,,,,,,
0,3,19,"{'x': 744.2918917760053, 'y': 513.0068611115406, 'elapsedTime': 4740.199999988079}",429964839652,1862312491,POINT (0.3876520269666694 0.4750063528810561),,,,,,,,,,,,,,,,,,,,,,,,,,,,,,,,,,,,,,,,,,,,,,,
0,3,19,"{'x': 744.2918917760053, 'y': 513.0068611115406, 'elapsedTime': 4740.199999988079}",429964856318,1862329156,POINT (0.3876520269666694 0.4750063528810561),,,,,,,,,,,,,,,,,,,,,,,,,,,,,,,,,,,,,,,,,,,,,,,
0,3,19,"{'x': 748.6371853824728, 'y': 549.7783242703039, 'elapsedTime': 4785}",429964872985,1862345823,POINT (0.3899152007200379 0.509054003953985),,,,,,,,,,,,,,,,,,,,,,,,,,,,,,,,,,,,,,,,,,,,,,1,
0,3,19,"{'x': 748.6371853824728, 'y': 549.7783242703039, 'elapsedTime': 4785}",429964889652,1862362489,POINT (0.3899152007200379 0.509054003953985),,,,,,,,,,,,,,,,,,,,,,,,,,,,,,,,,,,,,,,,,,,,,,1,
0,3,19,"{'x': 748.6371853824728, 'y': 549.7783242703039, 'elapsedTime': 4785}",429964906319,1862379156,POINT (0.3899152007200379 0.509054003953985),,,,,,,,,,,,,,,,,,,,,,,,,,,,,,,,,,,,,,,,,,,,,,1,
0,3,19,"{'x': 748.6371853824728, 'y': 549.7783242703039, 'elapsedTime': 4785}",429964922986,1862395822,POINT (0.3899152007200379 0.509054003953985),,,,,,,,,,,,,,,,,,,,,,,,,,,,,,,,,,,,,,,,,,,,,,1,
0,3,19,"{'x': 746.2683518411104, 'y': 647.7016400092313, 'elapsedTime': 4832.399999976158}",429964939653,1862412489,POINT (0.3886814332505784 0.5997237407492882),,,,,,,,,,,,,,,,,,,,,,,,,,,,,,,,,,,,,,,,,,,,,,1,
0,3,19,"{'x': 746.2683518411104, 'y': 647.7016400092313, 'elapsedTime': 4832.399999976158}",429964956321,1862429156,POINT (0.3886814332505784 0.5997237407492882),,,,,,,,,,,,,,,,,,,,,,,,,,,,,,,,,,,,,,,,,,,,,,1,
0,3,19,"{'x': 744.5253102793334, 'y': 607.0234377196844, 'elapsedTime': 4893.199999988079}",429964972995,1862445830,POINT (0.3877735991038195 0.5620587386293374),,,,,,,,,,,,,,,,,,,,,,,,,,,,,,,,,,,,,,,,,,,,,,1,
0,3,19,"{'x': 744.5253102793334, 'y': 607.0234377196844, 'elapsedTime': 4893.199999988079}",429964989663,1862462497,POINT (0.3877735991038195 0.5620587386293374),,,,,,,,,,,,,,,,,,,,,,,,,,,,,,,,,,,,,,,,,,,,,,1,
0,3,19,"{'x': 744.5253102793334, 'y': 607.0234377196844, 'elapsedTime': 4893.199999988079}",429965006330,1862479164,POINT (0.3877735991038195 0.5620587386293374),,,,,,,,,,,,,,,,,,,,,,,,,,,,,,,,,,,,,,,,,,,,,,1,
0,3,19,"{'x': 791.3678310613097, 'y': 524.7367388854551, 'elapsedTime': 4937.099999964237}",429965022997,1862495830,POINT (0.4121707453444322 0.4858673508198658),,,,,,,,,,,,,,,,,,,,,,,,,,,,,,,,,,,,,,,,,,,,,,1,
0,3,19,"{'x': 791.3678310613097, 'y': 524.7367388854551, 'elapsedTime': 4937.099999964237}",429965039664,1862512497,POINT (0.4121707453444322 0.4858673508198658),,,,,,,,,,,,,,,,,,,,,,,,,,,,,,,,,,,,,,,,,,,,,,1,
0,3,19,"{'x': 791.3678310613097, 'y': 524.7367388854551, 'elapsedTime': 4937.099999964237}",429965056331,1862529163,POINT (0.4121707453444322 0.4858673508198658),,,,,,,,,,,,,,,,,,,,,,,,,,,,,,,,,,,,,,,,,,,,,,1,
0,3,19,"{'x': 860.0051999623795, 'y': 395.0500018016373, 'elapsedTime': 4989.899999976158}",429965072999,1862545831,POINT (0.447919374980406 0.3657870387052197),,,,,,,,,,,,,,,,,,,,,,,,,,,,,,,,,,,,,,,,,,,,,,,
0,3,19,"{'x': 860.0051999623795, 'y': 395.0500018016373, 'elapsedTime': 4989.899999976158}",429965089666,1862562497,POINT (0.447919374980406 0.3657870387052197),,,,,,,,,,,,,,,,,,,,,,,,,,,,,,,,,,,,,,,,,,,,,,,
0,3,19,"{'x': 860.0051999623795, 'y': 395.0500018016373, 'elapsedTime': 4989.899999976158}",429965106336,1862579167,POINT (0.447919374980406 0.3657870387052197),,,,,,,,,,,,,,,,,,,,,,,,,,,,,,,,,,,,,,,,,,,,,,,
0,3,19,"{'x': 868.7189736699002, 'y': 527.3944590050514, 'elapsedTime': 5037.399999976158}",429965123005,1862595835,POINT (0.4524577987864064 0.488328202782455),,,,,,,,,,,,,,,,,,,,,,,,,,,,,,,,,,,,,,,,,,,,,,1,
0,3,19,"{'x': 868.7189736699002, 'y': 527.3944590050514, 'elapsedTime': 5037.399999976158}",429965139671,1862612501,POINT (0.4524577987864064 0.488328202782455),,,,,,,,,,,,,,,,,,,,,,,,,,,,,,,,,,,,,,,,,,,,,,1,
0,3,19,"{'x': 868.7189736699002, 'y': 527.3944590050514, 'elapsedTime': 5037.399999976158}",429965156339,1862629168,POINT (0.4524577987864064 0.488328202782455),,,,,,,,,,,,,,,,,,,,,,,,,,,,,,,,,,,,,,,,,,,,,,1,
0,3,19,"{'x': 838.3398315317797, 'y': 652.755127079425, 'elapsedTime': 5081.300000011921}",429965173005,1862645834,POINT (0.4366353289228019 0.6044028954439121),,,,,,,,,,,,,,,,,,,,,,,,,,,,,,,,,,,,,,,,,,,,,,,
0,3,19,"{'x': 838.3398315317797, 'y': 652.755127079425, 'elapsedTime': 5081.300000011921}",429965189673,1862662501,POINT (0.4366353289228019 0.6044028954439121),,,,,,,,,,,,,,,,,,,,,,,,,,,,,,,,,,,,,,,,,,,,,,,
0,3,19,"{'x': 838.3398315317797, 'y': 652.755127079425, 'elapsedTime': 5081.300000011921}",429965206340,1862679168,POINT (0.4366353289228019 0.6044028954439121),,,,,,,,,,,,,,,,,,,,,,,,,,,,,,,,,,,,,,,,,,,,,,,
0,3,19,"{'x': 784.597204434308, 'y': 637.404867647439, 'elapsedTime': 5130.300000011921}",429965223007,1862695834,POINT (0.4086443773095354 0.5901896922661473),,,,,,,,,,,,,,,,,,,,,,,,,,,,,,,,,,,,,,,,,,,,,,1,
0,3,19,"{'x': 784.597204434308, 'y': 637.404867647439, 'elapsedTime': 5130.300000011921}",429965239679,1862712506,POINT (0.4086443773095354 0.5901896922661473),,,,,,,,,,,,,,,,,,,,,,,,,,,,,,,,,,,,,,,,,,,,,,1,
0,3,19,"{'x': 784.597204434308, 'y': 637.404867647439, 'elapsedTime': 5130.300000011921}",429965256346,1862729172,POINT (0.4086443773095354 0.5901896922661473),,,,,,,,,,,,,,,,,,,,,,,,,,,,,,,,,,,,,,,,,,,,,,1,
0,3,19,"{'x': 800.7992322310055, 'y': 566.8288903838512, 'elapsedTime': 5185.699999988079}",429965273013,1862745839,POINT (0.4170829334536487 0.5248415651702326),,,,,,,,,,,,,,,,,,,,,,,,,,,,,,,,,,,,,,,,,,,,,,1,
0,3,19,"{'x': 800.7992322310055, 'y': 566.8288903838512, 'elapsedTime': 5185.699999988079}",429965289681,1862762506,POINT (0.4170829334536487 0.5248415651702326),,,,,,,,,,,,,,,,,,,,,,,,,,,,,,,,,,,,,,,,,,,,,,1,
0,3,19,"{'x': 800.7992322310055, 'y': 566.8288903838512, 'elapsedTime': 5185.699999988079}",429965306347,1862779172,POINT (0.4170829334536487 0.5248415651702326),,,,,,,,,,,,,,,,,,,,,,,,,,,,,,,,,,,,,,,,,,,,,,1,
0,3,19,"{'x': 895.346422290955, 'y': 625.534217043262, 'elapsedTime': 5239.099999964237}",429965323015,1862795839,POINT (0.4663262616098724 0.5791983491141315),,,,,,,,,,,,,,,,,,,,,,,,,,,,,,,,,,,,,,,,,,,,,,1,
0,3,19,"{'x': 895.346422290955, 'y': 625.534217043262, 'elapsedTime': 5239.099999964237}",429965339682,1862812506,POINT (0.4663262616098724 0.5791983491141315),,,,,,,,,,,,,,,,,,,,,,,,,,,,,,,,,,,,,,,,,,,,,,1,
0,3,19,"{'x': 895.346422290955, 'y': 625.534217043262, 'elapsedTime': 5239.099999964237}",429965356349,1862829172,POINT (0.4663262616098724 0.5791983491141315),,,,,,,,,,,,,,,,,,,,,,,,,,,,,,,,,,,,,,,,,,,,,,1,
0,3,19,"{'x': 893.9628335146006, 'y': 621.802757642901, 'elapsedTime': 5289.899999976158}",429965373022,1862845845,POINT (0.4656056424555211 0.5757432941137972),,,,,,,,,,,,,,,,,,,,,,,,,,,,,,,,,,,,,,,,,,,,,,1,
0,3,19,"{'x': 893.9628335146006, 'y': 621.802757642901, 'elapsedTime': 5289.899999976158}",429965389690,1862862512,POINT (0.4656056424555211 0.5757432941137972),,,,,,,,,,,,,,,,,,,,,,,,,,,,,,,,,,,,,,,,,,,,,,1,
0,3,19,"{'x': 893.9628335146006, 'y': 621.802757642901, 'elapsedTime': 5289.899999976158}",429965406357,1862879179,POINT (0.4656056424555211 0.5757432941137972),,,,,,,,,,,,,,,,,,,,,,,,,,,,,,,,,,,,,,,,,,,,,,1,
0,3,19,"{'x': 893.9628335146006, 'y': 621.802757642901, 'elapsedTime': 5289.899999976158}",429965423024,1862895845,POINT (0.4656056424555211 0.5757432941137972),,,,,,,,,,,,,,,,,,,,,,,,,,,,,,,,,,,,,,,,,,,,,,1,
0,3,19,"{'x': 813.93433261438, 'y': 633.6578140573077, 'elapsedTime': 5342.699999988079}",429965439692,1862912512,POINT (0.4239241315699896 0.5867201982012109),,,,,,,,,,,,,,,,,,,,,,,,,,,,,,,,,,,,,,,,,,,,,,1,
0,3,19,"{'x': 813.93433261438, 'y': 633.6578140573077, 'elapsedTime': 5342.699999988079}",429965456359,1862929179,POINT (0.4239241315699896 0.5867201982012109),,,,,,,,,,,,,,,,,,,,,,,,,,,,,,,,,,,,,,,,,,,,,,1,
0,3,19,"{'x': 813.93433261438, 'y': 633.6578140573077, 'elapsedTime': 5342.699999988079}",429965473026,1862945845,POINT (0.4239241315699896 0.5867201982012109),,,,,,,,,,,,,,,,,,,,,,,,,,,,,,,,,,,,,,,,,,,,,,1,
0,3,19,"{'x': 887.9993885304115, 'y': 584.1536238932753, 'elapsedTime': 5394.899999976158}",429965489693,1862962512,POINT (0.462499681526256 0.540882985086366),,,,,,,,,,,,,,,,,,,,,,,,,,,,,,,,,,,,,,,,,,,,,,1,
0,3,19,"{'x': 887.9993885304115, 'y': 584.1536238932753, 'elapsedTime': 5394.899999976158}",429965506360,1862979178,POINT (0.462499681526256 0.540882985086366),,,,,,,,,,,,,,,,,,,,,,,,,,,,,,,,,,,,,,,,,,,,,,1,
0,3,19,"{'x': 887.9993885304115, 'y': 584.1536238932753, 'elapsedTime': 5394.899999976158}",429965523027,1862995845,POINT (0.462499681526256 0.540882985086366),,,,,,,,,,,,,,,,,,,,,,,,,,,,,,,,,,,,,,,,,,,,,,1,
0,3,19,"{'x': 894.1683933960818, 'y': 504.4187108024822, 'elapsedTime': 5443}",429965539695,1863012512,POINT (0.4657127048937926 0.4670543618541502),,,,,,,,,,,,,,,,,,,,,,,,,,,,,,,,,,,,,,,,,,,,,,1,
0,3,19,"{'x': 894.1683933960818, 'y': 504.4187108024822, 'elapsedTime': 5443}",429965556361,1863029178,POINT (0.4657127048937926 0.4670543618541502),,,,,,,,,,,,,,,,,,,,,,,,,,,,,,,,,,,,,,,,,,,,,,1,
0,3,19,"{'x': 894.1683933960818, 'y': 504.4187108024822, 'elapsedTime': 5443}",429965573029,1863045845,POINT (0.4657127048937926 0.4670543618541502),,,,,,,,,,,,,,,,,,,,,,,,,,,,,,,,,,,,,,,,,,,,,,1,
0,3,19,"{'x': 903.1340696059369, 'y': 440.0209008757465, 'elapsedTime': 5497.399999976158}",429965589695,1863062511,POINT (0.4703823279197588 0.4074267600701357),,,,,,,,,,,,,,,,,,,,,,,,,,,,,,,,,,,,,,,,,,,,,,,
0,3,19,"{'x': 903.1340696059369, 'y': 440.0209008757465, 'elapsedTime': 5497.399999976158}",429965606363,1863079178,POINT (0.4703823279197588 0.4074267600701357),,,,,,,,,,,,,,,,,,,,,,,,,,,,,,,,,,,,,,,,,,,,,,,
0,3,19,"{'x': 903.1340696059369, 'y': 440.0209008757465, 'elapsedTime': 5497.399999976158}",429965623030,1863095845,POINT (0.4703823279197588 0.4074267600701357),,,,,,,,,,,,,,,,,,,,,,,,,,,,,,,,,,,,,,,,,,,,,,,
0,3,19,"{'x': 994.9121688559301, 'y': 322.7498965609208, 'elapsedTime': 5546.099999964237}",429965639706,1863112520,POINT (0.5181834212791302 0.2988424968156674),,,,,,,,,,,,,,,,,,,,,,,,,,,,,,,,,,,,,,,,,,,,,,1,
0,3,19,"{'x': 994.9121688559301, 'y': 322.7498965609208, 'elapsedTime': 5546.099999964237}",429965656372,1863129186,POINT (0.5181834212791302 0.2988424968156674),,,,,,,,,,,,,,,,,,,,,,,,,,,,,,,,,,,,,,,,,,,,,,1,
