,pid,stimulus_number,coordinates,current_time,current_time1,geometry,bool.1,afunc.1,const.1,-----------.1,std::vector<int>.1,numbers.1,int.1,target.1,int.2,count.1,=.1,0.1,for.1,int.3,num.1,-----------.2,numbers.2,if.1,num.2,==.1,target.2,count.2,if.2,count.3,==.2,3.1,return.1,true.1,-----------.5,-----------.6,-----------.7,return.2,false.1,-----------.8,question,code,choices
0,3,16,"{'x': 691.9374512087729, 'y': 413.3908313173832, 'elapsedTime': 6415.699999988079}",430174319865,2071786496,POINT (0.3603840891712359 0.3827692882568363),,,,,,,,,,,,,,,,,,,,,,,,,,,,,,,,,,,,,
0,3,16,"{'x': 691.9374512087729, 'y': 413.3908313173832, 'elapsedTime': 6415.699999988079}",430174336532,2071803163,POINT (0.3603840891712359 0.3827692882568363),,,,,,,,,,,,,,,,,,,,,,,,,,,,,,,,,,,,,
0,3,16,"{'x': 691.9374512087729, 'y': 413.3908313173832, 'elapsedTime': 6415.699999988079}",430174353199,2071819830,POINT (0.3603840891712359 0.3827692882568363),,,,,,,,,,,,,,,,,,,,,,,,,,,,,,,,,,,,,
0,3,16,"{'x': 691.9374512087729, 'y': 413.3908313173832, 'elapsedTime': 6415.699999988079}",430174369865,2071836496,POINT (0.3603840891712359 0.3827692882568363),,,,,,,,,,,,,,,,,,,,,,,,,,,,,,,,,,,,,
0,3,16,"{'x': 691.9374512087729, 'y': 413.3908313173832, 'elapsedTime': 6415.699999988079}",430174386532,2071853163,POINT (0.3603840891712359 0.3827692882568363),,,,,,,,,,,,,,,,,,,,,,,,,,,,,,,,,,,,,
0,3,16,"{'x': 691.9374512087729, 'y': 413.3908313173832, 'elapsedTime': 6415.699999988079}",430174403198,2071869829,POINT (0.3603840891712359 0.3827692882568363),,,,,,,,,,,,,,,,,,,,,,,,,,,,,,,,,,,,,
0,3,16,"{'x': 691.9374512087729, 'y': 413.3908313173832, 'elapsedTime': 6415.699999988079}",430174419865,2071886496,POINT (0.3603840891712359 0.3827692882568363),,,,,,,,,,,,,,,,,,,,,,,,,,,,,,,,,,,,,
0,3,16,"{'x': 691.9374512087729, 'y': 413.3908313173832, 'elapsedTime': 6415.699999988079}",430174436537,2071903167,POINT (0.3603840891712359 0.3827692882568363),,,,,,,,,,,,,,,,,,,,,,,,,,,,,,,,,,,,,
0,3,16,"{'x': 691.9374512087729, 'y': 413.3908313173832, 'elapsedTime': 6415.699999988079}",430174453202,2071919833,POINT (0.3603840891712359 0.3827692882568363),,,,,,,,,,,,,,,,,,,,,,,,,,,,,,,,,,,,,
0,3,16,"{'x': 691.9374512087729, 'y': 413.3908313173832, 'elapsedTime': 6415.699999988079}",430174469870,2071936500,POINT (0.3603840891712359 0.3827692882568363),,,,,,,,,,,,,,,,,,,,,,,,,,,,,,,,,,,,,
0,3,16,"{'x': 691.9374512087729, 'y': 413.3908313173832, 'elapsedTime': 6415.699999988079}",430174486537,2071953167,POINT (0.3603840891712359 0.3827692882568363),,,,,,,,,,,,,,,,,,,,,,,,,,,,,,,,,,,,,
0,3,16,"{'x': 691.9374512087729, 'y': 413.3908313173832, 'elapsedTime': 6415.699999988079}",430174503203,2071969833,POINT (0.3603840891712359 0.3827692882568363),,,,,,,,,,,,,,,,,,,,,,,,,,,,,,,,,,,,,
0,3,16,"{'x': 691.9374512087729, 'y': 413.3908313173832, 'elapsedTime': 6415.699999988079}",430174519870,2071986500,POINT (0.3603840891712359 0.3827692882568363),,,,,,,,,,,,,,,,,,,,,,,,,,,,,,,,,,,,,
0,3,16,"{'x': 691.9374512087729, 'y': 413.3908313173832, 'elapsedTime': 6415.699999988079}",430174536538,2072003167,POINT (0.3603840891712359 0.3827692882568363),,,,,,,,,,,,,,,,,,,,,,,,,,,,,,,,,,,,,
0,3,16,"{'x': 691.9374512087729, 'y': 413.3908313173832, 'elapsedTime': 6415.699999988079}",430174553203,2072019833,POINT (0.3603840891712359 0.3827692882568363),,,,,,,,,,,,,,,,,,,,,,,,,,,,,,,,,,,,,
0,3,16,"{'x': 691.9374512087729, 'y': 413.3908313173832, 'elapsedTime': 6415.699999988079}",430174569875,2072036504,POINT (0.3603840891712359 0.3827692882568363),,,,,,,,,,,,,,,,,,,,,,,,,,,,,,,,,,,,,
0,3,16,"{'x': 691.9374512087729, 'y': 413.3908313173832, 'elapsedTime': 6415.699999988079}",430174586542,2072053171,POINT (0.3603840891712359 0.3827692882568363),,,,,,,,,,,,,,,,,,,,,,,,,,,,,,,,,,,,,
0,3,16,"{'x': 691.9374512087729, 'y': 413.3908313173832, 'elapsedTime': 6415.699999988079}",430174603208,2072069837,POINT (0.3603840891712359 0.3827692882568363),,,,,,,,,,,,,,,,,,,,,,,,,,,,,,,,,,,,,
0,3,16,"{'x': 691.9374512087729, 'y': 413.3908313173832, 'elapsedTime': 6415.699999988079}",430174619875,2072086504,POINT (0.3603840891712359 0.3827692882568363),,,,,,,,,,,,,,,,,,,,,,,,,,,,,,,,,,,,,
0,3,16,"{'x': 691.9374512087729, 'y': 413.3908313173832, 'elapsedTime': 6415.699999988079}",430174636542,2072103171,POINT (0.3603840891712359 0.3827692882568363),,,,,,,,,,,,,,,,,,,,,,,,,,,,,,,,,,,,,
0,3,16,"{'x': 691.9374512087729, 'y': 413.3908313173832, 'elapsedTime': 6415.699999988079}",430174653208,2072119837,POINT (0.3603840891712359 0.3827692882568363),,,,,,,,,,,,,,,,,,,,,,,,,,,,,,,,,,,,,
0,3,16,"{'x': 691.9374512087729, 'y': 413.3908313173832, 'elapsedTime': 6415.699999988079}",430174669875,2072136504,POINT (0.3603840891712359 0.3827692882568363),,,,,,,,,,,,,,,,,,,,,,,,,,,,,,,,,,,,,
0,3,16,"{'x': 691.9374512087729, 'y': 413.3908313173832, 'elapsedTime': 6415.699999988079}",430174686543,2072153171,POINT (0.3603840891712359 0.3827692882568363),,,,,,,,,,,,,,,,,,,,,,,,,,,,,,,,,,,,,
0,3,16,"{'x': 691.9374512087729, 'y': 413.3908313173832, 'elapsedTime': 6415.699999988079}",430174703214,2072169843,POINT (0.3603840891712359 0.3827692882568363),,,,,,,,,,,,,,,,,,,,,,,,,,,,,,,,,,,,,
0,3,16,"{'x': 691.9374512087729, 'y': 413.3908313173832, 'elapsedTime': 6415.699999988079}",430174719882,2072186510,POINT (0.3603840891712359 0.3827692882568363),,,,,,,,,,,,,,,,,,,,,,,,,,,,,,,,,,,,,
0,3,16,"{'x': 691.9374512087729, 'y': 413.3908313173832, 'elapsedTime': 6415.699999988079}",430174736549,2072203177,POINT (0.3603840891712359 0.3827692882568363),,,,,,,,,,,,,,,,,,,,,,,,,,,,,,,,,,,,,
0,3,16,"{'x': 691.9374512087729, 'y': 413.3908313173832, 'elapsedTime': 6415.699999988079}",430174753215,2072219843,POINT (0.3603840891712359 0.3827692882568363),,,,,,,,,,,,,,,,,,,,,,,,,,,,,,,,,,,,,
0,3,16,"{'x': 691.9374512087729, 'y': 413.3908313173832, 'elapsedTime': 6415.699999988079}",430174769882,2072236510,POINT (0.3603840891712359 0.3827692882568363),,,,,,,,,,,,,,,,,,,,,,,,,,,,,,,,,,,,,
0,3,16,"{'x': 691.9374512087729, 'y': 413.3908313173832, 'elapsedTime': 6415.699999988079}",430174786550,2072253177,POINT (0.3603840891712359 0.3827692882568363),,,,,,,,,,,,,,,,,,,,,,,,,,,,,,,,,,,,,
0,3,16,"{'x': 691.9374512087729, 'y': 413.3908313173832, 'elapsedTime': 6415.699999988079}",430174803215,2072269843,POINT (0.3603840891712359 0.3827692882568363),,,,,,,,,,,,,,,,,,,,,,,,,,,,,,,,,,,,,
0,3,16,"{'x': 691.9374512087729, 'y': 413.3908313173832, 'elapsedTime': 6415.699999988079}",430174819883,2072286510,POINT (0.3603840891712359 0.3827692882568363),,,,,,,,,,,,,,,,,,,,,,,,,,,,,,,,,,,,,
0,3,16,"{'x': 691.9374512087729, 'y': 413.3908313173832, 'elapsedTime': 6415.699999988079}",430174836554,2072303182,POINT (0.3603840891712359 0.3827692882568363),,,,,,,,,,,,,,,,,,,,,,,,,,,,,,,,,,,,,
0,3,16,"{'x': 691.9374512087729, 'y': 413.3908313173832, 'elapsedTime': 6415.699999988079}",430174853221,2072319848,POINT (0.3603840891712359 0.3827692882568363),,,,,,,,,,,,,,,,,,,,,,,,,,,,,,,,,,,,,
0,3,16,"{'x': 691.9374512087729, 'y': 413.3908313173832, 'elapsedTime': 6415.699999988079}",430174869888,2072336515,POINT (0.3603840891712359 0.3827692882568363),,,,,,,,,,,,,,,,,,,,,,,,,,,,,,,,,,,,,
0,3,16,"{'x': 691.9374512087729, 'y': 413.3908313173832, 'elapsedTime': 6415.699999988079}",430174886554,2072353182,POINT (0.3603840891712359 0.3827692882568363),,,,,,,,,,,,,,,,,,,,,,,,,,,,,,,,,,,,,
0,3,16,"{'x': 691.9374512087729, 'y': 413.3908313173832, 'elapsedTime': 6415.699999988079}",430174903221,2072369848,POINT (0.3603840891712359 0.3827692882568363),,,,,,,,,,,,,,,,,,,,,,,,,,,,,,,,,,,,,
0,3,16,"{'x': 691.9374512087729, 'y': 413.3908313173832, 'elapsedTime': 6415.699999988079}",430174919888,2072386515,POINT (0.3603840891712359 0.3827692882568363),,,,,,,,,,,,,,,,,,,,,,,,,,,,,,,,,,,,,
0,3,16,"{'x': 691.9374512087729, 'y': 413.3908313173832, 'elapsedTime': 6415.699999988079}",430174936553,2072403180,POINT (0.3603840891712359 0.3827692882568363),,,,,,,,,,,,,,,,,,,,,,,,,,,,,,,,,,,,,
0,3,16,"{'x': 691.9374512087729, 'y': 413.3908313173832, 'elapsedTime': 6415.699999988079}",430174953219,2072419846,POINT (0.3603840891712359 0.3827692882568363),,,,,,,,,,,,,,,,,,,,,,,,,,,,,,,,,,,,,
0,3,16,"{'x': 691.9374512087729, 'y': 413.3908313173832, 'elapsedTime': 6415.699999988079}",430174969890,2072436516,POINT (0.3603840891712359 0.3827692882568363),,,,,,,,,,,,,,,,,,,,,,,,,,,,,,,,,,,,,
0,3,16,"{'x': 691.9374512087729, 'y': 413.3908313173832, 'elapsedTime': 6415.699999988079}",430174986557,2072453183,POINT (0.3603840891712359 0.3827692882568363),,,,,,,,,,,,,,,,,,,,,,,,,,,,,,,,,,,,,
0,3,16,"{'x': 691.9374512087729, 'y': 413.3908313173832, 'elapsedTime': 6415.699999988079}",430175003225,2072469850,POINT (0.3603840891712359 0.3827692882568363),,,,,,,,,,,,,,,,,,,,,,,,,,,,,,,,,,,,,
0,3,16,"{'x': 691.9374512087729, 'y': 413.3908313173832, 'elapsedTime': 6415.699999988079}",430175019894,2072486519,POINT (0.3603840891712359 0.3827692882568363),,,,,,,,,,,,,,,,,,,,,,,,,,,,,,,,,,,,,
0,3,16,"{'x': 691.9374512087729, 'y': 413.3908313173832, 'elapsedTime': 6415.699999988079}",430175036561,2072503185,POINT (0.3603840891712359 0.3827692882568363),,,,,,,,,,,,,,,,,,,,,,,,,,,,,,,,,,,,,
0,3,16,"{'x': 691.9374512087729, 'y': 413.3908313173832, 'elapsedTime': 6415.699999988079}",430175053228,2072519852,POINT (0.3603840891712359 0.3827692882568363),,,,,,,,,,,,,,,,,,,,,,,,,,,,,,,,,,,,,
0,3,16,"{'x': 691.9374512087729, 'y': 413.3908313173832, 'elapsedTime': 6415.699999988079}",430175069894,2072536517,POINT (0.3603840891712359 0.3827692882568363),,,,,,,,,,,,,,,,,,,,,,,,,,,,,,,,,,,,,
0,3,16,"{'x': 691.9374512087729, 'y': 413.3908313173832, 'elapsedTime': 6415.699999988079}",430175086562,2072553185,POINT (0.3603840891712359 0.3827692882568363),,,,,,,,,,,,,,,,,,,,,,,,,,,,,,,,,,,,,
0,3,16,"{'x': 691.9374512087729, 'y': 413.3908313173832, 'elapsedTime': 6415.699999988079}",430175103236,2072569858,POINT (0.3603840891712359 0.3827692882568363),,,,,,,,,,,,,,,,,,,,,,,,,,,,,,,,,,,,,
0,3,16,"{'x': 691.9374512087729, 'y': 413.3908313173832, 'elapsedTime': 6415.699999988079}",430175119903,2072586525,POINT (0.3603840891712359 0.3827692882568363),,,,,,,,,,,,,,,,,,,,,,,,,,,,,,,,,,,,,
0,3,16,"{'x': 691.9374512087729, 'y': 413.3908313173832, 'elapsedTime': 6415.699999988079}",430175136570,2072603192,POINT (0.3603840891712359 0.3827692882568363),,,,,,,,,,,,,,,,,,,,,,,,,,,,,,,,,,,,,
0,3,16,"{'x': 691.9374512087729, 'y': 413.3908313173832, 'elapsedTime': 6415.699999988079}",430175153237,2072619858,POINT (0.3603840891712359 0.3827692882568363),,,,,,,,,,,,,,,,,,,,,,,,,,,,,,,,,,,,,
0,3,16,"{'x': 691.9374512087729, 'y': 413.3908313173832, 'elapsedTime': 6415.699999988079}",430175169904,2072636525,POINT (0.3603840891712359 0.3827692882568363),,,,,,,,,,,,,,,,,,,,,,,,,,,,,,,,,,,,,
0,3,16,"{'x': 691.9374512087729, 'y': 413.3908313173832, 'elapsedTime': 6415.699999988079}",430175186571,2072653191,POINT (0.3603840891712359 0.3827692882568363),,,,,,,,,,,,,,,,,,,,,,,,,,,,,,,,,,,,,
0,3,16,"{'x': 691.9374512087729, 'y': 413.3908313173832, 'elapsedTime': 6415.699999988079}",430175203238,2072669858,POINT (0.3603840891712359 0.3827692882568363),,,,,,,,,,,,,,,,,,,,,,,,,,,,,,,,,,,,,
0,3,16,"{'x': 691.9374512087729, 'y': 413.3908313173832, 'elapsedTime': 6415.699999988079}",430175219906,2072686525,POINT (0.3603840891712359 0.3827692882568363),,,,,,,,,,,,,,,,,,,,,,,,,,,,,,,,,,,,,
0,3,16,"{'x': 691.9374512087729, 'y': 413.3908313173832, 'elapsedTime': 6415.699999988079}",430175236576,2072703195,POINT (0.3603840891712359 0.3827692882568363),,,,,,,,,,,,,,,,,,,,,,,,,,,,,,,,,,,,,
0,3,16,"{'x': 691.9374512087729, 'y': 413.3908313173832, 'elapsedTime': 6415.699999988079}",430175253244,2072719862,POINT (0.3603840891712359 0.3827692882568363),,,,,,,,,,,,,,,,,,,,,,,,,,,,,,,,,,,,,
0,3,16,"{'x': 691.9374512087729, 'y': 413.3908313173832, 'elapsedTime': 6415.699999988079}",430175269911,2072736529,POINT (0.3603840891712359 0.3827692882568363),,,,,,,,,,,,,,,,,,,,,,,,,,,,,,,,,,,,,
0,3,16,"{'x': 691.9374512087729, 'y': 413.3908313173832, 'elapsedTime': 6415.699999988079}",430175286578,2072753195,POINT (0.3603840891712359 0.3827692882568363),,,,,,,,,,,,,,,,,,,,,,,,,,,,,,,,,,,,,
0,3,16,"{'x': 691.9374512087729, 'y': 413.3908313173832, 'elapsedTime': 6415.699999988079}",430175303245,2072769862,POINT (0.3603840891712359 0.3827692882568363),,,,,,,,,,,,,,,,,,,,,,,,,,,,,,,,,,,,,
0,3,16,"{'x': 691.9374512087729, 'y': 413.3908313173832, 'elapsedTime': 6415.699999988079}",430175319913,2072786529,POINT (0.3603840891712359 0.3827692882568363),,,,,,,,,,,,,,,,,,,,,,,,,,,,,,,,,,,,,
0,3,16,"{'x': 691.9374512087729, 'y': 413.3908313173832, 'elapsedTime': 6415.699999988079}",430175336579,2072803195,POINT (0.3603840891712359 0.3827692882568363),,,,,,,,,,,,,,,,,,,,,,,,,,,,,,,,,,,,,
0,3,16,"{'x': 691.9374512087729, 'y': 413.3908313173832, 'elapsedTime': 6415.699999988079}",430175353247,2072819862,POINT (0.3603840891712359 0.3827692882568363),,,,,,,,,,,,,,,,,,,,,,,,,,,,,,,,,,,,,
0,3,16,"{'x': 691.9374512087729, 'y': 413.3908313173832, 'elapsedTime': 6415.699999988079}",430175369917,2072836532,POINT (0.3603840891712359 0.3827692882568363),,,,,,,,,,,,,,,,,,,,,,,,,,,,,,,,,,,,,
0,3,16,"{'x': 691.9374512087729, 'y': 413.3908313173832, 'elapsedTime': 6415.699999988079}",430175386583,2072853198,POINT (0.3603840891712359 0.3827692882568363),,,,,,,,,,,,,,,,,,,,,,,,,,,,,,,,,,,,,
0,3,16,"{'x': 691.9374512087729, 'y': 413.3908313173832, 'elapsedTime': 6415.699999988079}",430175403250,2072869864,POINT (0.3603840891712359 0.3827692882568363),,,,,,,,,,,,,,,,,,,,,,,,,,,,,,,,,,,,,
0,3,16,"{'x': 691.9374512087729, 'y': 413.3908313173832, 'elapsedTime': 6415.699999988079}",430175419918,2072886532,POINT (0.3603840891712359 0.3827692882568363),,,,,,,,,,,,,,,,,,,,,,,,,,,,,,,,,,,,,
0,3,16,"{'x': 691.9374512087729, 'y': 413.3908313173832, 'elapsedTime': 6415.699999988079}",430175436583,2072903196,POINT (0.3603840891712359 0.3827692882568363),,,,,,,,,,,,,,,,,,,,,,,,,,,,,,,,,,,,,
0,3,16,"{'x': 691.9374512087729, 'y': 413.3908313173832, 'elapsedTime': 6415.699999988079}",430175453252,2072919865,POINT (0.3603840891712359 0.3827692882568363),,,,,,,,,,,,,,,,,,,,,,,,,,,,,,,,,,,,,
0,3,16,"{'x': 691.9374512087729, 'y': 413.3908313173832, 'elapsedTime': 6415.699999988079}",430175469919,2072936531,POINT (0.3603840891712359 0.3827692882568363),,,,,,,,,,,,,,,,,,,,,,,,,,,,,,,,,,,,,
0,3,16,"{'x': 691.9374512087729, 'y': 413.3908313173832, 'elapsedTime': 6415.699999988079}",430175486591,2072953203,POINT (0.3603840891712359 0.3827692882568363),,,,,,,,,,,,,,,,,,,,,,,,,,,,,,,,,,,,,
0,3,16,"{'x': 691.9374512087729, 'y': 413.3908313173832, 'elapsedTime': 6415.699999988079}",430175503259,2072969870,POINT (0.3603840891712359 0.3827692882568363),,,,,,,,,,,,,,,,,,,,,,,,,,,,,,,,,,,,,
0,3,16,"{'x': 691.9374512087729, 'y': 413.3908313173832, 'elapsedTime': 6415.699999988079}",430175519926,2072986537,POINT (0.3603840891712359 0.3827692882568363),,,,,,,,,,,,,,,,,,,,,,,,,,,,,,,,,,,,,
0,3,16,"{'x': 691.9374512087729, 'y': 413.3908313173832, 'elapsedTime': 6415.699999988079}",430175536593,2073003203,POINT (0.3603840891712359 0.3827692882568363),,,,,,,,,,,,,,,,,,,,,,,,,,,,,,,,,,,,,
0,3,16,"{'x': 691.9374512087729, 'y': 413.3908313173832, 'elapsedTime': 6415.699999988079}",430175553260,2073019870,POINT (0.3603840891712359 0.3827692882568363),,,,,,,,,,,,,,,,,,,,,,,,,,,,,,,,,,,,,
0,3,16,"{'x': 691.9374512087729, 'y': 413.3908313173832, 'elapsedTime': 6415.699999988079}",430175569927,2073036536,POINT (0.3603840891712359 0.3827692882568363),,,,,,,,,,,,,,,,,,,,,,,,,,,,,,,,,,,,,
0,3,16,"{'x': 691.9374512087729, 'y': 413.3908313173832, 'elapsedTime': 6415.699999988079}",430175586594,2073053203,POINT (0.3603840891712359 0.3827692882568363),,,,,,,,,,,,,,,,,,,,,,,,,,,,,,,,,,,,,
0,3,16,"{'x': 691.9374512087729, 'y': 413.3908313173832, 'elapsedTime': 6415.699999988079}",430175603262,2073069870,POINT (0.3603840891712359 0.3827692882568363),,,,,,,,,,,,,,,,,,,,,,,,,,,,,,,,,,,,,
0,3,16,"{'x': 691.9374512087729, 'y': 413.3908313173832, 'elapsedTime': 6415.699999988079}",430175619934,2073086542,POINT (0.3603840891712359 0.3827692882568363),,,,,,,,,,,,,,,,,,,,,,,,,,,,,,,,,,,,,
0,3,16,"{'x': 691.9374512087729, 'y': 413.3908313173832, 'elapsedTime': 6415.699999988079}",430175636602,2073103209,POINT (0.3603840891712359 0.3827692882568363),,,,,,,,,,,,,,,,,,,,,,,,,,,,,,,,,,,,,
0,3,16,"{'x': 691.9374512087729, 'y': 413.3908313173832, 'elapsedTime': 6415.699999988079}",430175653269,2073119876,POINT (0.3603840891712359 0.3827692882568363),,,,,,,,,,,,,,,,,,,,,,,,,,,,,,,,,,,,,
0,3,16,"{'x': 691.9374512087729, 'y': 413.3908313173832, 'elapsedTime': 6415.699999988079}",430175669935,2073136542,POINT (0.3603840891712359 0.3827692882568363),,,,,,,,,,,,,,,,,,,,,,,,,,,,,,,,,,,,,
0,3,16,"{'x': 691.9374512087729, 'y': 413.3908313173832, 'elapsedTime': 6415.699999988079}",430175686603,2073153209,POINT (0.3603840891712359 0.3827692882568363),,,,,,,,,,,,,,,,,,,,,,,,,,,,,,,,,,,,,
0,3,16,"{'x': 691.9374512087729, 'y': 413.3908313173832, 'elapsedTime': 6415.699999988079}",430175703270,2073169876,POINT (0.3603840891712359 0.3827692882568363),,,,,,,,,,,,,,,,,,,,,,,,,,,,,,,,,,,,,
0,3,16,"{'x': 691.9374512087729, 'y': 413.3908313173832, 'elapsedTime': 6415.699999988079}",430175719937,2073186542,POINT (0.3603840891712359 0.3827692882568363),,,,,,,,,,,,,,,,,,,,,,,,,,,,,,,,,,,,,
0,3,16,"{'x': 691.9374512087729, 'y': 413.3908313173832, 'elapsedTime': 6415.699999988079}",430175736604,2073203209,POINT (0.3603840891712359 0.3827692882568363),,,,,,,,,,,,,,,,,,,,,,,,,,,,,,,,,,,,,
0,3,16,"{'x': 691.9374512087729, 'y': 413.3908313173832, 'elapsedTime': 6415.699999988079}",430175753278,2073219882,POINT (0.3603840891712359 0.3827692882568363),,,,,,,,,,,,,,,,,,,,,,,,,,,,,,,,,,,,,
0,3,16,"{'x': 691.9374512087729, 'y': 413.3908313173832, 'elapsedTime': 6415.699999988079}",430175769944,2073236548,POINT (0.3603840891712359 0.3827692882568363),,,,,,,,,,,,,,,,,,,,,,,,,,,,,,,,,,,,,
0,3,16,"{'x': 691.9374512087729, 'y': 413.3908313173832, 'elapsedTime': 6415.699999988079}",430175786612,2073253215,POINT (0.3603840891712359 0.3827692882568363),,,,,,,,,,,,,,,,,,,,,,,,,,,,,,,,,,,,,
0,3,16,"{'x': 691.9374512087729, 'y': 413.3908313173832, 'elapsedTime': 6415.699999988079}",430175803279,2073269882,POINT (0.3603840891712359 0.3827692882568363),,,,,,,,,,,,,,,,,,,,,,,,,,,,,,,,,,,,,
0,3,16,"{'x': 691.9374512087729, 'y': 413.3908313173832, 'elapsedTime': 6415.699999988079}",430175819946,2073286548,POINT (0.3603840891712359 0.3827692882568363),,,,,,,,,,,,,,,,,,,,,,,,,,,,,,,,,,,,,
0,3,16,"{'x': 691.9374512087729, 'y': 413.3908313173832, 'elapsedTime': 6415.699999988079}",430175836612,2073303214,POINT (0.3603840891712359 0.3827692882568363),,,,,,,,,,,,,,,,,,,,,,,,,,,,,,,,,,,,,
0,3,16,"{'x': 691.9374512087729, 'y': 413.3908313173832, 'elapsedTime': 6415.699999988079}",430175853281,2073319882,POINT (0.3603840891712359 0.3827692882568363),,,,,,,,,,,,,,,,,,,,,,,,,,,,,,,,,,,,,
0,3,16,"{'x': 691.9374512087729, 'y': 413.3908313173832, 'elapsedTime': 6415.699999988079}",430175869947,2073336548,POINT (0.3603840891712359 0.3827692882568363),,,,,,,,,,,,,,,,,,,,,,,,,,,,,,,,,,,,,
0,3,16,"{'x': 691.9374512087729, 'y': 413.3908313173832, 'elapsedTime': 6415.699999988079}",430175886616,2073353216,POINT (0.3603840891712359 0.3827692882568363),,,,,,,,,,,,,,,,,,,,,,,,,,,,,,,,,,,,,
0,3,16,"{'x': 691.9374512087729, 'y': 413.3908313173832, 'elapsedTime': 6415.699999988079}",430175903284,2073369884,POINT (0.3603840891712359 0.3827692882568363),,,,,,,,,,,,,,,,,,,,,,,,,,,,,,,,,,,,,
0,3,16,"{'x': 691.9374512087729, 'y': 413.3908313173832, 'elapsedTime': 6415.699999988079}",430175919950,2073386550,POINT (0.3603840891712359 0.3827692882568363),,,,,,,,,,,,,,,,,,,,,,,,,,,,,,,,,,,,,
0,3,16,"{'x': 691.9374512087729, 'y': 413.3908313173832, 'elapsedTime': 6415.699999988079}",430175936617,2073403216,POINT (0.3603840891712359 0.3827692882568363),,,,,,,,,,,,,,,,,,,,,,,,,,,,,,,,,,,,,
0,3,16,"{'x': 691.9374512087729, 'y': 413.3908313173832, 'elapsedTime': 6415.699999988079}",430175953284,2073419883,POINT (0.3603840891712359 0.3827692882568363),,,,,,,,,,,,,,,,,,,,,,,,,,,,,,,,,,,,,
0,3,16,"{'x': 691.9374512087729, 'y': 413.3908313173832, 'elapsedTime': 6415.699999988079}",430175969952,2073436550,POINT (0.3603840891712359 0.3827692882568363),,,,,,,,,,,,,,,,,,,,,,,,,,,,,,,,,,,,,
0,3,16,"{'x': 691.9374512087729, 'y': 413.3908313173832, 'elapsedTime': 6415.699999988079}",430175986619,2073453217,POINT (0.3603840891712359 0.3827692882568363),,,,,,,,,,,,,,,,,,,,,,,,,,,,,,,,,,,,,
0,3,16,"{'x': 691.9374512087729, 'y': 413.3908313173832, 'elapsedTime': 6415.699999988079}",430176003286,2073469883,POINT (0.3603840891712359 0.3827692882568363),,,,,,,,,,,,,,,,,,,,,,,,,,,,,,,,,,,,,
0,3,16,"{'x': 691.9374512087729, 'y': 413.3908313173832, 'elapsedTime': 6415.699999988079}",430176019958,2073486555,POINT (0.3603840891712359 0.3827692882568363),,,,,,,,,,,,,,,,,,,,,,,,,,,,,,,,,,,,,
0,3,16,"{'x': 691.9374512087729, 'y': 413.3908313173832, 'elapsedTime': 6415.699999988079}",430176036625,2073503221,POINT (0.3603840891712359 0.3827692882568363),,,,,,,,,,,,,,,,,,,,,,,,,,,,,,,,,,,,,
0,3,16,"{'x': 691.9374512087729, 'y': 413.3908313173832, 'elapsedTime': 6415.699999988079}",430176053292,2073519888,POINT (0.3603840891712359 0.3827692882568363),,,,,,,,,,,,,,,,,,,,,,,,,,,,,,,,,,,,,
0,3,16,"{'x': 691.9374512087729, 'y': 413.3908313173832, 'elapsedTime': 6415.699999988079}",430176069960,2073536555,POINT (0.3603840891712359 0.3827692882568363),,,,,,,,,,,,,,,,,,,,,,,,,,,,,,,,,,,,,
0,3,16,"{'x': 691.9374512087729, 'y': 413.3908313173832, 'elapsedTime': 6415.699999988079}",430176086626,2073553221,POINT (0.3603840891712359 0.3827692882568363),,,,,,,,,,,,,,,,,,,,,,,,,,,,,,,,,,,,,
0,3,16,"{'x': 691.9374512087729, 'y': 413.3908313173832, 'elapsedTime': 6415.699999988079}",430176103294,2073569888,POINT (0.3603840891712359 0.3827692882568363),,,,,,,,,,,,,,,,,,,,,,,,,,,,,,,,,,,,,
0,3,16,"{'x': 691.9374512087729, 'y': 413.3908313173832, 'elapsedTime': 6415.699999988079}",430176119961,2073586555,POINT (0.3603840891712359 0.3827692882568363),,,,,,,,,,,,,,,,,,,,,,,,,,,,,,,,,,,,,
0,3,16,"{'x': 691.9374512087729, 'y': 413.3908313173832, 'elapsedTime': 6415.699999988079}",430176136628,2073603221,POINT (0.3603840891712359 0.3827692882568363),,,,,,,,,,,,,,,,,,,,,,,,,,,,,,,,,,,,,
0,3,16,"{'x': 500.25025730884715, 'y': 500.37083095872, 'elapsedTime': 11.5}",430176153298,2073619891,POINT (0.2605470090150245 0.4633063249617778),,,,,,,,,,,,,,,,,,,,,,,,,,,,,,,,,,,,,
0,3,16,"{'x': 500.25025730884715, 'y': 500.37083095872, 'elapsedTime': 11.5}",430176169965,2073636558,POINT (0.2605470090150245 0.4633063249617778),,,,,,,,,,,,,,,,,,,,,,,,,,,,,,,,,,,,,
0,3,16,"{'x': 500.25025730884715, 'y': 500.37083095872, 'elapsedTime': 11.5}",430176186632,2073653224,POINT (0.2605470090150245 0.4633063249617778),,,,,,,,,,,,,,,,,,,,,,,,,,,,,,,,,,,,,
0,3,16,"{'x': 505.6824914946689, 'y': 501.83346754155815, 'elapsedTime': 977.1999999880791}",430176203299,2073669891,POINT (0.2633762976534734 0.4646606180940353),,,,,,,,,,,,,,,,,,,,,,,,,,,,,,,,,,,,,
0,3,16,"{'x': 505.6824914946689, 'y': 501.83346754155815, 'elapsedTime': 977.1999999880791}",430176219967,2073686558,POINT (0.2633762976534734 0.4646606180940353),,,,,,,,,,,,,,,,,,,,,,,,,,,,,,,,,,,,,
0,3,16,"{'x': 505.6824914946689, 'y': 501.83346754155815, 'elapsedTime': 977.1999999880791}",430176236633,2073703224,POINT (0.2633762976534734 0.4646606180940353),,,,,,,,,,,,,,,,,,,,,,,,,,,,,,,,,,,,,
0,3,16,"{'x': 518.8226170750213, 'y': 501.4913426409535, 'elapsedTime': 1030.8999999761581}",430176253301,2073719891,POINT (0.270220113059907 0.4643438357786607),,,,,,,,,,,,,,,,,,,,,,,,,,,,,,,,,,,,,
0,3,16,"{'x': 518.8226170750213, 'y': 501.4913426409535, 'elapsedTime': 1030.8999999761581}",430176269967,2073736557,POINT (0.270220113059907 0.4643438357786607),,,,,,,,,,,,,,,,,,,,,,,,,,,,,,,,,,,,,
0,3,16,"{'x': 518.8226170750213, 'y': 501.4913426409535, 'elapsedTime': 1030.8999999761581}",430176286645,2073753234,POINT (0.270220113059907 0.4643438357786607),,,,,,,,,,,,,,,,,,,,,,,,,,,,,,,,,,,,,
0,3,16,"{'x': 563.4116344568251, 'y': 514.7379546498578, 'elapsedTime': 1080.5999999642372}",430176303311,2073769900,POINT (0.2934435596129298 0.4766092172683868),,,,,,,,,,,,,,,,,,,,,,,,,,,,,,,,,,,,,
0,3,16,"{'x': 563.4116344568251, 'y': 514.7379546498578, 'elapsedTime': 1080.5999999642372}",430176319979,2073786567,POINT (0.2934435596129298 0.4766092172683868),,,,,,,,,,,,,,,,,,,,,,,,,,,,,,,,,,,,,
0,3,16,"{'x': 563.4116344568251, 'y': 514.7379546498578, 'elapsedTime': 1080.5999999642372}",430176336646,2073803234,POINT (0.2934435596129298 0.4766092172683868),,,,,,,,,,,,,,,,,,,,,,,,,,,,,,,,,,,,,
0,3,16,"{'x': 604.4160857734718, 'y': 491.92858199976035, 'elapsedTime': 1134.5}",430176353313,2073819900,POINT (0.3148000446736832 0.4554894277775559),,,,,,,,,,,,,,,,,,,,,,,,,,,,,,,,,,,,,
0,3,16,"{'x': 604.4160857734718, 'y': 491.92858199976035, 'elapsedTime': 1134.5}",430176369980,2073836567,POINT (0.3148000446736832 0.4554894277775559),,,,,,,,,,,,,,,,,,,,,,,,,,,,,,,,,,,,,
0,3,16,"{'x': 604.4160857734718, 'y': 491.92858199976035, 'elapsedTime': 1134.5}",430176386647,2073853233,POINT (0.3148000446736832 0.4554894277775559),,,,,,,,,,,,,,,,,,,,,,,,,,,,,,,,,,,,,
0,3,16,"{'x': 698.8715466099895, 'y': 454.42820502860576, 'elapsedTime': 1186}",430176403317,2073869903,POINT (0.3639955971927029 0.4207668565079683),,,,,,,,,,,,,,,,,,,,,,,,,,,,,,,,,,,,,
0,3,16,"{'x': 698.8715466099895, 'y': 454.42820502860576, 'elapsedTime': 1186}",430176419984,2073886570,POINT (0.3639955971927029 0.4207668565079683),,,,,,,,,,,,,,,,,,,,,,,,,,,,,,,,,,,,,
0,3,16,"{'x': 780.842236073794, 'y': 418.69085238632647, 'elapsedTime': 1230}",430176436651,2073903236,POINT (0.4066886646217677 0.3876767151725245),,,,,,,,,,,,,,,,,,,,,,,,,,,,,,,,,,,,,
0,3,16,"{'x': 780.842236073794, 'y': 418.69085238632647, 'elapsedTime': 1230}",430176453318,2073919903,POINT (0.4066886646217677 0.3876767151725245),,,,,,,,,,,,,,,,,,,,,,,,,,,,,,,,,,,,,
0,3,16,"{'x': 780.842236073794, 'y': 418.69085238632647, 'elapsedTime': 1230}",430176469986,2073936570,POINT (0.4066886646217677 0.3876767151725245),,,,,,,,,,,,,,,,,,,,,,,,,,,,,,,,,,,,,
0,3,16,"{'x': 843.0518971585141, 'y': 405.2263236827986, 'elapsedTime': 1271.3999999761581}",430176486652,2073953236,POINT (0.4390895297700594 0.3752095589655542),,,,,,,,,,,,,,,,,,,,,,,,,,,,,,,,,,,,,
0,3,16,"{'x': 843.0518971585141, 'y': 405.2263236827986, 'elapsedTime': 1271.3999999761581}",430176503320,2073969903,POINT (0.4390895297700594 0.3752095589655542),,,,,,,,,,,,,,,,,,,,,,,,,,,,,,,,,,,,,
0,3,16,"{'x': 843.0518971585141, 'y': 405.2263236827986, 'elapsedTime': 1271.3999999761581}",430176519986,2073986569,POINT (0.4390895297700594 0.3752095589655542),,,,,,,,,,,,,,,,,,,,,,,,,,,,,,,,,,,,,
0,3,16,"{'x': 877.9861304434166, 'y': 349.0136611969185, 'elapsedTime': 1319.3999999761581}",430176536659,2074003241,POINT (0.4572844429392795 0.3231607974045542),,,,,,,,,,,,,,,,,,,,,,,,,,,,,,,,,,,,1,
0,3,16,"{'x': 877.9861304434166, 'y': 349.0136611969185, 'elapsedTime': 1319.3999999761581}",430176553326,2074019908,POINT (0.4572844429392795 0.3231607974045542),,,,,,,,,,,,,,,,,,,,,,,,,,,,,,,,,,,,1,
0,3,16,"{'x': 877.9861304434166, 'y': 349.0136611969185, 'elapsedTime': 1319.3999999761581}",430176569993,2074036574,POINT (0.4572844429392795 0.3231607974045542),,,,,,,,,,,,,,,,,,,,,,,,,,,,,,,,,,,,1,
0,3,16,"{'x': 841.5683849371368, 'y': 303.7864806632412, 'elapsedTime': 1368}",430176586660,2074053241,POINT (0.4383168671547588 0.28128377839189),,,,,,,,,,,,,,,,,,,,,,,,,,,,,,,,,,,1,1,
0,3,16,"{'x': 841.5683849371368, 'y': 303.7864806632412, 'elapsedTime': 1368}",430176603328,2074069908,POINT (0.4383168671547588 0.28128377839189),,,,,,,,,,,,,,,,,,,,,,,,,,,,,,,,,,,1,1,
0,3,16,"{'x': 771.8968125538543, 'y': 348.7476976758196, 'elapsedTime': 1408.199999988079}",430176619994,2074086574,POINT (0.4020295898717991 0.3229145348850182),,,,,,,,,,,,,,,,,,,,,,,,,,,,,,,,,,,,1,
0,3,16,"{'x': 771.8968125538543, 'y': 348.7476976758196, 'elapsedTime': 1408.199999988079}",430176636662,2074103241,POINT (0.4020295898717991 0.3229145348850182),,,,,,,,,,,,,,,,,,,,,,,,,,,,,,,,,,,,1,
0,3,16,"{'x': 824.4014016546396, 'y': 360.21202266887286, 'elapsedTime': 1449.8999999761581}",430176653329,2074119908,POINT (0.4293757300284581 0.3335296506193267),,,,,,,,,,,,,,,,,,,,,,,,,,,,,,,,,,,,1,
0,3,16,"{'x': 824.4014016546396, 'y': 360.21202266887286, 'elapsedTime': 1449.8999999761581}",430176670000,2074136579,POINT (0.4293757300284581 0.3335296506193267),,,,,,,,,,,,,,,,,,,,,,,,,,,,,,,,,,,,1,
0,3,16,"{'x': 824.4014016546396, 'y': 360.21202266887286, 'elapsedTime': 1449.8999999761581}",430176686667,2074153245,POINT (0.4293757300284581 0.3335296506193267),,,,,,,,,,,,,,,,,,,,,,,,,,,,,,,,,,,,1,
0,3,16,"{'x': 888.328769243633, 'y': 312.82802437980837, 'elapsedTime': 1490.8999999761581}",430176703334,2074169912,POINT (0.4626712339810589 0.2896555781294522),,,,,,,,,,,,,,,,,,,,,,,,,,,,,,,,,,,1,1,
0,3,16,"{'x': 888.328769243633, 'y': 312.82802437980837, 'elapsedTime': 1490.8999999761581}",430176720002,2074186579,POINT (0.4626712339810589 0.2896555781294522),,,,,,,,,,,,,,,,,,,,,,,,,,,,,,,,,,,1,1,
0,3,16,"{'x': 888.328769243633, 'y': 312.82802437980837, 'elapsedTime': 1490.8999999761581}",430176736668,2074203245,POINT (0.4626712339810589 0.2896555781294522),,,,,,,,,,,,,,,,,,,,,,,,,,,,,,,,,,,1,1,
0,3,16,"{'x': 837.3048432936964, 'y': 382.4522011707086, 'elapsedTime': 1535.0999999642372}",430176753336,2074219912,POINT (0.4360962725488002 0.3541224084913968),,,,,,,,,,,,,,,,,,,,,,,,,,,,,,,,,,,,,
0,3,16,"{'x': 837.3048432936964, 'y': 382.4522011707086, 'elapsedTime': 1535.0999999642372}",430176770002,2074236578,POINT (0.4360962725488002 0.3541224084913968),,,,,,,,,,,,,,,,,,,,,,,,,,,,,,,,,,,,,
0,3,16,"{'x': 846.2441816883936, 'y': 452.05460139186266, 'elapsedTime': 1579.300000011921}",430176786670,2074253245,POINT (0.440752177962705 0.4185690753628358),,,,,,,,,,,,,,,,,,,,,,,,,,,,,,,,,,,,,
0,3,16,"{'x': 846.2441816883936, 'y': 452.05460139186266, 'elapsedTime': 1579.300000011921}",430176803342,2074269917,POINT (0.440752177962705 0.4185690753628358),,,,,,,,,,,,,,,,,,,,,,,,,,,,,,,,,,,,,
0,3,16,"{'x': 846.2441816883936, 'y': 452.05460139186266, 'elapsedTime': 1579.300000011921}",430176820009,2074286583,POINT (0.440752177962705 0.4185690753628358),,,,,,,,,,,,,,,,,,,,,,,,,,,,,,,,,,,,,
0,3,16,"{'x': 934.3193199864561, 'y': 428.33248598692035, 'elapsedTime': 1622.3999999761581}",430176836676,2074303250,POINT (0.4866246458262792 0.3966041536915929),,,,,,,,,,,,,,,,,,,,,,,,,,,,,,,,,,,,,
0,3,16,"{'x': 934.3193199864561, 'y': 428.33248598692035, 'elapsedTime': 1622.3999999761581}",430176853343,2074319916,POINT (0.4866246458262792 0.3966041536915929),,,,,,,,,,,,,,,,,,,,,,,,,,,,,,,,,,,,,
0,3,16,"{'x': 877.3489765482309, 'y': 447.5528153428318, 'elapsedTime': 1664.199999988079}",430176870010,2074336583,POINT (0.4569525919522036 0.4144007549470665),,,,,,,,,,,,,,,,,,,,,,,,,,,,,,,,,,,,,
0,3,16,"{'x': 877.3489765482309, 'y': 447.5528153428318, 'elapsedTime': 1664.199999988079}",430176886678,2074353250,POINT (0.4569525919522036 0.4144007549470665),,,,,,,,,,,,,,,,,,,,,,,,,,,,,,,,,,,,,
0,3,16,"{'x': 877.3489765482309, 'y': 447.5528153428318, 'elapsedTime': 1664.199999988079}",430176903344,2074369916,POINT (0.4569525919522036 0.4144007549470665),,,,,,,,,,,,,,,,,,,,,,,,,,,,,,,,,,,,,
0,3,16,"{'x': 832.3641774777074, 'y': 473.7535054273693, 'elapsedTime': 1704.300000011921}",430176920013,2074386584,POINT (0.4335230091029726 0.4386606531734901),,,,,,,,,,,,,,,,,,,,,,,,,,,,,,,,,,,,,
0,3,16,"{'x': 832.3641774777074, 'y': 473.7535054273693, 'elapsedTime': 1704.300000011921}",430176936683,2074403254,POINT (0.4335230091029726 0.4386606531734901),,,,,,,,,,,,,,,,,,,,,,,,,,,,,,,,,,,,,
0,3,16,"{'x': 752.4744550675726, 'y': 490.15054699894904, 'elapsedTime': 1749.3999999761581}",430176953349,2074419920,POINT (0.3919137786810274 0.4538430990731009),,,,,,,,,,,,,,,,,,,,,,,,,,,,,,,,,,,,,
0,3,16,"{'x': 752.4744550675726, 'y': 490.15054699894904, 'elapsedTime': 1749.3999999761581}",430176970018,2074436588,POINT (0.3919137786810274 0.4538430990731009),,,,,,,,,,,,,,,,,,,,,,,,,,,,,,,,,,,,,
0,3,16,"{'x': 752.4744550675726, 'y': 490.15054699894904, 'elapsedTime': 1749.3999999761581}",430176986684,2074453254,POINT (0.3919137786810274 0.4538430990731009),,,,,,,,,,,,,,,,,,,,,,,,,,,,,,,,,,,,,
0,3,16,"{'x': 752.4744550675726, 'y': 490.15054699894904, 'elapsedTime': 1749.3999999761581}",430177003352,2074469921,POINT (0.3919137786810274 0.4538430990731009),,,,,,,,,,,,,,,,,,,,,,,,,,,,,,,,,,,,,
0,3,16,"{'x': 644.2099101150083, 'y': 483.82801929235325, 'elapsedTime': 1789.699999988079}",430177020018,2074486587,POINT (0.3355259948515668 0.447988906752179),,,,,,,,,,,,,,,,,,,,,,,,,,,,,,,,,,,,,
0,3,16,"{'x': 644.2099101150083, 'y': 483.82801929235325, 'elapsedTime': 1789.699999988079}",430177036686,2074503254,POINT (0.3355259948515668 0.447988906752179),,,,,,,,,,,,,,,,,,,,,,,,,,,,,,,,,,,,,
0,3,16,"{'x': 644.2099101150083, 'y': 483.82801929235325, 'elapsedTime': 1789.699999988079}",430177053353,2074519921,POINT (0.3355259948515668 0.447988906752179),,,,,,,,,,,,,,,,,,,,,,,,,,,,,,,,,,,,,
0,3,16,"{'x': 552.7825250941547, 'y': 635.0580451289356, 'elapsedTime': 1851.5999999642372}",430177070025,2074536592,POINT (0.2879075651532056 0.5880167084527181),,,,,,,,,,,,,,,,,,,,,,,,,,,,,,,,,,,,1,
0,3,16,"{'x': 552.7825250941547, 'y': 635.0580451289356, 'elapsedTime': 1851.5999999642372}",430177086692,2074553259,POINT (0.2879075651532056 0.5880167084527181),,,,,,,,,,,,,,,,,,,,,,,,,,,,,,,,,,,,1,
0,3,16,"{'x': 571.3073267766135, 'y': 666.7195000357739, 'elapsedTime': 1900.300000011921}",430177103359,2074569925,POINT (0.2975558993628196 0.6173328704034944),,,,,,,,,,,,,,,,,,,,,,,,,,,,,,,,,,,,,1
0,3,16,"{'x': 571.3073267766135, 'y': 666.7195000357739, 'elapsedTime': 1900.300000011921}",430177120026,2074586592,POINT (0.2975558993628196 0.6173328704034944),,,,,,,,,,,,,,,,,,,,,,,,,,,,,,,,,,,,,1
0,3,16,"{'x': 571.3073267766135, 'y': 666.7195000357739, 'elapsedTime': 1900.300000011921}",430177136694,2074603259,POINT (0.2975558993628196 0.6173328704034944),,,,,,,,,,,,,,,,,,,,,,,,,,,,,,,,,,,,,1
0,3,16,"{'x': 487.2226480099276, 'y': 758.9274144182427, 'elapsedTime': 1941.5999999642372}",430177153360,2074619925,POINT (0.253761795838504 0.7027105689057803),,,,,,,,,,,,,,,,,,,,,,,,,,,,,,,,,,,,,
0,3,16,"{'x': 487.2226480099276, 'y': 758.9274144182427, 'elapsedTime': 1941.5999999642372}",430177170028,2074636592,POINT (0.253761795838504 0.7027105689057803),,,,,,,,,,,,,,,,,,,,,,,,,,,,,,,,,,,,,
0,3,16,"{'x': 487.2226480099276, 'y': 758.9274144182427, 'elapsedTime': 1941.5999999642372}",430177186695,2074653259,POINT (0.253761795838504 0.7027105689057803),,,,,,,,,,,,,,,,,,,,,,,,,,,,,,,,,,,,,
0,3,16,"{'x': 553.1140164838689, 'y': 704.6882557874379, 'elapsedTime': 1986.699999988079}",430177203367,2074669931,POINT (0.2880802169186817 0.6524891257291092),,,,,,,,,,,,,,,,,,,,,,,,,,,,,,,,,,,,,1
0,3,16,"{'x': 553.1140164838689, 'y': 704.6882557874379, 'elapsedTime': 1986.699999988079}",430177220035,2074686598,POINT (0.2880802169186817 0.6524891257291092),,,,,,,,,,,,,,,,,,,,,,,,,,,,,,,,,,,,,1
0,3,16,"{'x': 553.1140164838689, 'y': 704.6882557874379, 'elapsedTime': 1986.699999988079}",430177236702,2074703265,POINT (0.2880802169186817 0.6524891257291092),,,,,,,,,,,,,,,,,,,,,,,,,,,,,,,,,,,,,1
0,3,16,"{'x': 656.6790270911633, 'y': 668.1783524429839, 'elapsedTime': 2037}",430177253369,2074719931,POINT (0.3420203266099809 0.6186836596694295),,,,,,,,,,,,,,,,,,,,,,,,,,,,,,,,,,,,,1
0,3,16,"{'x': 656.6790270911633, 'y': 668.1783524429839, 'elapsedTime': 2037}",430177270036,2074736598,POINT (0.3420203266099809 0.6186836596694295),,,,,,,,,,,,,,,,,,,,,,,,,,,,,,,,,,,,,1
0,3,16,"{'x': 656.6790270911633, 'y': 668.1783524429839, 'elapsedTime': 2037}",430177286704,2074753265,POINT (0.3420203266099809 0.6186836596694295),,,,,,,,,,,,,,,,,,,,,,,,,,,,,,,,,,,,,1
0,3,16,"{'x': 659.2231020084266, 'y': 652.3272858740019, 'elapsedTime': 2081.899999976158}",430177303371,2074769932,POINT (0.3433453656293889 0.6040067461796313),,,,,,,,,,,,,,,,,,,,,,,,,,,,,,,,,,,,,
0,3,16,"{'x': 659.2231020084266, 'y': 652.3272858740019, 'elapsedTime': 2081.899999976158}",430177320041,2074786601,POINT (0.3433453656293889 0.6040067461796313),,,,,,,,,,,,,,,,,,,,,,,,,,,,,,,,,,,,,
0,3,16,"{'x': 611.7456077332665, 'y': 593.7101783846498, 'elapsedTime': 2123.699999988079}",430177336707,2074803267,POINT (0.318617504027743 0.5497316466524536),,,,,,,,,,,,,,,,,,,,,,,,,,,,,,,,,,,,1,
0,3,16,"{'x': 611.7456077332665, 'y': 593.7101783846498, 'elapsedTime': 2123.699999988079}",430177353375,2074819934,POINT (0.318617504027743 0.5497316466524536),,,,,,,,,,,,,,,,,,,,,,,,,,,,,,,,,,,,1,
0,3,16,"{'x': 611.7456077332665, 'y': 593.7101783846498, 'elapsedTime': 2123.699999988079}",430177370042,2074836601,POINT (0.318617504027743 0.5497316466524536),,,,,,,,,,,,,,,,,,,,,,,,,,,,,,,,,,,,1,
0,3,16,"{'x': 644.2906778506674, 'y': 612.4658974171264, 'elapsedTime': 2173}",430177386710,2074853268,POINT (0.335568061380556 0.5670980531640059),,,,,,,,,,,,,,,,,,,,,,,,,,,,,,,,,,,,1,
0,3,16,"{'x': 644.2906778506674, 'y': 612.4658974171264, 'elapsedTime': 2173}",430177403376,2074869934,POINT (0.335568061380556 0.5670980531640059),,,,,,,,,,,,,,,,,,,,,,,,,,,,,,,,,,,,1,
0,3,16,"{'x': 644.2906778506674, 'y': 612.4658974171264, 'elapsedTime': 2173}",430177420044,2074886601,POINT (0.335568061380556 0.5670980531640059),,,,,,,,,,,,,,,,,,,,,,,,,,,,,,,,,,,,1,
0,3,16,"{'x': 647.1228248452652, 'y': 627.8791035972775, 'elapsedTime': 2223.099999964237}",430177436711,2074903268,POINT (0.3370431379402423 0.5813695403678496),,,,,,,,,,,,,,,,,,,,,,,,,,,,,,,,,,,,1,
0,3,16,"{'x': 647.1228248452652, 'y': 627.8791035972775, 'elapsedTime': 2223.099999964237}",430177453382,2074919939,POINT (0.3370431379402423 0.5813695403678496),,,,,,,,,,,,,,,,,,,,,,,,,,,,,,,,,,,,1,
0,3,16,"{'x': 647.1228248452652, 'y': 627.8791035972775, 'elapsedTime': 2223.099999964237}",430177470050,2074936606,POINT (0.3370431379402423 0.5813695403678496),,,,,,,,,,,,,,,,,,,,,,,,,,,,,,,,,,,,1,
0,3,16,"{'x': 611.1819637799633, 'y': 558.2312308155944, 'elapsedTime': 2272.899999976158}",430177486716,2074953272,POINT (0.3183239394687309 0.5168807692736985),,,,,,,,,,,,,,,,,,,,,,,,,,,,,,,,,,,,1,
0,3,16,"{'x': 611.1819637799633, 'y': 558.2312308155944, 'elapsedTime': 2272.899999976158}",430177503384,2074969939,POINT (0.3183239394687309 0.5168807692736985),,,,,,,,,,,,,,,,,,,,,,,,,,,,,,,,,,,,1,
0,3,16,"{'x': 611.1819637799633, 'y': 558.2312308155944, 'elapsedTime': 2272.899999976158}",430177520051,2074986606,POINT (0.3183239394687309 0.5168807692736985),,,,,,,,,,,,,,,,,,,,,,,,,,,,,,,,,,,,1,
0,3,16,"{'x': 611.1819637799633, 'y': 558.2312308155944, 'elapsedTime': 2272.899999976158}",430177536717,2075003271,POINT (0.3183239394687309 0.5168807692736985),,,,,,,,,,,,,,,,,,,,,,,,,,,,,,,,,,,,1,
0,3,16,"{'x': 611.1819637799633, 'y': 558.2312308155944, 'elapsedTime': 2272.899999976158}",430177553383,2075019937,POINT (0.3183239394687309 0.5168807692736985),,,,,,,,,,,,,,,,,,,,,,,,,,,,,,,,,,,,1,
0,3,16,"{'x': 582.2419258269864, 'y': 618.32228630121, 'elapsedTime': 2326.300000011921}",430177570053,2075036606,POINT (0.3032510030348888 0.5725206354640834),,,,,,,,,,,,,,,,,,,,,,,,,,,,,,,,,,,,1,
0,3,16,"{'x': 582.2419258269864, 'y': 618.32228630121, 'elapsedTime': 2326.300000011921}",430177586725,2075053278,POINT (0.3032510030348888 0.5725206354640834),,,,,,,,,,,,,,,,,,,,,,,,,,,,,,,,,,,,1,
0,3,16,"{'x': 582.2419258269864, 'y': 618.32228630121, 'elapsedTime': 2326.300000011921}",430177603393,2075069945,POINT (0.3032510030348888 0.5725206354640834),,,,,,,,,,,,,,,,,,,,,,,,,,,,,,,,,,,,1,
0,3,16,"{'x': 591.2633696930978, 'y': 590.5711321922876, 'elapsedTime': 2396.099999964237}",430177620060,2075086612,POINT (0.3079496717151551 0.5468251224002663),,,,,,,,,,,,,,,,,,,,,,,,,,,,,,,,,,,,1,
0,3,16,"{'x': 591.2633696930978, 'y': 590.5711321922876, 'elapsedTime': 2396.099999964237}",430177636728,2075103279,POINT (0.3079496717151551 0.5468251224002663),,,,,,,,,,,,,,,,,,,,,,,,,,,,,,,,,,,,1,
0,3,16,"{'x': 591.2633696930978, 'y': 590.5711321922876, 'elapsedTime': 2396.099999964237}",430177653394,2075119945,POINT (0.3079496717151551 0.5468251224002663),,,,,,,,,,,,,,,,,,,,,,,,,,,,,,,,,,,,1,
0,3,16,"{'x': 646.29823715206, 'y': 550.3452439539391, 'elapsedTime': 2448.699999988079}",430177670062,2075136612,POINT (0.3366136651833646 0.5095789295869806),,,,,,,,,,,,,,,,,,,,,,,,,,,,,,,,,,,,1,
0,3,16,"{'x': 646.29823715206, 'y': 550.3452439539391, 'elapsedTime': 2448.699999988079}",430177686729,2075153279,POINT (0.3366136651833646 0.5095789295869806),,,,,,,,,,,,,,,,,,,,,,,,,,,,,,,,,,,,1,
0,3,16,"{'x': 646.29823715206, 'y': 550.3452439539391, 'elapsedTime': 2448.699999988079}",430177703395,2075169945,POINT (0.3366136651833646 0.5095789295869806),,,,,,,,,,,,,,,,,,,,,,,,,,,,,,,,,,,,1,
0,3,16,"{'x': 654.0334168450561, 'y': 585.6286124508385, 'elapsedTime': 2503}",430177720068,2075186617,POINT (0.3406424046068001 0.5422487152322579),,,,,,,,,,,,,,,,,,,,,,,,,,,,,,,,,,,,1,
0,3,16,"{'x': 654.0334168450561, 'y': 585.6286124508385, 'elapsedTime': 2503}",430177736735,2075203284,POINT (0.3406424046068001 0.5422487152322579),,,,,,,,,,,,,,,,,,,,,,,,,,,,,,,,,,,,1,
0,3,16,"{'x': 654.0334168450561, 'y': 585.6286124508385, 'elapsedTime': 2503}",430177753402,2075219950,POINT (0.3406424046068001 0.5422487152322579),,,,,,,,,,,,,,,,,,,,,,,,,,,,,,,,,,,,1,
0,3,16,"{'x': 656.1101926215239, 'y': 460.1626544826449, 'elapsedTime': 2555.399999976158}",430177770069,2075236617,POINT (0.3417240586570437 0.4260765319283749),,,,,,,,,,,,,,,,,,,,,,,,,,,,,,,,,,,,,
0,3,16,"{'x': 656.1101926215239, 'y': 460.1626544826449, 'elapsedTime': 2555.399999976158}",430177786737,2075253284,POINT (0.3417240586570437 0.4260765319283749),,,,,,,,,,,,,,,,,,,,,,,,,,,,,,,,,,,,,
0,3,16,"{'x': 656.1101926215239, 'y': 460.1626544826449, 'elapsedTime': 2555.399999976158}",430177803403,2075269950,POINT (0.3417240586570437 0.4260765319283749),,,,,,,,,,,,,,,,,,,,,,,,,,,,,,,,,,,,,
0,3,16,"{'x': 656.1101926215239, 'y': 460.1626544826449, 'elapsedTime': 2555.399999976158}",430177820071,2075286617,POINT (0.3417240586570437 0.4260765319283749),,,,,,,,,,,,,,,,,,,,,,,,,,,,,,,,,,,,,
0,3,16,"{'x': 648.0586688894366, 'y': 499.35426156911524, 'elapsedTime': 2605.5}",430177836738,2075303284,POINT (0.3375305567132482 0.46236505700844),,,,,,,,,,,,,,,,,,,,,,,,,,,,,,,,,,,,,
0,3,16,"{'x': 648.0586688894366, 'y': 499.35426156911524, 'elapsedTime': 2605.5}",430177853409,2075319954,POINT (0.3375305567132482 0.46236505700844),,,,,,,,,,,,,,,,,,,,,,,,,,,,,,,,,,,,,
0,3,16,"{'x': 528.5665005301829, 'y': 525.4314784806114, 'elapsedTime': 2658.199999988079}",430177870076,2075336621,POINT (0.2752950523594703 0.4865106282227883),,,,,,,,,,,,,,,,,,,,,,,,,,,,,,,,,,,,,
0,3,16,"{'x': 528.5665005301829, 'y': 525.4314784806114, 'elapsedTime': 2658.199999988079}",430177886744,2075353288,POINT (0.2752950523594703 0.4865106282227883),,,,,,,,,,,,,,,,,,,,,,,,,,,,,,,,,,,,,
0,3,16,"{'x': 528.5665005301829, 'y': 525.4314784806114, 'elapsedTime': 2658.199999988079}",430177903410,2075369954,POINT (0.2752950523594703 0.4865106282227883),,,,,,,,,,,,,,,,,,,,,,,,,,,,,,,,,,,,,
0,3,16,"{'x': 473.39703600692025, 'y': 573.3899178057521, 'elapsedTime': 2705.699999988079}",430177920078,2075386621,POINT (0.2465609562536043 0.5309165905608816),,,,,,,,,,,,,,,,,,,,,,,,,,,,,,,,,,,,,
0,3,16,"{'x': 473.39703600692025, 'y': 573.3899178057521, 'elapsedTime': 2705.699999988079}",430177936745,2075403288,POINT (0.2465609562536043 0.5309165905608816),,,,,,,,,,,,,,,,,,,,,,,,,,,,,,,,,,,,,
0,3,16,"{'x': 473.39703600692025, 'y': 573.3899178057521, 'elapsedTime': 2705.699999988079}",430177953411,2075419954,POINT (0.2465609562536043 0.5309165905608816),,,,,,,,,,,,,,,,,,,,,,,,,,,,,,,,,,,,,
0,3,16,"{'x': 360.84688375121993, 'y': 668.9019580962361, 'elapsedTime': 2756.5}",430177970079,2075436621,POINT (0.1879410852870937 0.6193536649039223),,,,,,,,,,,,,,,,,,,,,,,,,,,,,,,,,,,,,1
0,3,16,"{'x': 360.84688375121993, 'y': 668.9019580962361, 'elapsedTime': 2756.5}",430177986749,2075453291,POINT (0.1879410852870937 0.6193536649039223),,,,,,,,,,,,,,,,,,,,,,,,,,,,,,,,,,,,,1
0,3,16,"{'x': 360.84688375121993, 'y': 668.9019580962361, 'elapsedTime': 2756.5}",430178003416,2075469957,POINT (0.1879410852870937 0.6193536649039223),,,,,,,,,,,,,,,,,,,,,,,,,,,,,,,,,,,,,1
0,3,16,"{'x': 360.84688375121993, 'y': 668.9019580962361, 'elapsedTime': 2756.5}",430178020083,2075486624,POINT (0.1879410852870937 0.6193536649039223),,,,,,,,,,,,,,,,,,,,,,,,,,,,,,,,,,,,,1
0,3,16,"{'x': 398.2912941142982, 'y': 611.3144266512431, 'elapsedTime': 2807.300000011921}",430178036751,2075503291,POINT (0.207443382351197 0.5660318765289288),,,,,,,,,,,,,,,,,,,,,,,,,,,,,,,,,,,,1,
0,3,16,"{'x': 398.2912941142982, 'y': 611.3144266512431, 'elapsedTime': 2807.300000011921}",430178053417,2075519957,POINT (0.207443382351197 0.5660318765289288),,,,,,,,,,,,,,,,,,,,,,,,,,,,,,,,,,,,1,
0,3,16,"{'x': 398.2912941142982, 'y': 611.3144266512431, 'elapsedTime': 2807.300000011921}",430178070085,2075536624,POINT (0.207443382351197 0.5660318765289288),,,,,,,,,,,,,,,,,,,,,,,,,,,,,,,,,,,,1,
0,3,16,"{'x': 485.98863656337727, 'y': 617.7803540479734, 'elapsedTime': 2871.599999964237}",430178086752,2075553291,POINT (0.2531190815434257 0.5720188463407162),,,,,,,,,,,,,,,,,,,,,,,,,,,,,,,,,,,,1,
0,3,16,"{'x': 485.98863656337727, 'y': 617.7803540479734, 'elapsedTime': 2871.599999964237}",430178103419,2075569957,POINT (0.2531190815434257 0.5720188463407162),,,,,,,,,,,,,,,,,,,,,,,,,,,,,,,,,,,,1,
0,3,16,"{'x': 485.98863656337727, 'y': 617.7803540479734, 'elapsedTime': 2871.599999964237}",430178120092,2075586630,POINT (0.2531190815434257 0.5720188463407162),,,,,,,,,,,,,,,,,,,,,,,,,,,,,,,,,,,,1,
0,3,16,"{'x': 576.4236126193919, 'y': 526.3281842025799, 'elapsedTime': 2922.5}",430178136759,2075603296,POINT (0.3002206315725999 0.4873409112986851),,,,,,,,,,,,,,,,,,,,,,,,,,,,,,,,,,,,,
0,3,16,"{'x': 576.4236126193919, 'y': 526.3281842025799, 'elapsedTime': 2922.5}",430178153426,2075619963,POINT (0.3002206315725999 0.4873409112986851),,,,,,,,,,,,,,,,,,,,,,,,,,,,,,,,,,,,,
0,3,16,"{'x': 576.4236126193919, 'y': 526.3281842025799, 'elapsedTime': 2922.5}",430178170094,2075636630,POINT (0.3002206315725999 0.4873409112986851),,,,,,,,,,,,,,,,,,,,,,,,,,,,,,,,,,,,,
0,3,16,"{'x': 583.5257614433231, 'y': 521.221034693432, 'elapsedTime': 2972}",430178186760,2075653296,POINT (0.3039196674183974 0.4826120691605852),,,,,,,,,,,,,,,,,,,,,,,,,,,,,,,,,,,,,
0,3,16,"{'x': 583.5257614433231, 'y': 521.221034693432, 'elapsedTime': 2972}",430178203428,2075669963,POINT (0.3039196674183974 0.4826120691605852),,,,,,,,,,,,,,,,,,,,,,,,,,,,,,,,,,,,,
0,3,16,"{'x': 583.5257614433231, 'y': 521.221034693432, 'elapsedTime': 2972}",430178220095,2075686630,POINT (0.3039196674183974 0.4826120691605852),,,,,,,,,,,,,,,,,,,,,,,,,,,,,,,,,,,,,
0,3,16,"{'x': 621.2416788892491, 'y': 474.43157622167934, 'elapsedTime': 3020.899999976158}",430178236761,2075703296,POINT (0.3235633744214839 0.4392884965015549),,,,,,,,,,,,,,,,,,,,,,,,,,,,,,,,,,,,,
0,3,16,"{'x': 621.2416788892491, 'y': 474.43157622167934, 'elapsedTime': 3020.899999976158}",430178253434,2075719968,POINT (0.3235633744214839 0.4392884965015549),,,,,,,,,,,,,,,,,,,,,,,,,,,,,,,,,,,,,
0,3,16,"{'x': 621.2416788892491, 'y': 474.43157622167934, 'elapsedTime': 3020.899999976158}",430178270101,2075736635,POINT (0.3235633744214839 0.4392884965015549),,,,,,,,,,,,,,,,,,,,,,,,,,,,,,,,,,,,,
0,3,16,"{'x': 621.2416788892491, 'y': 474.43157622167934, 'elapsedTime': 3020.899999976158}",430178286768,2075753301,POINT (0.3235633744214839 0.4392884965015549),,,,,,,,,,,,,,,,,,,,,,,,,,,,,,,,,,,,,
0,3,16,"{'x': 589.449322204736, 'y': 450.24710314031915, 'elapsedTime': 3072.699999988079}",430178303435,2075769968,POINT (0.3070048553149666 0.4168954658706659),,,,,,,,,,,,,,,,,,,,,,,,,,,,,,,,,,,,,
0,3,16,"{'x': 589.449322204736, 'y': 450.24710314031915, 'elapsedTime': 3072.699999988079}",430178320102,2075786634,POINT (0.3070048553149666 0.4168954658706659),,,,,,,,,,,,,,,,,,,,,,,,,,,,,,,,,,,,,
0,3,16,"{'x': 589.449322204736, 'y': 450.24710314031915, 'elapsedTime': 3072.699999988079}",430178336769,2075803301,POINT (0.3070048553149666 0.4168954658706659),,,,,,,,,,,,,,,,,,,,,,,,,,,,,,,,,,,,,
0,3,16,"{'x': 713.187056116062, 'y': 491.4695790354422, 'elapsedTime': 3127.699999988079}",430178353437,2075819968,POINT (0.3714515917271156 0.4550644250328168),,,,,,,,,,,,,,,,,,,,,,,,,,,,,,,,,,,,,
0,3,16,"{'x': 713.187056116062, 'y': 491.4695790354422, 'elapsedTime': 3127.699999988079}",430178370108,2075836639,POINT (0.3714515917271156 0.4550644250328168),,,,,,,,,,,,,,,,,,,,,,,,,,,,,,,,,,,,,
0,3,16,"{'x': 713.187056116062, 'y': 491.4695790354422, 'elapsedTime': 3127.699999988079}",430178386775,2075853305,POINT (0.3714515917271156 0.4550644250328168),,,,,,,,,,,,,,,,,,,,,,,,,,,,,,,,,,,,,
0,3,16,"{'x': 799.4885215059061, 'y': 487.6980116860985, 'elapsedTime': 3178.699999988079}",430178403442,2075869972,POINT (0.4164002716176594 0.4515722330426838),,,,,,,,,,,,,,,,,,,,,,,,,,,,,,,,,,,,,
0,3,16,"{'x': 799.4885215059061, 'y': 487.6980116860985, 'elapsedTime': 3178.699999988079}",430178420109,2075886638,POINT (0.4164002716176594 0.4515722330426838),,,,,,,,,,,,,,,,,,,,,,,,,,,,,,,,,,,,,
0,3,16,"{'x': 799.4885215059061, 'y': 487.6980116860985, 'elapsedTime': 3178.699999988079}",430178436776,2075903305,POINT (0.4164002716176594 0.4515722330426838),,,,,,,,,,,,,,,,,,,,,,,,,,,,,,,,,,,,,
0,3,16,"{'x': 834.6829775549205, 'y': 557.2568623028163, 'elapsedTime': 3227.699999988079}",430178453444,2075919972,POINT (0.4347307174765211 0.5159785762063114),,,,,,,,,,,,,,,,,,,,,,,,,,,,,,,,,,,,1,
0,3,16,"{'x': 834.6829775549205, 'y': 557.2568623028163, 'elapsedTime': 3227.699999988079}",430178470110,2075936638,POINT (0.4347307174765211 0.5159785762063114),,,,,,,,,,,,,,,,,,,,,,,,,,,,,,,,,,,,1,
0,3,16,"{'x': 829.2872619399911, 'y': 638.0594547236975, 'elapsedTime': 3278.5}",430178486777,2075953305,POINT (0.4319204489270787 0.590795791410831),,,,,,,,,,,,,,,,,,,,,,,,,,,,,,,,,,,,1,
0,3,16,"{'x': 829.2872619399911, 'y': 638.0594547236975, 'elapsedTime': 3278.5}",430178503449,2075969976,POINT (0.4319204489270787 0.590795791410831),,,,,,,,,,,,,,,,,,,,,,,,,,,,,,,,,,,,1,
0,3,16,"{'x': 829.2872619399911, 'y': 638.0594547236975, 'elapsedTime': 3278.5}",430178520116,2075986643,POINT (0.4319204489270787 0.590795791410831),,,,,,,,,,,,,,,,,,,,,,,,,,,,,,,,,,,,1,
0,3,16,"{'x': 790.1282530134258, 'y': 615.1123409633288, 'elapsedTime': 3324.5}",430178536784,2076003310,POINT (0.411525131777826 0.5695484638549341),,,,,,,,,,,,,,,,,,,,,,,,,,,,,,,,,,,,1,
0,3,16,"{'x': 790.1282530134258, 'y': 615.1123409633288, 'elapsedTime': 3324.5}",430178553450,2076019976,POINT (0.411525131777826 0.5695484638549341),,,,,,,,,,,,,,,,,,,,,,,,,,,,,,,,,,,,1,
0,3,16,"{'x': 790.1282530134258, 'y': 615.1123409633288, 'elapsedTime': 3324.5}",430178570118,2076036643,POINT (0.411525131777826 0.5695484638549341),,,,,,,,,,,,,,,,,,,,,,,,,,,,,,,,,,,,1,
0,3,16,"{'x': 679.4713837073812, 'y': 624.9127715314889, 'elapsedTime': 3372.800000011921}",430178586785,2076053310,POINT (0.3538913456809277 0.5786229366032305),,,,,,,,,,,,,,,,,,,,,,,,,,,,,,,,,,,,1,
0,3,16,"{'x': 679.4713837073812, 'y': 624.9127715314889, 'elapsedTime': 3372.800000011921}",430178603452,2076069976,POINT (0.3538913456809277 0.5786229366032305),,,,,,,,,,,,,,,,,,,,,,,,,,,,,,,,,,,,1,
0,3,16,"{'x': 679.4713837073812, 'y': 624.9127715314889, 'elapsedTime': 3372.800000011921}",430178620119,2076086643,POINT (0.3538913456809277 0.5786229366032305),,,,,,,,,,,,,,,,,,,,,,,,,,,,,,,,,,,,1,
0,3,16,"{'x': 658.0816843647409, 'y': 689.6521686388519, 'elapsedTime': 3421.699999988079}",430178636793,2076103316,POINT (0.3427508772733026 0.6385668228137518),,,,,,,,,,,,,,,,,,,,,,,,,,,,,,,,,,,,,1
0,3,16,"{'x': 658.0816843647409, 'y': 689.6521686388519, 'elapsedTime': 3421.699999988079}",430178653459,2076119982,POINT (0.3427508772733026 0.6385668228137518),,,,,,,,,,,,,,,,,,,,,,,,,,,,,,,,,,,,,1
0,3,16,"{'x': 658.0816843647409, 'y': 689.6521686388519, 'elapsedTime': 3421.699999988079}",430178670127,2076136649,POINT (0.3427508772733026 0.6385668228137518),,,,,,,,,,,,,,,,,,,,,,,,,,,,,,,,,,,,,1
0,3,16,"{'x': 651.4010357220666, 'y': 698.7700154015829, 'elapsedTime': 3467.5}",430178686794,2076153316,POINT (0.3392713727719097 0.6470092735199842),,,,,,,,,,,,,,,,,,,,,,,,,,,,,,,,,,,,,1
0,3,16,"{'x': 651.4010357220666, 'y': 698.7700154015829, 'elapsedTime': 3467.5}",430178703461,2076169982,POINT (0.3392713727719097 0.6470092735199842),,,,,,,,,,,,,,,,,,,,,,,,,,,,,,,,,,,,,1
0,3,16,"{'x': 651.4010357220666, 'y': 698.7700154015829, 'elapsedTime': 3467.5}",430178720128,2076186649,POINT (0.3392713727719097 0.6470092735199842),,,,,,,,,,,,,,,,,,,,,,,,,,,,,,,,,,,,,1
0,3,16,"{'x': 653.8845286046666, 'y': 691.8776285670452, 'elapsedTime': 3515.5}",430178736795,2076203316,POINT (0.3405648586482639 0.6406274338583752),,,,,,,,,,,,,,,,,,,,,,,,,,,,,,,,,,,,,1
0,3,16,"{'x': 653.8845286046666, 'y': 691.8776285670452, 'elapsedTime': 3515.5}",430178753462,2076219982,POINT (0.3405648586482639 0.6406274338583752),,,,,,,,,,,,,,,,,,,,,,,,,,,,,,,,,,,,,1
0,3,16,"{'x': 653.8845286046666, 'y': 691.8776285670452, 'elapsedTime': 3515.5}",430178770133,2076236653,POINT (0.3405648586482639 0.6406274338583752),,,,,,,,,,,,,,,,,,,,,,,,,,,,,,,,,,,,,1
0,3,16,"{'x': 581.7407722789836, 'y': 775.1797509504398, 'elapsedTime': 3561.099999964237}",430178786801,2076253320,POINT (0.3029899855619706 0.7177590286578146),,,,,,,,,,,,,,,,,,,,,,,,,,,,,,,,,,,,,
0,3,16,"{'x': 581.7407722789836, 'y': 775.1797509504398, 'elapsedTime': 3561.099999964237}",430178803467,2076269986,POINT (0.3029899855619706 0.7177590286578146),,,,,,,,,,,,,,,,,,,,,,,,,,,,,,,,,,,,,
0,3,16,"{'x': 703.0412368296667, 'y': 665.7209729324966, 'elapsedTime': 3607.5}",430178820135,2076286653,POINT (0.3661673108487847 0.6164083082708302),,,,,,,,,,,,,,,,,,,,,,,,,,,,,,,,,,,,,1
0,3,16,"{'x': 703.0412368296667, 'y': 665.7209729324966, 'elapsedTime': 3607.5}",430178836802,2076303320,POINT (0.3661673108487847 0.6164083082708302),,,,,,,,,,,,,,,,,,,,,,,,,,,,,,,,,,,,,1
0,3,16,"{'x': 703.0412368296667, 'y': 665.7209729324966, 'elapsedTime': 3607.5}",430178853469,2076319986,POINT (0.3661673108487847 0.6164083082708302),,,,,,,,,,,,,,,,,,,,,,,,,,,,,,,,,,,,,1
0,3,16,"{'x': 720.6171578880869, 'y': 643.0014520488105, 'elapsedTime': 3654.300000011921}",430178870136,2076336653,POINT (0.3753214364000453 0.5953717148600097),,,,,,,,,,,,,,,,,,,,,,,,,,,,,,,,,,,,1,
0,3,16,"{'x': 720.6171578880869, 'y': 643.0014520488105, 'elapsedTime': 3654.300000011921}",430178886803,2076353319,POINT (0.3753214364000453 0.5953717148600097),,,,,,,,,,,,,,,,,,,,,,,,,,,,,,,,,,,,1,
0,3,16,"{'x': 720.6171578880869, 'y': 643.0014520488105, 'elapsedTime': 3654.300000011921}",430178903473,2076369989,POINT (0.3753214364000453 0.5953717148600097),,,,,,,,,,,,,,,,,,,,,,,,,,,,,,,,,,,,1,
0,3,16,"{'x': 704.2544393761877, 'y': 648.381417583976, 'elapsedTime': 3701.800000011921}",430178920141,2076386656,POINT (0.3667991871750978 0.6003531644296074),,,,,,,,,,,,,,,,,,,,,,,,,,,,,,,,,,,,1,
0,3,16,"{'x': 704.2544393761877, 'y': 648.381417583976, 'elapsedTime': 3701.800000011921}",430178936807,2076403322,POINT (0.3667991871750978 0.6003531644296074),,,,,,,,,,,,,,,,,,,,,,,,,,,,,,,,,,,,1,
0,3,16,"{'x': 704.2544393761877, 'y': 648.381417583976, 'elapsedTime': 3701.800000011921}",430178953475,2076419989,POINT (0.3667991871750978 0.6003531644296074),,,,,,,,,,,,,,,,,,,,,,,,,,,,,,,,,,,,1,
0,3,16,"{'x': 649.9484390795491, 'y': 717.3570236080762, 'elapsedTime': 3750.599999964237}",430178970142,2076436656,POINT (0.3385148120205985 0.6642194663037743),,,,,,,,,,,,,,,,,,,,,,,,,,,,,,,,,,,,,1
0,3,16,"{'x': 649.9484390795491, 'y': 717.3570236080762, 'elapsedTime': 3750.599999964237}",430178986809,2076453323,POINT (0.3385148120205985 0.6642194663037743),,,,,,,,,,,,,,,,,,,,,,,,,,,,,,,,,,,,,1
0,3,16,"{'x': 649.9484390795491, 'y': 717.3570236080762, 'elapsedTime': 3750.599999964237}",430179003476,2076469989,POINT (0.3385148120205985 0.6642194663037743),,,,,,,,,,,,,,,,,,,,,,,,,,,,,,,,,,,,,1
0,3,16,"{'x': 623.7329746607758, 'y': 666.7750306024017, 'elapsedTime': 3795.899999976158}",430179020143,2076486656,POINT (0.3248609243024874 0.6173842875948163),,,,,,,,,,,,,,,,,,,,,,,,,,,,,,,,,,,,,1
0,3,16,"{'x': 623.7329746607758, 'y': 666.7750306024017, 'elapsedTime': 3795.899999976158}",430179036816,2076503328,POINT (0.3248609243024874 0.6173842875948163),,,,,,,,,,,,,,,,,,,,,,,,,,,,,,,,,,,,,1
0,3,16,"{'x': 629.9764747296599, 'y': 657.0923037494101, 'elapsedTime': 3846.399999976158}",430179053483,2076519995,POINT (0.3281127472550312 0.6084187997679723),,,,,,,,,,,,,,,,,,,,,,,,,,,,,,,,,,,,,
0,3,16,"{'x': 629.9764747296599, 'y': 657.0923037494101, 'elapsedTime': 3846.399999976158}",430179070151,2076536662,POINT (0.3281127472550312 0.6084187997679723),,,,,,,,,,,,,,,,,,,,,,,,,,,,,,,,,,,,,
0,3,16,"{'x': 629.9764747296599, 'y': 657.0923037494101, 'elapsedTime': 3846.399999976158}",430179086817,2076553328,POINT (0.3281127472550312 0.6084187997679723),,,,,,,,,,,,,,,,,,,,,,,,,,,,,,,,,,,,,
0,3,16,"{'x': 709.4555530572765, 'y': 644.7459834940353, 'elapsedTime': 3891.899999976158}",430179103485,2076569995,POINT (0.3695081005506648 0.5969870217537364),,,,,,,,,,,,,,,,,,,,,,,,,,,,,,,,,,,,1,
0,3,16,"{'x': 709.4555530572765, 'y': 644.7459834940353, 'elapsedTime': 3891.899999976158}",430179120152,2076586662,POINT (0.3695081005506648 0.5969870217537364),,,,,,,,,,,,,,,,,,,,,,,,,,,,,,,,,,,,1,
0,3,16,"{'x': 709.4555530572765, 'y': 644.7459834940353, 'elapsedTime': 3891.899999976158}",430179136819,2076603328,POINT (0.3695081005506648 0.5969870217537364),,,,,,,,,,,,,,,,,,,,,,,,,,,,,,,,,,,,1,
0,3,16,"{'x': 731.6025588989703, 'y': 567.2519548011145, 'elapsedTime': 3936.599999964237}",430179153486,2076619995,POINT (0.381042999426547 0.5252332914825134),,,,,,,,,,,,,,,,,,,,,,,,,,,,,,,,,,,,1,
0,3,16,"{'x': 731.6025588989703, 'y': 567.2519548011145, 'elapsedTime': 3936.599999964237}",430179170160,2076636668,POINT (0.381042999426547 0.5252332914825134),,,,,,,,,,,,,,,,,,,,,,,,,,,,,,,,,,,,1,
0,3,16,"{'x': 731.6025588989703, 'y': 567.2519548011145, 'elapsedTime': 3936.599999964237}",430179186826,2076653334,POINT (0.381042999426547 0.5252332914825134),,,,,,,,,,,,,,,,,,,,,,,,,,,,,,,,,,,,1,
0,3,16,"{'x': 681.3228528289173, 'y': 596.856721691367, 'elapsedTime': 3986.300000011921}",430179203494,2076670001,POINT (0.3548556525150611 0.5526451126771917),,,,,,,,,,,,,,,,,,,,,,,,,,,,,,,,,,,,1,
0,3,16,"{'x': 681.3228528289173, 'y': 596.856721691367, 'elapsedTime': 3986.300000011921}",430179220161,2076686668,POINT (0.3548556525150611 0.5526451126771917),,,,,,,,,,,,,,,,,,,,,,,,,,,,,,,,,,,,1,
0,3,16,"{'x': 681.3228528289173, 'y': 596.856721691367, 'elapsedTime': 3986.300000011921}",430179236827,2076703334,POINT (0.3548556525150611 0.5526451126771917),,,,,,,,,,,,,,,,,,,,,,,,,,,,,,,,,,,,1,
0,3,16,"{'x': 695.1113124996949, 'y': 554.942110280524, 'elapsedTime': 4035.300000011921}",430179253495,2076720001,POINT (0.3620371419269244 0.5138352872967815),,,,,,,,,,,,,,,,,,,,,,,,,,,,,,,,,,,,1,
0,3,16,"{'x': 695.1113124996949, 'y': 554.942110280524, 'elapsedTime': 4035.300000011921}",430179270162,2076736668,POINT (0.3620371419269244 0.5138352872967815),,,,,,,,,,,,,,,,,,,,,,,,,,,,,,,,,,,,1,
0,3,16,"{'x': 695.1113124996949, 'y': 554.942110280524, 'elapsedTime': 4035.300000011921}",430179286832,2076753337,POINT (0.3620371419269244 0.5138352872967815),,,,,,,,,,,,,,,,,,,,,,,,,,,,,,,,,,,,1,
0,3,16,"{'x': 775.3649499512264, 'y': 481.60247513298987, 'elapsedTime': 4082.5}",430179303499,2076770004,POINT (0.4038359114329305 0.4459282177157314),,,,,,,,,,,,,,,,,,,,,,,,,,,,,,,,,,,,,
0,3,16,"{'x': 775.3649499512264, 'y': 481.60247513298987, 'elapsedTime': 4082.5}",430179320167,2076786671,POINT (0.4038359114329305 0.4459282177157314),,,,,,,,,,,,,,,,,,,,,,,,,,,,,,,,,,,,,
0,3,16,"{'x': 775.3649499512264, 'y': 481.60247513298987, 'elapsedTime': 4082.5}",430179336833,2076803337,POINT (0.4038359114329305 0.4459282177157314),,,,,,,,,,,,,,,,,,,,,,,,,,,,,,,,,,,,,
0,3,16,"{'x': 785.2156667794919, 'y': 409.362727288391, 'elapsedTime': 4132.099999964237}",430179353501,2076820004,POINT (0.4089664931143187 0.3790395623040657),,,,,,,,,,,,,,,,,,,,,,,,,,,,,,,,,,,,,
0,3,16,"{'x': 785.2156667794919, 'y': 409.362727288391, 'elapsedTime': 4132.099999964237}",430179370168,2076836671,POINT (0.4089664931143187 0.3790395623040657),,,,,,,,,,,,,,,,,,,,,,,,,,,,,,,,,,,,,
0,3,16,"{'x': 785.2156667794919, 'y': 409.362727288391, 'elapsedTime': 4132.099999964237}",430179386835,2076853337,POINT (0.4089664931143187 0.3790395623040657),,,,,,,,,,,,,,,,,,,,,,,,,,,,,,,,,,,,,
0,3,16,"{'x': 818.9618685234143, 'y': 363.4344237343463, 'elapsedTime': 4179.399999976158}",430179403502,2076870004,POINT (0.4265426398559449 0.3365133553095799),,,,,,,,,,,,,,,,,,,,,,,,,,,,,,,,,,,,1,
0,3,16,"{'x': 818.9618685234143, 'y': 363.4344237343463, 'elapsedTime': 4179.399999976158}",430179420173,2076886674,POINT (0.4265426398559449 0.3365133553095799),,,,,,,,,,,,,,,,,,,,,,,,,,,,,,,,,,,,1,
0,3,16,"{'x': 818.9618685234143, 'y': 363.4344237343463, 'elapsedTime': 4179.399999976158}",430179436840,2076903341,POINT (0.4265426398559449 0.3365133553095799),,,,,,,,,,,,,,,,,,,,,,,,,,,,,,,,,,,,1,
0,3,16,"{'x': 826.768645691325, 'y': 298.85688169746874, 'elapsedTime': 4229.099999964237}",430179453508,2076920008,POINT (0.4306086696308984 0.2767193349050636),,,,,,,,,,,,,,,,,,,,,,,,,,,,,,,,,,,1,1,
0,3,16,"{'x': 826.768645691325, 'y': 298.85688169746874, 'elapsedTime': 4229.099999964237}",430179470174,2076936674,POINT (0.4306086696308984 0.2767193349050636),,,,,,,,,,,,,,,,,,,,,,,,,,,,,,,,,,,1,1,
0,3,16,"{'x': 834.6912381823344, 'y': 314.76446920860053, 'elapsedTime': 4276.800000011921}",430179486842,2076953341,POINT (0.4347350198866325 0.2914485826005561),,,,,,,,,,,,,,,,,,,,,,,,,,,,,,,,,,,1,1,
0,3,16,"{'x': 834.6912381823344, 'y': 314.76446920860053, 'elapsedTime': 4276.800000011921}",430179503509,2076970008,POINT (0.4347350198866325 0.2914485826005561),,,,,,,,,,,,,,,,,,,,,,,,,,,,,,,,,,,1,1,
0,3,16,"{'x': 834.6912381823344, 'y': 314.76446920860053, 'elapsedTime': 4276.800000011921}",430179520175,2076986674,POINT (0.4347350198866325 0.2914485826005561),,,,,,,,,,,,,,,,,,,,,,,,,,,,,,,,,,,1,1,
0,3,16,"{'x': 785.281114965046, 'y': 375.3068152024481, 'elapsedTime': 4325.800000011921}",430179536843,2077003341,POINT (0.4090005807109615 0.3475063103726371),,,,,,,,,,,,,,,,,,,,,,,,,,,,,,,,,,,,,
0,3,16,"{'x': 785.281114965046, 'y': 375.3068152024481, 'elapsedTime': 4325.800000011921}",430179553517,2077020015,POINT (0.4090005807109615 0.3475063103726371),,,,,,,,,,,,,,,,,,,,,,,,,,,,,,,,,,,,,
0,3,16,"{'x': 785.281114965046, 'y': 375.3068152024481, 'elapsedTime': 4325.800000011921}",430179570184,2077036681,POINT (0.4090005807109615 0.3475063103726371),,,,,,,,,,,,,,,,,,,,,,,,,,,,,,,,,,,,,
0,3,16,"{'x': 795.0896310147975, 'y': 403.80640195435865, 'elapsedTime': 4375.399999976158}",430179586851,2077053348,POINT (0.414109182820207 0.3738948166244062),,,,,,,,,,,,,,,,,,,,,,,,,,,,,,,,,,,,,
0,3,16,"{'x': 795.0896310147975, 'y': 403.80640195435865, 'elapsedTime': 4375.399999976158}",430179603519,2077070015,POINT (0.414109182820207 0.3738948166244062),,,,,,,,,,,,,,,,,,,,,,,,,,,,,,,,,,,,,
0,3,16,"{'x': 795.0896310147975, 'y': 403.80640195435865, 'elapsedTime': 4375.399999976158}",430179620186,2077086682,POINT (0.414109182820207 0.3738948166244062),,,,,,,,,,,,,,,,,,,,,,,,,,,,,,,,,,,,,
0,3,16,"{'x': 795.0896310147975, 'y': 403.80640195435865, 'elapsedTime': 4375.399999976158}",430179636853,2077103348,POINT (0.414109182820207 0.3738948166244062),,,,,,,,,,,,,,,,,,,,,,,,,,,,,,,,,,,,,
0,3,16,"{'x': 749.2680221153357, 'y': 405.9123486098029, 'elapsedTime': 4427.399999976158}",430179653520,2077120015,POINT (0.390243761518404 0.375844767231299),,,,,,,,,,,,,,,,,,,,,,,,,,,,,,,,,,,,,
0,3,16,"{'x': 749.2680221153357, 'y': 405.9123486098029, 'elapsedTime': 4427.399999976158}",430179670187,2077136681,POINT (0.390243761518404 0.375844767231299),,,,,,,,,,,,,,,,,,,,,,,,,,,,,,,,,,,,,
0,3,16,"{'x': 749.2680221153357, 'y': 405.9123486098029, 'elapsedTime': 4427.399999976158}",430179686858,2077153352,POINT (0.390243761518404 0.375844767231299),,,,,,,,,,,,,,,,,,,,,,,,,,,,,,,,,,,,,
0,3,16,"{'x': 818.5995346284014, 'y': 387.19801552367284, 'elapsedTime': 4477.800000011921}",430179703526,2077170019,POINT (0.4263539242856257 0.3585166810404378),,,,,,,,,,,,,,,,,,,,,,,,,,,,,,,,,,,,,
0,3,16,"{'x': 818.5995346284014, 'y': 387.19801552367284, 'elapsedTime': 4477.800000011921}",430179720192,2077186685,POINT (0.4263539242856257 0.3585166810404378),,,,,,,,,,,,,,,,,,,,,,,,,,,,,,,,,,,,,
0,3,16,"{'x': 818.5995346284014, 'y': 387.19801552367284, 'elapsedTime': 4477.800000011921}",430179736860,2077203352,POINT (0.4263539242856257 0.3585166810404378),,,,,,,,,,,,,,,,,,,,,,,,,,,,,,,,,,,,,
0,3,16,"{'x': 829.3875509341887, 'y': 418.12982919781206, 'elapsedTime': 4533.5}",430179753527,2077220019,POINT (0.4319726827782233 0.3871572492572334),,,,,,,,,,,,,,,,,,,,,,,,,,,,,,,,,,,,,
0,3,16,"{'x': 829.3875509341887, 'y': 418.12982919781206, 'elapsedTime': 4533.5}",430179770193,2077236685,POINT (0.4319726827782233 0.3871572492572334),,,,,,,,,,,,,,,,,,,,,,,,,,,,,,,,,,,,,
0,3,16,"{'x': 829.3875509341887, 'y': 418.12982919781206, 'elapsedTime': 4533.5}",430179786861,2077253352,POINT (0.4319726827782233 0.3871572492572334),,,,,,,,,,,,,,,,,,,,,,,,,,,,,,,,,,,,,
0,3,16,"{'x': 635.2995811784856, 'y': 493.5574154727003, 'elapsedTime': 4582.199999988079}",430179803528,2077270019,POINT (0.3308851985304612 0.456997606919167),,,,,,,,,,,,,,,,,,,,,,,,,,,,,,,,,,,,,
0,3,16,"{'x': 635.2995811784856, 'y': 493.5574154727003, 'elapsedTime': 4582.199999988079}",430179820202,2077286692,POINT (0.3308851985304612 0.456997606919167),,,,,,,,,,,,,,,,,,,,,,,,,,,,,,,,,,,,,
0,3,16,"{'x': 635.2995811784856, 'y': 493.5574154727003, 'elapsedTime': 4582.199999988079}",430179836869,2077303359,POINT (0.3308851985304612 0.456997606919167),,,,,,,,,,,,,,,,,,,,,,,,,,,,,,,,,,,,,
0,3,16,"{'x': 512.7740648838608, 'y': 399.3742321095038, 'elapsedTime': 4631}",430179853537,2077320026,POINT (0.2670698254603441 0.369790955656948),,,,,,,,,,,,,,,,,,,,,,,,,,,,,,,,,,,,,
0,3,16,"{'x': 512.7740648838608, 'y': 399.3742321095038, 'elapsedTime': 4631}",430179870203,2077336692,POINT (0.2670698254603441 0.369790955656948),,,,,,,,,,,,,,,,,,,,,,,,,,,,,,,,,,,,,
0,3,16,"{'x': 512.7740648838608, 'y': 399.3742321095038, 'elapsedTime': 4631}",430179886871,2077353359,POINT (0.2670698254603441 0.369790955656948),,,,,,,,,,,,,,,,,,,,,,,,,,,,,,,,,,,,,
0,3,16,"{'x': 512.7740648838608, 'y': 399.3742321095038, 'elapsedTime': 4631}",430179903538,2077370026,POINT (0.2670698254603441 0.369790955656948),,,,,,,,,,,,,,,,,,,,,,,,,,,,,,,,,,,,,
0,3,16,"{'x': 560.2539074992471, 'y': 538.9285721783837, 'elapsedTime': 4694.099999964237}",430179920205,2077386692,POINT (0.2917989101558579 0.4990079372022071),,,,,,,,,,,,,,,,,,,,,,,,,,,,,,,,,,,,,
0,3,16,"{'x': 560.2539074992471, 'y': 538.9285721783837, 'elapsedTime': 4694.099999964237}",430179936872,2077403359,POINT (0.2917989101558579 0.4990079372022071),,,,,,,,,,,,,,,,,,,,,,,,,,,,,,,,,,,,,
0,3,16,"{'x': 560.2539074992471, 'y': 538.9285721783837, 'elapsedTime': 4694.099999964237}",430179953539,2077420025,POINT (0.2917989101558579 0.4990079372022071),,,,,,,,,,,,,,,,,,,,,,,,,,,,,,,,,,,,,
0,3,16,"{'x': 560.2539074992471, 'y': 538.9285721783837, 'elapsedTime': 4694.099999964237}",430179970206,2077436692,POINT (0.2917989101558579 0.4990079372022071),,,,,,,,,,,,,,,,,,,,,,,,,,,,,,,,,,,,,
0,3,16,"{'x': 560.2539074992471, 'y': 538.9285721783837, 'elapsedTime': 4694.099999964237}",430179986874,2077453359,POINT (0.2917989101558579 0.4990079372022071),,,,,,,,,,,,,,,,,,,,,,,,,,,,,,,,,,,,,
0,3,16,"{'x': 615.7618147184684, 'y': 560.9273396344006, 'elapsedTime': 4756.699999988079}",430180003540,2077470025,POINT (0.3207092784992023 0.5193771663281487),,,,,,,,,,,,,,,,,,,,,,,,,,,,,,,,,,,,1,
0,3,16,"{'x': 615.7618147184684, 'y': 560.9273396344006, 'elapsedTime': 4756.699999988079}",430180020207,2077486692,POINT (0.3207092784992023 0.5193771663281487),,,,,,,,,,,,,,,,,,,,,,,,,,,,,,,,,,,,1,
0,3,16,"{'x': 615.7618147184684, 'y': 560.9273396344006, 'elapsedTime': 4756.699999988079}",430180036875,2077503359,POINT (0.3207092784992023 0.5193771663281487),,,,,,,,,,,,,,,,,,,,,,,,,,,,,,,,,,,,1,
0,3,16,"{'x': 447.9123457241394, 'y': 513.2382916285699, 'elapsedTime': 4841}",430180053541,2077520025,POINT (0.2332876800646559 0.4752206403968239),,,,,,,,,,,,,,,,,,,,,,,,,,,,,,,,,,,,,
0,3,16,"{'x': 447.9123457241394, 'y': 513.2382916285699, 'elapsedTime': 4841}",430180070209,2077536692,POINT (0.2332876800646559 0.4752206403968239),,,,,,,,,,,,,,,,,,,,,,,,,,,,,,,,,,,,,
0,3,16,"{'x': 447.9123457241394, 'y': 513.2382916285699, 'elapsedTime': 4841}",430180086881,2077553365,POINT (0.2332876800646559 0.4752206403968239),,,,,,,,,,,,,,,,,,,,,,,,,,,,,,,,,,,,,
0,3,16,"{'x': 447.9123457241394, 'y': 513.2382916285699, 'elapsedTime': 4841}",430180103548,2077570031,POINT (0.2332876800646559 0.4752206403968239),,,,,,,,,,,,,,,,,,,,,,,,,,,,,,,,,,,,,
0,3,16,"{'x': 493.20896136364485, 'y': 578.4172389382375, 'elapsedTime': 4895.599999964237}",430180120215,2077586698,POINT (0.2568796673768984 0.5355715175354051),,,,,,,,,,,,,,,,,,,,,,,,,,,,,,,,,,,,,
0,3,16,"{'x': 493.20896136364485, 'y': 578.4172389382375, 'elapsedTime': 4895.599999964237}",430180136883,2077603365,POINT (0.2568796673768984 0.5355715175354051),,,,,,,,,,,,,,,,,,,,,,,,,,,,,,,,,,,,,
0,3,16,"{'x': 493.20896136364485, 'y': 578.4172389382375, 'elapsedTime': 4895.599999964237}",430180153549,2077620031,POINT (0.2568796673768984 0.5355715175354051),,,,,,,,,,,,,,,,,,,,,,,,,,,,,,,,,,,,,
0,3,16,"{'x': 597.4854309524951, 'y': 588.8283108226846, 'elapsedTime': 4951.5}",430180170217,2077636698,POINT (0.3111903286210912 0.5452113989098931),,,,,,,,,,,,,,,,,,,,,,,,,,,,,,,,,,,,1,
0,3,16,"{'x': 597.4854309524951, 'y': 588.8283108226846, 'elapsedTime': 4951.5}",430180186884,2077653365,POINT (0.3111903286210912 0.5452113989098931),,,,,,,,,,,,,,,,,,,,,,,,,,,,,,,,,,,,1,
0,3,16,"{'x': 597.4854309524951, 'y': 588.8283108226846, 'elapsedTime': 4951.5}",430180203554,2077670034,POINT (0.3111903286210912 0.5452113989098931),,,,,,,,,,,,,,,,,,,,,,,,,,,,,,,,,,,,1,
0,3,16,"{'x': 655.519095319009, 'y': 497.5176885083699, 'elapsedTime': 5000.699999988079}",430180220221,2077686701,POINT (0.3414161954786505 0.4606645263966388),,,,,,,,,,,,,,,,,,,,,,,,,,,,,,,,,,,,,
0,3,16,"{'x': 655.519095319009, 'y': 497.5176885083699, 'elapsedTime': 5000.699999988079}",430180236889,2077703368,POINT (0.3414161954786505 0.4606645263966388),,,,,,,,,,,,,,,,,,,,,,,,,,,,,,,,,,,,,
0,3,16,"{'x': 655.519095319009, 'y': 497.5176885083699, 'elapsedTime': 5000.699999988079}",430180253555,2077720034,POINT (0.3414161954786505 0.4606645263966388),,,,,,,,,,,,,,,,,,,,,,,,,,,,,,,,,,,,,
0,3,16,"{'x': 618.9489634737371, 'y': 451.2121445435027, 'elapsedTime': 5049.199999988079}",430180270222,2077736701,POINT (0.3223692518092381 0.4177890227254655),,,,,,,,,,,,,,,,,,,,,,,,,,,,,,,,,,,,,
0,3,16,"{'x': 618.9489634737371, 'y': 451.2121445435027, 'elapsedTime': 5049.199999988079}",430180286890,2077753368,POINT (0.3223692518092381 0.4177890227254655),,,,,,,,,,,,,,,,,,,,,,,,,,,,,,,,,,,,,
0,3,16,"{'x': 618.9489634737371, 'y': 451.2121445435027, 'elapsedTime': 5049.199999988079}",430180303556,2077770034,POINT (0.3223692518092381 0.4177890227254655),,,,,,,,,,,,,,,,,,,,,,,,,,,,,,,,,,,,,
0,3,16,"{'x': 594.0803892623493, 'y': 357.5450526512633, 'elapsedTime': 5105.199999988079}",430180320223,2077786701,POINT (0.3094168694074736 0.3310602339363549),,,,,,,,,,,,,,,,,,,,,,,,,,,,,,,,,,,,,
0,3,16,"{'x': 594.0803892623493, 'y': 357.5450526512633, 'elapsedTime': 5105.199999988079}",430180336897,2077803375,POINT (0.3094168694074736 0.3310602339363549),,,,,,,,,,,,,,,,,,,,,,,,,,,,,,,,,,,,,
0,3,16,"{'x': 594.0803892623493, 'y': 357.5450526512633, 'elapsedTime': 5105.199999988079}",430180353564,2077820041,POINT (0.3094168694074736 0.3310602339363549),,,,,,,,,,,,,,,,,,,,,,,,,,,,,,,,,,,,,
0,3,16,"{'x': 594.0803892623493, 'y': 357.5450526512633, 'elapsedTime': 5105.199999988079}",430180370231,2077836708,POINT (0.3094168694074736 0.3310602339363549),,,,,,,,,,,,,,,,,,,,,,,,,,,,,,,,,,,,,
0,3,16,"{'x': 670.1624795421056, 'y': 382.46357654600376, 'elapsedTime': 5158.800000011921}",430180386899,2077853375,POINT (0.3490429580948467 0.3541329412462998),,,,,,,,,,,,,,,,,,,,,,,,,,,,,,,,,,,,,
0,3,16,"{'x': 670.1624795421056, 'y': 382.46357654600376, 'elapsedTime': 5158.800000011921}",430180403565,2077870041,POINT (0.3490429580948467 0.3541329412462998),,,,,,,,,,,,,,,,,,,,,,,,,,,,,,,,,,,,,
0,3,16,"{'x': 670.1624795421056, 'y': 382.46357654600376, 'elapsedTime': 5158.800000011921}",430180420233,2077886708,POINT (0.3490429580948467 0.3541329412462998),,,,,,,,,,,,,,,,,,,,,,,,,,,,,,,,,,,,,
0,3,16,"{'x': 674.903005137913, 'y': 394.73997585363566, 'elapsedTime': 5214.300000011921}",430180436900,2077903375,POINT (0.351511981842663 0.3654999776422552),,,,,,,,,,,,,,,,,,,,,,,,,,,,,,,,,,,,,
0,3,16,"{'x': 674.903005137913, 'y': 394.73997585363566, 'elapsedTime': 5214.300000011921}",430180453567,2077920041,POINT (0.351511981842663 0.3654999776422552),,,,,,,,,,,,,,,,,,,,,,,,,,,,,,,,,,,,,
0,3,16,"{'x': 674.903005137913, 'y': 394.73997585363566, 'elapsedTime': 5214.300000011921}",430180470238,2077936712,POINT (0.351511981842663 0.3654999776422552),,,,,,,,,,,,,,,,,,,,,,,,,,,,,,,,,,,,,
0,3,16,"{'x': 643.541695914227, 'y': 627.3818845812907, 'elapsedTime': 5264.099999964237}",430180486905,2077953378,POINT (0.3351779666219932 0.580909152390084),,,,,,,,,,,,,,,,,,,,,,,,,,,,,,,,,,,,1,
0,3,16,"{'x': 643.541695914227, 'y': 627.3818845812907, 'elapsedTime': 5264.099999964237}",430180503572,2077970045,POINT (0.3351779666219932 0.580909152390084),,,,,,,,,,,,,,,,,,,,,,,,,,,,,,,,,,,,1,
0,3,16,"{'x': 643.541695914227, 'y': 627.3818845812907, 'elapsedTime': 5264.099999964237}",430180520239,2077986712,POINT (0.3351779666219932 0.580909152390084),,,,,,,,,,,,,,,,,,,,,,,,,,,,,,,,,,,,1,
0,3,16,"{'x': 643.541695914227, 'y': 627.3818845812907, 'elapsedTime': 5264.099999964237}",430180536906,2078003378,POINT (0.3351779666219932 0.580909152390084),,,,,,,,,,,,,,,,,,,,,,,,,,,,,,,,,,,,1,
0,3,16,"{'x': 644.6147940269362, 'y': 634.1616765823899, 'elapsedTime': 5317.699999988079}",430180553572,2078020045,POINT (0.3357368718890293 0.5871867375762869),,,,,,,,,,,,,,,,,,,,,,,,,,,,,,,,,,,,1,
0,3,16,"{'x': 644.6147940269362, 'y': 634.1616765823899, 'elapsedTime': 5317.699999988079}",430180570240,2078036712,POINT (0.3357368718890293 0.5871867375762869),,,,,,,,,,,,,,,,,,,,,,,,,,,,,,,,,,,,1,
0,3,16,"{'x': 644.6147940269362, 'y': 634.1616765823899, 'elapsedTime': 5317.699999988079}",430180586906,2078053378,POINT (0.3357368718890293 0.5871867375762869),,,,,,,,,,,,,,,,,,,,,,,,,,,,,,,,,,,,1,
0,3,16,"{'x': 611.6199549967209, 'y': 491.9446916460604, 'elapsedTime': 5380.099999964237}",430180603579,2078070050,POINT (0.3185520598941255 0.4555043441167226),,,,,,,,,,,,,,,,,,,,,,,,,,,,,,,,,,,,,
0,3,16,"{'x': 611.6199549967209, 'y': 491.9446916460604, 'elapsedTime': 5380.099999964237}",430180620246,2078086717,POINT (0.3185520598941255 0.4555043441167226),,,,,,,,,,,,,,,,,,,,,,,,,,,,,,,,,,,,,
0,3,16,"{'x': 611.6199549967209, 'y': 491.9446916460604, 'elapsedTime': 5380.099999964237}",430180636913,2078103383,POINT (0.3185520598941255 0.4555043441167226),,,,,,,,,,,,,,,,,,,,,,,,,,,,,,,,,,,,,
0,3,16,"{'x': 510.93314703050487, 'y': 461.83982788515465, 'elapsedTime': 5437.5}",430180653580,2078120050,POINT (0.2661110140783879 0.4276294702640321),,,,,,,,,,,,,,,,,,,,,,,,,,,,,,,,,,,,,
0,3,16,"{'x': 510.93314703050487, 'y': 461.83982788515465, 'elapsedTime': 5437.5}",430180670248,2078136717,POINT (0.2661110140783879 0.4276294702640321),,,,,,,,,,,,,,,,,,,,,,,,,,,,,,,,,,,,,
0,3,16,"{'x': 510.93314703050487, 'y': 461.83982788515465, 'elapsedTime': 5437.5}",430180686914,2078153383,POINT (0.2661110140783879 0.4276294702640321),,,,,,,,,,,,,,,,,,,,,,,,,,,,,,,,,,,,,
0,3,16,"{'x': 510.93314703050487, 'y': 461.83982788515465, 'elapsedTime': 5437.5}",430180703582,2078170050,POINT (0.2661110140783879 0.4276294702640321),,,,,,,,,,,,,,,,,,,,,,,,,,,,,,,,,,,,,
0,3,16,"{'x': 530.9955466886564, 'y': 439.289249013229, 'elapsedTime': 5492.699999988079}",430180720249,2078186717,POINT (0.2765601805670085 0.4067493046418787),,,,,,,,,,,,,,,,,,,,,,,,,,,,,,,,,,,,,
0,3,16,"{'x': 530.9955466886564, 'y': 439.289249013229, 'elapsedTime': 5492.699999988079}",430180736919,2078203387,POINT (0.2765601805670085 0.4067493046418787),,,,,,,,,,,,,,,,,,,,,,,,,,,,,,,,,,,,,
0,3,16,"{'x': 530.9955466886564, 'y': 439.289249013229, 'elapsedTime': 5492.699999988079}",430180753586,2078220054,POINT (0.2765601805670085 0.4067493046418787),,,,,,,,,,,,,,,,,,,,,,,,,,,,,,,,,,,,,
0,3,16,"{'x': 617.3909856546819, 'y': 520.2225793041135, 'elapsedTime': 5546.099999964237}",430180770254,2078236721,POINT (0.3215578050284801 0.4816875734297348),,,,,,,,,,,,,,,,,,,,,,,,,,,,,,,,,,,,,
0,3,16,"{'x': 617.3909856546819, 'y': 520.2225793041135, 'elapsedTime': 5546.099999964237}",430180786920,2078253387,POINT (0.3215578050284801 0.4816875734297348),,,,,,,,,,,,,,,,,,,,,,,,,,,,,,,,,,,,,
0,3,16,"{'x': 617.3909856546819, 'y': 520.2225793041135, 'elapsedTime': 5546.099999964237}",430180803587,2078270054,POINT (0.3215578050284801 0.4816875734297348),,,,,,,,,,,,,,,,,,,,,,,,,,,,,,,,,,,,,
0,3,16,"{'x': 617.3909856546819, 'y': 520.2225793041135, 'elapsedTime': 5546.099999964237}",430180820255,2078286721,POINT (0.3215578050284801 0.4816875734297348),,,,,,,,,,,,,,,,,,,,,,,,,,,,,,,,,,,,,
0,3,16,"{'x': 700.8932405928723, 'y': 432.91640130904847, 'elapsedTime': 5606.300000011921}",430180836921,2078303387,POINT (0.3650485628087877 0.4008485197306004),,,,,,,,,,,,,,,,,,,,,,,,,,,,,,,,,,,,,
0,3,16,"{'x': 700.8932405928723, 'y': 432.91640130904847, 'elapsedTime': 5606.300000011921}",430180853589,2078320054,POINT (0.3650485628087877 0.4008485197306004),,,,,,,,,,,,,,,,,,,,,,,,,,,,,,,,,,,,,
0,3,16,"{'x': 700.8932405928723, 'y': 432.91640130904847, 'elapsedTime': 5606.300000011921}",430180870260,2078336725,POINT (0.3650485628087877 0.4008485197306004),,,,,,,,,,,,,,,,,,,,,,,,,,,,,,,,,,,,,
0,3,16,"{'x': 715.0880783473222, 'y': 539.7577536699099, 'elapsedTime': 5660.399999976158}",430180886927,2078353391,POINT (0.3724417074725636 0.4997756978425092),,,,,,,,,,,,,,,,,,,,,,,,,,,,,,,,,,,,1,
0,3,16,"{'x': 715.0880783473222, 'y': 539.7577536699099, 'elapsedTime': 5660.399999976158}",430180903594,2078370058,POINT (0.3724417074725636 0.4997756978425092),,,,,,,,,,,,,,,,,,,,,,,,,,,,,,,,,,,,1,
0,3,16,"{'x': 715.0880783473222, 'y': 539.7577536699099, 'elapsedTime': 5660.399999976158}",430180920262,2078386725,POINT (0.3724417074725636 0.4997756978425092),,,,,,,,,,,,,,,,,,,,,,,,,,,,,,,,,,,,1,
0,3,16,"{'x': 735.9936856512694, 'y': 455.68576152077173, 'elapsedTime': 5714.699999988079}",430180936928,2078403391,POINT (0.3833300446100362 0.4219312606673812),,,,,,,,,,,,,,,,,,,,,,,,,,,,,,,,,,,,,
0,3,16,"{'x': 735.9936856512694, 'y': 455.68576152077173, 'elapsedTime': 5714.699999988079}",430180953595,2078420058,POINT (0.3833300446100362 0.4219312606673812),,,,,,,,,,,,,,,,,,,,,,,,,,,,,,,,,,,,,
0,3,16,"{'x': 735.9936856512694, 'y': 455.68576152077173, 'elapsedTime': 5714.699999988079}",430180970262,2078436725,POINT (0.3833300446100362 0.4219312606673812),,,,,,,,,,,,,,,,,,,,,,,,,,,,,,,,,,,,,
0,3,16,"{'x': 747.1685886419923, 'y': 438.9939106440381, 'elapsedTime': 5770}",430180986929,2078453391,POINT (0.389150306584371 0.4064758431889242),,,,,,,,,,,,,,,,,,,,,,,,,,,,,,,,,,,,,
0,3,16,"{'x': 747.1685886419923, 'y': 438.9939106440381, 'elapsedTime': 5770}",430181003601,2078470063,POINT (0.389150306584371 0.4064758431889242),,,,,,,,,,,,,,,,,,,,,,,,,,,,,,,,,,,,,
0,3,16,"{'x': 747.1685886419923, 'y': 438.9939106440381, 'elapsedTime': 5770}",430181020269,2078486730,POINT (0.389150306584371 0.4064758431889242),,,,,,,,,,,,,,,,,,,,,,,,,,,,,,,,,,,,,
0,3,16,"{'x': 747.1685886419923, 'y': 438.9939106440381, 'elapsedTime': 5770}",430181036935,2078503396,POINT (0.389150306584371 0.4064758431889242),,,,,,,,,,,,,,,,,,,,,,,,,,,,,,,,,,,,,
0,3,16,"{'x': 764.8820484196879, 'y': 520.6711655636709, 'elapsedTime': 5825}",430181053602,2078520063,POINT (0.3983760668852541 0.482102931077473),,,,,,,,,,,,,,,,,,,,,,,,,,,,,,,,,,,,1,
0,3,16,"{'x': 764.8820484196879, 'y': 520.6711655636709, 'elapsedTime': 5825}",430181070269,2078536729,POINT (0.3983760668852541 0.482102931077473),,,,,,,,,,,,,,,,,,,,,,,,,,,,,,,,,,,,1,
0,3,16,"{'x': 764.8820484196879, 'y': 520.6711655636709, 'elapsedTime': 5825}",430181086936,2078553396,POINT (0.3983760668852541 0.482102931077473),,,,,,,,,,,,,,,,,,,,,,,,,,,,,,,,,,,,1,
0,3,16,"{'x': 812.8290600524542, 'y': 633.5540803949607, 'elapsedTime': 5886.599999964237}",430181103604,2078570063,POINT (0.4233484687773199 0.5866241485138525),,,,,,,,,,,,,,,,,,,,,,,,,,,,,,,,,,,,1,
0,3,16,"{'x': 812.8290600524542, 'y': 633.5540803949607, 'elapsedTime': 5886.599999964237}",430181120270,2078586729,POINT (0.4233484687773199 0.5866241485138525),,,,,,,,,,,,,,,,,,,,,,,,,,,,,,,,,,,,1,
0,3,16,"{'x': 812.8290600524542, 'y': 633.5540803949607, 'elapsedTime': 5886.599999964237}",430181136944,2078603402,POINT (0.4233484687773199 0.5866241485138525),,,,,,,,,,,,,,,,,,,,,,,,,,,,,,,,,,,,1,
0,3,16,"{'x': 812.8290600524542, 'y': 633.5540803949607, 'elapsedTime': 5886.599999964237}",430181153611,2078620069,POINT (0.4233484687773199 0.5866241485138525),,,,,,,,,,,,,,,,,,,,,,,,,,,,,,,,,,,,1,
0,3,16,"{'x': 740.6463611642158, 'y': 776.6961406308334, 'elapsedTime': 5943.300000011921}",430181170278,2078636735,POINT (0.3857533131063624 0.7191630931766976),,,,,,,,,,,,,,,,,,,,,,,,,,,,,,,,,,,,,
0,3,16,"{'x': 740.6463611642158, 'y': 776.6961406308334, 'elapsedTime': 5943.300000011921}",430181186944,2078653402,POINT (0.3857533131063624 0.7191630931766976),,,,,,,,,,,,,,,,,,,,,,,,,,,,,,,,,,,,,
0,3,16,"{'x': 740.6463611642158, 'y': 776.6961406308334, 'elapsedTime': 5943.300000011921}",430181203612,2078670069,POINT (0.3857533131063624 0.7191630931766976),,,,,,,,,,,,,,,,,,,,,,,,,,,,,,,,,,,,,
0,3,16,"{'x': 798.4665959856205, 'y': 663.7101204269136, 'elapsedTime': 5995.099999964237}",430181220278,2078686735,POINT (0.4158680187425107 0.6145464078026978),,,,,,,,,,,,,,,,,,,,,,,,,,,,,,,,,,,,,1
0,3,16,"{'x': 798.4665959856205, 'y': 663.7101204269136, 'elapsedTime': 5995.099999964237}",430181236946,2078703402,POINT (0.4158680187425107 0.6145464078026978),,,,,,,,,,,,,,,,,,,,,,,,,,,,,,,,,,,,,1
0,3,16,"{'x': 798.4665959856205, 'y': 663.7101204269136, 'elapsedTime': 5995.099999964237}",430181253618,2078720074,POINT (0.4158680187425107 0.6145464078026978),,,,,,,,,,,,,,,,,,,,,,,,,,,,,,,,,,,,,1
0,3,16,"{'x': 722.0781889849515, 'y': 769.6083606070773, 'elapsedTime': 6052.199999988079}",430181270285,2078736740,POINT (0.3760823900963289 0.712600333895442),,,,,,,,,,,,,,,,,,,,,,,,,,,,,,,,,,,,,
0,3,16,"{'x': 722.0781889849515, 'y': 769.6083606070773, 'elapsedTime': 6052.199999988079}",430181286952,2078753407,POINT (0.3760823900963289 0.712600333895442),,,,,,,,,,,,,,,,,,,,,,,,,,,,,,,,,,,,,
0,3,16,"{'x': 722.0781889849515, 'y': 769.6083606070773, 'elapsedTime': 6052.199999988079}",430181303619,2078770074,POINT (0.3760823900963289 0.712600333895442),,,,,,,,,,,,,,,,,,,,,,,,,,,,,,,,,,,,,
0,3,16,"{'x': 722.0781889849515, 'y': 769.6083606070773, 'elapsedTime': 6052.199999988079}",430181320286,2078786740,POINT (0.3760823900963289 0.712600333895442),,,,,,,,,,,,,,,,,,,,,,,,,,,,,,,,,,,,,
0,3,16,"{'x': 648.768182614014, 'y': 746.9641413914775, 'elapsedTime': 6107.899999976158}",430181336951,2078803405,POINT (0.3379000951114656 0.6916334642513681),,,,,,,,,,,,,,,,,,,,,,,,,,,,,,,,,,,,,1
0,3,16,"{'x': 648.768182614014, 'y': 746.9641413914775, 'elapsedTime': 6107.899999976158}",430181353621,2078820074,POINT (0.3379000951114656 0.6916334642513681),,,,,,,,,,,,,,,,,,,,,,,,,,,,,,,,,,,,,1
0,3,16,"{'x': 648.768182614014, 'y': 746.9641413914775, 'elapsedTime': 6107.899999976158}",430181370285,2078836738,POINT (0.3379000951114656 0.6916334642513681),,,,,,,,,,,,,,,,,,,,,,,,,,,,,,,,,,,,,1
0,3,16,"{'x': 620.4352544356957, 'y': 718.7670577692418, 'elapsedTime': 6168.699999988079}",430181386956,2078853408,POINT (0.3231433616852582 0.6655250534900387),,,,,,,,,,,,,,,,,,,,,,,,,,,,,,,,,,,,,1
0,3,16,"{'x': 620.4352544356957, 'y': 718.7670577692418, 'elapsedTime': 6168.699999988079}",430181403622,2078870075,POINT (0.3231433616852582 0.6655250534900387),,,,,,,,,,,,,,,,,,,,,,,,,,,,,,,,,,,,,1
0,3,16,"{'x': 620.4352544356957, 'y': 718.7670577692418, 'elapsedTime': 6168.699999988079}",430181420289,2078886741,POINT (0.3231433616852582 0.6655250534900387),,,,,,,,,,,,,,,,,,,,,,,,,,,,,,,,,,,,,1
0,3,16,"{'x': 639.4347559361238, 'y': 611.6401925199582, 'elapsedTime': 6222.800000011921}",430181436956,2078903408,POINT (0.3330389353833978 0.5663335115925539),,,,,,,,,,,,,,,,,,,,,,,,,,,,,,,,,,,,1,
0,3,16,"{'x': 639.4347559361238, 'y': 611.6401925199582, 'elapsedTime': 6222.800000011921}",430181453624,2078920075,POINT (0.3330389353833978 0.5663335115925539),,,,,,,,,,,,,,,,,,,,,,,,,,,,,,,,,,,,1,
