,pid,stimulus_number,coordinates,current_time,current_time1,geometry,using.1,std;.1,namespace.1,n>0.1,n==3.1,n=10.1,n--.1,n.1,main.1,int.1,int.2,if.1,for.1,cout.1,cout.2,countdown.1,break.1,aborted.1,<<.1,<<.2,<<.3,-----------.2,-----------.5,-----------.9,-----------.12,-----------.13,-----------.14,-----------.15,",.8",question,code,choices
0,3,17,"{'x': 844.0722193451911, 'y': 523.5842989376321, 'elapsedTime': 111492.60000002384}",430166952806,2064419568,POINT (0.4396209475756204 0.4848002767941038),,,,,,,,,,,,,,,,,,,,,,,,,,,,,,,1,
0,3,17,"{'x': 844.0722193451911, 'y': 523.5842989376321, 'elapsedTime': 111492.60000002384}",430166969479,2064436241,POINT (0.4396209475756204 0.4848002767941038),,,,,,,,,,,,,,,,,,,,,,,,,,,,,,,1,
0,3,17,"{'x': 844.0722193451911, 'y': 523.5842989376321, 'elapsedTime': 111492.60000002384}",430166986146,2064452907,POINT (0.4396209475756204 0.4848002767941038),,,,,,,,,,,,,,,,,,,,,,,,,,,,,,,1,
0,3,17,"{'x': 844.0722193451911, 'y': 523.5842989376321, 'elapsedTime': 111492.60000002384}",430167002813,2064469574,POINT (0.4396209475756204 0.4848002767941038),,,,,,,,,,,,,,,,,,,,,,,,,,,,,,,1,
0,3,17,"{'x': 844.0722193451911, 'y': 523.5842989376321, 'elapsedTime': 111492.60000002384}",430167019481,2064486241,POINT (0.4396209475756204 0.4848002767941038),,,,,,,,,,,,,,,,,,,,,,,,,,,,,,,1,
0,3,17,"{'x': 844.0722193451911, 'y': 523.5842989376321, 'elapsedTime': 111492.60000002384}",430167036147,2064502907,POINT (0.4396209475756204 0.4848002767941038),,,,,,,,,,,,,,,,,,,,,,,,,,,,,,,1,
0,3,17,"{'x': 844.0722193451911, 'y': 523.5842989376321, 'elapsedTime': 111492.60000002384}",430167052815,2064519574,POINT (0.4396209475756204 0.4848002767941038),,,,,,,,,,,,,,,,,,,,,,,,,,,,,,,1,
0,3,17,"{'x': 844.0722193451911, 'y': 523.5842989376321, 'elapsedTime': 111492.60000002384}",430167069482,2064536241,POINT (0.4396209475756204 0.4848002767941038),,,,,,,,,,,,,,,,,,,,,,,,,,,,,,,1,
0,3,17,"{'x': 844.0722193451911, 'y': 523.5842989376321, 'elapsedTime': 111492.60000002384}",430167086149,2064552907,POINT (0.4396209475756204 0.4848002767941038),,,,,,,,,,,,,,,,,,,,,,,,,,,,,,,1,
0,3,17,"{'x': 844.0722193451911, 'y': 523.5842989376321, 'elapsedTime': 111492.60000002384}",430167102820,2064569578,POINT (0.4396209475756204 0.4848002767941038),,,,,,,,,,,,,,,,,,,,,,,,,,,,,,,1,
0,3,17,"{'x': 844.0722193451911, 'y': 523.5842989376321, 'elapsedTime': 111492.60000002384}",430167119488,2064586245,POINT (0.4396209475756204 0.4848002767941038),,,,,,,,,,,,,,,,,,,,,,,,,,,,,,,1,
0,3,17,"{'x': 844.0722193451911, 'y': 523.5842989376321, 'elapsedTime': 111492.60000002384}",430167136154,2064602911,POINT (0.4396209475756204 0.4848002767941038),,,,,,,,,,,,,,,,,,,,,,,,,,,,,,,1,
0,3,17,"{'x': 844.0722193451911, 'y': 523.5842989376321, 'elapsedTime': 111492.60000002384}",430167152822,2064619578,POINT (0.4396209475756204 0.4848002767941038),,,,,,,,,,,,,,,,,,,,,,,,,,,,,,,1,
0,3,17,"{'x': 844.0722193451911, 'y': 523.5842989376321, 'elapsedTime': 111492.60000002384}",430167169489,2064636245,POINT (0.4396209475756204 0.4848002767941038),,,,,,,,,,,,,,,,,,,,,,,,,,,,,,,1,
0,3,17,"{'x': 844.0722193451911, 'y': 523.5842989376321, 'elapsedTime': 111492.60000002384}",430167186156,2064652911,POINT (0.4396209475756204 0.4848002767941038),,,,,,,,,,,,,,,,,,,,,,,,,,,,,,,1,
0,3,17,"{'x': 844.0722193451911, 'y': 523.5842989376321, 'elapsedTime': 111492.60000002384}",430167202823,2064669578,POINT (0.4396209475756204 0.4848002767941038),,,,,,,,,,,,,,,,,,,,,,,,,,,,,,,1,
0,3,17,"{'x': 844.0722193451911, 'y': 523.5842989376321, 'elapsedTime': 111492.60000002384}",430167219491,2064686245,POINT (0.4396209475756204 0.4848002767941038),,,,,,,,,,,,,,,,,,,,,,,,,,,,,,,1,
0,3,17,"{'x': 844.0722193451911, 'y': 523.5842989376321, 'elapsedTime': 111492.60000002384}",430167236160,2064702914,POINT (0.4396209475756204 0.4848002767941038),,,,,,,,,,,,,,,,,,,,,,,,,,,,,,,1,
0,3,17,"{'x': 844.0722193451911, 'y': 523.5842989376321, 'elapsedTime': 111492.60000002384}",430167252828,2064719581,POINT (0.4396209475756204 0.4848002767941038),,,,,,,,,,,,,,,,,,,,,,,,,,,,,,,1,
0,3,17,"{'x': 844.0722193451911, 'y': 523.5842989376321, 'elapsedTime': 111492.60000002384}",430167269495,2064736248,POINT (0.4396209475756204 0.4848002767941038),,,,,,,,,,,,,,,,,,,,,,,,,,,,,,,1,
0,3,17,"{'x': 844.0722193451911, 'y': 523.5842989376321, 'elapsedTime': 111492.60000002384}",430167286162,2064752914,POINT (0.4396209475756204 0.4848002767941038),,,,,,,,,,,,,,,,,,,,,,,,,,,,,,,1,
0,3,17,"{'x': 844.0722193451911, 'y': 523.5842989376321, 'elapsedTime': 111492.60000002384}",430167302829,2064769581,POINT (0.4396209475756204 0.4848002767941038),,,,,,,,,,,,,,,,,,,,,,,,,,,,,,,1,
0,3,17,"{'x': 844.0722193451911, 'y': 523.5842989376321, 'elapsedTime': 111492.60000002384}",430167319497,2064786248,POINT (0.4396209475756204 0.4848002767941038),,,,,,,,,,,,,,,,,,,,,,,,,,,,,,,1,
0,3,17,"{'x': 844.0722193451911, 'y': 523.5842989376321, 'elapsedTime': 111492.60000002384}",430167336163,2064802914,POINT (0.4396209475756204 0.4848002767941038),,,,,,,,,,,,,,,,,,,,,,,,,,,,,,,1,
0,3,17,"{'x': 844.0722193451911, 'y': 523.5842989376321, 'elapsedTime': 111492.60000002384}",430167352831,2064819581,POINT (0.4396209475756204 0.4848002767941038),,,,,,,,,,,,,,,,,,,,,,,,,,,,,,,1,
0,3,17,"{'x': 844.0722193451911, 'y': 523.5842989376321, 'elapsedTime': 111492.60000002384}",430167369504,2064836254,POINT (0.4396209475756204 0.4848002767941038),,,,,,,,,,,,,,,,,,,,,,,,,,,,,,,1,
0,3,17,"{'x': 844.0722193451911, 'y': 523.5842989376321, 'elapsedTime': 111492.60000002384}",430167386171,2064852920,POINT (0.4396209475756204 0.4848002767941038),,,,,,,,,,,,,,,,,,,,,,,,,,,,,,,1,
0,3,17,"{'x': 844.0722193451911, 'y': 523.5842989376321, 'elapsedTime': 111492.60000002384}",430167402838,2064869587,POINT (0.4396209475756204 0.4848002767941038),,,,,,,,,,,,,,,,,,,,,,,,,,,,,,,1,
0,3,17,"{'x': 844.0722193451911, 'y': 523.5842989376321, 'elapsedTime': 111492.60000002384}",430167419505,2064886253,POINT (0.4396209475756204 0.4848002767941038),,,,,,,,,,,,,,,,,,,,,,,,,,,,,,,1,
0,3,17,"{'x': 844.0722193451911, 'y': 523.5842989376321, 'elapsedTime': 111492.60000002384}",430167436172,2064902920,POINT (0.4396209475756204 0.4848002767941038),,,,,,,,,,,,,,,,,,,,,,,,,,,,,,,1,
0,3,17,"{'x': 844.0722193451911, 'y': 523.5842989376321, 'elapsedTime': 111492.60000002384}",430167452840,2064919587,POINT (0.4396209475756204 0.4848002767941038),,,,,,,,,,,,,,,,,,,,,,,,,,,,,,,1,
0,3,17,"{'x': 844.0722193451911, 'y': 523.5842989376321, 'elapsedTime': 111492.60000002384}",430167469506,2064936253,POINT (0.4396209475756204 0.4848002767941038),,,,,,,,,,,,,,,,,,,,,,,,,,,,,,,1,
0,3,17,"{'x': 844.0722193451911, 'y': 523.5842989376321, 'elapsedTime': 111492.60000002384}",430167486174,2064952920,POINT (0.4396209475756204 0.4848002767941038),,,,,,,,,,,,,,,,,,,,,,,,,,,,,,,1,
0,3,17,"{'x': 844.0722193451911, 'y': 523.5842989376321, 'elapsedTime': 111492.60000002384}",430167502845,2064969591,POINT (0.4396209475756204 0.4848002767941038),,,,,,,,,,,,,,,,,,,,,,,,,,,,,,,1,
0,3,17,"{'x': 844.0722193451911, 'y': 523.5842989376321, 'elapsedTime': 111492.60000002384}",430167519513,2064986258,POINT (0.4396209475756204 0.4848002767941038),,,,,,,,,,,,,,,,,,,,,,,,,,,,,,,1,
0,3,17,"{'x': 844.0722193451911, 'y': 523.5842989376321, 'elapsedTime': 111492.60000002384}",430167536179,2065002924,POINT (0.4396209475756204 0.4848002767941038),,,,,,,,,,,,,,,,,,,,,,,,,,,,,,,1,
0,3,17,"{'x': 844.0722193451911, 'y': 523.5842989376321, 'elapsedTime': 111492.60000002384}",430167552847,2065019591,POINT (0.4396209475756204 0.4848002767941038),,,,,,,,,,,,,,,,,,,,,,,,,,,,,,,1,
0,3,17,"{'x': 844.0722193451911, 'y': 523.5842989376321, 'elapsedTime': 111492.60000002384}",430167569513,2065036257,POINT (0.4396209475756204 0.4848002767941038),,,,,,,,,,,,,,,,,,,,,,,,,,,,,,,1,
0,3,17,"{'x': 844.0722193451911, 'y': 523.5842989376321, 'elapsedTime': 111492.60000002384}",430167586181,2065052924,POINT (0.4396209475756204 0.4848002767941038),,,,,,,,,,,,,,,,,,,,,,,,,,,,,,,1,
0,3,17,"{'x': 844.0722193451911, 'y': 523.5842989376321, 'elapsedTime': 111492.60000002384}",430167602848,2065069591,POINT (0.4396209475756204 0.4848002767941038),,,,,,,,,,,,,,,,,,,,,,,,,,,,,,,1,
0,3,17,"{'x': 844.0722193451911, 'y': 523.5842989376321, 'elapsedTime': 111492.60000002384}",430167619515,2065086257,POINT (0.4396209475756204 0.4848002767941038),,,,,,,,,,,,,,,,,,,,,,,,,,,,,,,1,
0,3,17,"{'x': 844.0722193451911, 'y': 523.5842989376321, 'elapsedTime': 111492.60000002384}",430167636187,2065102929,POINT (0.4396209475756204 0.4848002767941038),,,,,,,,,,,,,,,,,,,,,,,,,,,,,,,1,
0,3,17,"{'x': 844.0722193451911, 'y': 523.5842989376321, 'elapsedTime': 111492.60000002384}",430167652855,2065119596,POINT (0.4396209475756204 0.4848002767941038),,,,,,,,,,,,,,,,,,,,,,,,,,,,,,,1,
0,3,17,"{'x': 844.0722193451911, 'y': 523.5842989376321, 'elapsedTime': 111492.60000002384}",430167669521,2065136262,POINT (0.4396209475756204 0.4848002767941038),,,,,,,,,,,,,,,,,,,,,,,,,,,,,,,1,
0,3,17,"{'x': 844.0722193451911, 'y': 523.5842989376321, 'elapsedTime': 111492.60000002384}",430167686189,2065152929,POINT (0.4396209475756204 0.4848002767941038),,,,,,,,,,,,,,,,,,,,,,,,,,,,,,,1,
0,3,17,"{'x': 844.0722193451911, 'y': 523.5842989376321, 'elapsedTime': 111492.60000002384}",430167702856,2065169596,POINT (0.4396209475756204 0.4848002767941038),,,,,,,,,,,,,,,,,,,,,,,,,,,,,,,1,
0,3,17,"{'x': 844.0722193451911, 'y': 523.5842989376321, 'elapsedTime': 111492.60000002384}",430167719522,2065186262,POINT (0.4396209475756204 0.4848002767941038),,,,,,,,,,,,,,,,,,,,,,,,,,,,,,,1,
0,3,17,"{'x': 844.0722193451911, 'y': 523.5842989376321, 'elapsedTime': 111492.60000002384}",430167736190,2065202929,POINT (0.4396209475756204 0.4848002767941038),,,,,,,,,,,,,,,,,,,,,,,,,,,,,,,1,
0,3,17,"{'x': 844.0722193451911, 'y': 523.5842989376321, 'elapsedTime': 111492.60000002384}",430167752862,2065219601,POINT (0.4396209475756204 0.4848002767941038),,,,,,,,,,,,,,,,,,,,,,,,,,,,,,,1,
0,3,17,"{'x': 844.0722193451911, 'y': 523.5842989376321, 'elapsedTime': 111492.60000002384}",430167769529,2065236267,POINT (0.4396209475756204 0.4848002767941038),,,,,,,,,,,,,,,,,,,,,,,,,,,,,,,1,
0,3,17,"{'x': 844.0722193451911, 'y': 523.5842989376321, 'elapsedTime': 111492.60000002384}",430167786196,2065252934,POINT (0.4396209475756204 0.4848002767941038),,,,,,,,,,,,,,,,,,,,,,,,,,,,,,,1,
0,3,17,"{'x': 844.0722193451911, 'y': 523.5842989376321, 'elapsedTime': 111492.60000002384}",430167802864,2065269601,POINT (0.4396209475756204 0.4848002767941038),,,,,,,,,,,,,,,,,,,,,,,,,,,,,,,1,
0,3,17,"{'x': 844.0722193451911, 'y': 523.5842989376321, 'elapsedTime': 111492.60000002384}",430167819530,2065286267,POINT (0.4396209475756204 0.4848002767941038),,,,,,,,,,,,,,,,,,,,,,,,,,,,,,,1,
0,3,17,"{'x': 844.0722193451911, 'y': 523.5842989376321, 'elapsedTime': 111492.60000002384}",430167836198,2065302934,POINT (0.4396209475756204 0.4848002767941038),,,,,,,,,,,,,,,,,,,,,,,,,,,,,,,1,
0,3,17,"{'x': 844.0722193451911, 'y': 523.5842989376321, 'elapsedTime': 111492.60000002384}",430167852865,2065319601,POINT (0.4396209475756204 0.4848002767941038),,,,,,,,,,,,,,,,,,,,,,,,,,,,,,,1,
0,3,17,"{'x': 844.0722193451911, 'y': 523.5842989376321, 'elapsedTime': 111492.60000002384}",430167869532,2065336267,POINT (0.4396209475756204 0.4848002767941038),,,,,,,,,,,,,,,,,,,,,,,,,,,,,,,1,
0,3,17,"{'x': 844.0722193451911, 'y': 523.5842989376321, 'elapsedTime': 111492.60000002384}",430167886204,2065352939,POINT (0.4396209475756204 0.4848002767941038),,,,,,,,,,,,,,,,,,,,,,,,,,,,,,,1,
0,3,17,"{'x': 844.0722193451911, 'y': 523.5842989376321, 'elapsedTime': 111492.60000002384}",430167902872,2065369606,POINT (0.4396209475756204 0.4848002767941038),,,,,,,,,,,,,,,,,,,,,,,,,,,,,,,1,
0,3,17,"{'x': 844.0722193451911, 'y': 523.5842989376321, 'elapsedTime': 111492.60000002384}",430167919538,2065386272,POINT (0.4396209475756204 0.4848002767941038),,,,,,,,,,,,,,,,,,,,,,,,,,,,,,,1,
0,3,17,"{'x': 844.0722193451911, 'y': 523.5842989376321, 'elapsedTime': 111492.60000002384}",430167936206,2065402939,POINT (0.4396209475756204 0.4848002767941038),,,,,,,,,,,,,,,,,,,,,,,,,,,,,,,1,
0,3,17,"{'x': 844.0722193451911, 'y': 523.5842989376321, 'elapsedTime': 111492.60000002384}",430167952873,2065419606,POINT (0.4396209475756204 0.4848002767941038),,,,,,,,,,,,,,,,,,,,,,,,,,,,,,,1,
0,3,17,"{'x': 844.0722193451911, 'y': 523.5842989376321, 'elapsedTime': 111492.60000002384}",430167969540,2065436272,POINT (0.4396209475756204 0.4848002767941038),,,,,,,,,,,,,,,,,,,,,,,,,,,,,,,1,
0,3,17,"{'x': 844.0722193451911, 'y': 523.5842989376321, 'elapsedTime': 111492.60000002384}",430167986207,2065452939,POINT (0.4396209475756204 0.4848002767941038),,,,,,,,,,,,,,,,,,,,,,,,,,,,,,,1,
0,3,17,"{'x': 844.0722193451911, 'y': 523.5842989376321, 'elapsedTime': 111492.60000002384}",430168002874,2065469605,POINT (0.4396209475756204 0.4848002767941038),,,,,,,,,,,,,,,,,,,,,,,,,,,,,,,1,
0,3,17,"{'x': 844.0722193451911, 'y': 523.5842989376321, 'elapsedTime': 111492.60000002384}",430168019546,2065486277,POINT (0.4396209475756204 0.4848002767941038),,,,,,,,,,,,,,,,,,,,,,,,,,,,,,,1,
0,3,17,"{'x': 844.0722193451911, 'y': 523.5842989376321, 'elapsedTime': 111492.60000002384}",430168036214,2065502944,POINT (0.4396209475756204 0.4848002767941038),,,,,,,,,,,,,,,,,,,,,,,,,,,,,,,1,
0,3,17,"{'x': 844.0722193451911, 'y': 523.5842989376321, 'elapsedTime': 111492.60000002384}",430168052880,2065519610,POINT (0.4396209475756204 0.4848002767941038),,,,,,,,,,,,,,,,,,,,,,,,,,,,,,,1,
0,3,17,"{'x': 844.0722193451911, 'y': 523.5842989376321, 'elapsedTime': 111492.60000002384}",430168069548,2065536277,POINT (0.4396209475756204 0.4848002767941038),,,,,,,,,,,,,,,,,,,,,,,,,,,,,,,1,
0,3,17,"{'x': 844.0722193451911, 'y': 523.5842989376321, 'elapsedTime': 111492.60000002384}",430168086215,2065552944,POINT (0.4396209475756204 0.4848002767941038),,,,,,,,,,,,,,,,,,,,,,,,,,,,,,,1,
0,3,17,"{'x': 844.0722193451911, 'y': 523.5842989376321, 'elapsedTime': 111492.60000002384}",430168102882,2065569610,POINT (0.4396209475756204 0.4848002767941038),,,,,,,,,,,,,,,,,,,,,,,,,,,,,,,1,
0,3,17,"{'x': 844.0722193451911, 'y': 523.5842989376321, 'elapsedTime': 111492.60000002384}",430168119549,2065586277,POINT (0.4396209475756204 0.4848002767941038),,,,,,,,,,,,,,,,,,,,,,,,,,,,,,,1,
0,3,17,"{'x': 844.0722193451911, 'y': 523.5842989376321, 'elapsedTime': 111492.60000002384}",430168136217,2065602944,POINT (0.4396209475756204 0.4848002767941038),,,,,,,,,,,,,,,,,,,,,,,,,,,,,,,1,
0,3,17,"{'x': 844.0722193451911, 'y': 523.5842989376321, 'elapsedTime': 111492.60000002384}",430168152886,2065619613,POINT (0.4396209475756204 0.4848002767941038),,,,,,,,,,,,,,,,,,,,,,,,,,,,,,,1,
0,3,17,"{'x': 844.0722193451911, 'y': 523.5842989376321, 'elapsedTime': 111492.60000002384}",430168169554,2065636280,POINT (0.4396209475756204 0.4848002767941038),,,,,,,,,,,,,,,,,,,,,,,,,,,,,,,1,
0,3,17,"{'x': 844.0722193451911, 'y': 523.5842989376321, 'elapsedTime': 111492.60000002384}",430168186221,2065652947,POINT (0.4396209475756204 0.4848002767941038),,,,,,,,,,,,,,,,,,,,,,,,,,,,,,,1,
0,3,17,"{'x': 844.0722193451911, 'y': 523.5842989376321, 'elapsedTime': 111492.60000002384}",430168202888,2065669613,POINT (0.4396209475756204 0.4848002767941038),,,,,,,,,,,,,,,,,,,,,,,,,,,,,,,1,
0,3,17,"{'x': 844.0722193451911, 'y': 523.5842989376321, 'elapsedTime': 111492.60000002384}",430168219555,2065686280,POINT (0.4396209475756204 0.4848002767941038),,,,,,,,,,,,,,,,,,,,,,,,,,,,,,,1,
0,3,17,"{'x': 844.0722193451911, 'y': 523.5842989376321, 'elapsedTime': 111492.60000002384}",430168236223,2065702947,POINT (0.4396209475756204 0.4848002767941038),,,,,,,,,,,,,,,,,,,,,,,,,,,,,,,1,
0,3,17,"{'x': 844.0722193451911, 'y': 523.5842989376321, 'elapsedTime': 111492.60000002384}",430168252889,2065719613,POINT (0.4396209475756204 0.4848002767941038),,,,,,,,,,,,,,,,,,,,,,,,,,,,,,,1,
0,3,17,"{'x': 844.0722193451911, 'y': 523.5842989376321, 'elapsedTime': 111492.60000002384}",430168269557,2065736280,POINT (0.4396209475756204 0.4848002767941038),,,,,,,,,,,,,,,,,,,,,,,,,,,,,,,1,
0,3,17,"{'x': 844.0722193451911, 'y': 523.5842989376321, 'elapsedTime': 111492.60000002384}",430168286229,2065752952,POINT (0.4396209475756204 0.4848002767941038),,,,,,,,,,,,,,,,,,,,,,,,,,,,,,,1,
0,3,17,"{'x': 844.0722193451911, 'y': 523.5842989376321, 'elapsedTime': 111492.60000002384}",430168302896,2065769618,POINT (0.4396209475756204 0.4848002767941038),,,,,,,,,,,,,,,,,,,,,,,,,,,,,,,1,
0,3,17,"{'x': 844.0722193451911, 'y': 523.5842989376321, 'elapsedTime': 111492.60000002384}",430168319563,2065786285,POINT (0.4396209475756204 0.4848002767941038),,,,,,,,,,,,,,,,,,,,,,,,,,,,,,,1,
0,3,17,"{'x': 844.0722193451911, 'y': 523.5842989376321, 'elapsedTime': 111492.60000002384}",430168336231,2065802952,POINT (0.4396209475756204 0.4848002767941038),,,,,,,,,,,,,,,,,,,,,,,,,,,,,,,1,
0,3,17,"{'x': 844.0722193451911, 'y': 523.5842989376321, 'elapsedTime': 111492.60000002384}",430168352897,2065819618,POINT (0.4396209475756204 0.4848002767941038),,,,,,,,,,,,,,,,,,,,,,,,,,,,,,,1,
0,3,17,"{'x': 844.0722193451911, 'y': 523.5842989376321, 'elapsedTime': 111492.60000002384}",430168369565,2065836285,POINT (0.4396209475756204 0.4848002767941038),,,,,,,,,,,,,,,,,,,,,,,,,,,,,,,1,
0,3,17,"{'x': 844.0722193451911, 'y': 523.5842989376321, 'elapsedTime': 111492.60000002384}",430168386232,2065852952,POINT (0.4396209475756204 0.4848002767941038),,,,,,,,,,,,,,,,,,,,,,,,,,,,,,,1,
0,3,17,"{'x': 844.0722193451911, 'y': 523.5842989376321, 'elapsedTime': 111492.60000002384}",430168402899,2065869618,POINT (0.4396209475756204 0.4848002767941038),,,,,,,,,,,,,,,,,,,,,,,,,,,,,,,1,
0,3,17,"{'x': 844.0722193451911, 'y': 523.5842989376321, 'elapsedTime': 111492.60000002384}",430168419571,2065886290,POINT (0.4396209475756204 0.4848002767941038),,,,,,,,,,,,,,,,,,,,,,,,,,,,,,,1,
0,3,17,"{'x': 844.0722193451911, 'y': 523.5842989376321, 'elapsedTime': 111492.60000002384}",430168436238,2065902956,POINT (0.4396209475756204 0.4848002767941038),,,,,,,,,,,,,,,,,,,,,,,,,,,,,,,1,
0,3,17,"{'x': 844.0722193451911, 'y': 523.5842989376321, 'elapsedTime': 111492.60000002384}",430168452907,2065919625,POINT (0.4396209475756204 0.4848002767941038),,,,,,,,,,,,,,,,,,,,,,,,,,,,,,,1,
0,3,17,"{'x': 844.0722193451911, 'y': 523.5842989376321, 'elapsedTime': 111492.60000002384}",430168469573,2065936290,POINT (0.4396209475756204 0.4848002767941038),,,,,,,,,,,,,,,,,,,,,,,,,,,,,,,1,
0,3,17,"{'x': 844.0722193451911, 'y': 523.5842989376321, 'elapsedTime': 111492.60000002384}",430168486237,2065952954,POINT (0.4396209475756204 0.4848002767941038),,,,,,,,,,,,,,,,,,,,,,,,,,,,,,,1,
0,3,17,"{'x': 844.0722193451911, 'y': 523.5842989376321, 'elapsedTime': 111492.60000002384}",430168502907,2065969623,POINT (0.4396209475756204 0.4848002767941038),,,,,,,,,,,,,,,,,,,,,,,,,,,,,,,1,
0,3,17,"{'x': 844.0722193451911, 'y': 523.5842989376321, 'elapsedTime': 111492.60000002384}",430168519573,2065986289,POINT (0.4396209475756204 0.4848002767941038),,,,,,,,,,,,,,,,,,,,,,,,,,,,,,,1,
0,3,17,"{'x': 844.0722193451911, 'y': 523.5842989376321, 'elapsedTime': 111492.60000002384}",430168536241,2066002956,POINT (0.4396209475756204 0.4848002767941038),,,,,,,,,,,,,,,,,,,,,,,,,,,,,,,1,
0,3,17,"{'x': 844.0722193451911, 'y': 523.5842989376321, 'elapsedTime': 111492.60000002384}",430168552913,2066019628,POINT (0.4396209475756204 0.4848002767941038),,,,,,,,,,,,,,,,,,,,,,,,,,,,,,,1,
0,3,17,"{'x': 844.0722193451911, 'y': 523.5842989376321, 'elapsedTime': 111492.60000002384}",430168569581,2066036295,POINT (0.4396209475756204 0.4848002767941038),,,,,,,,,,,,,,,,,,,,,,,,,,,,,,,1,
0,3,17,"{'x': 844.0722193451911, 'y': 523.5842989376321, 'elapsedTime': 111492.60000002384}",430168586248,2066052962,POINT (0.4396209475756204 0.4848002767941038),,,,,,,,,,,,,,,,,,,,,,,,,,,,,,,1,
0,3,17,"{'x': 844.0722193451911, 'y': 523.5842989376321, 'elapsedTime': 111492.60000002384}",430168602915,2066069628,POINT (0.4396209475756204 0.4848002767941038),,,,,,,,,,,,,,,,,,,,,,,,,,,,,,,1,
0,3,17,"{'x': 844.0722193451911, 'y': 523.5842989376321, 'elapsedTime': 111492.60000002384}",430168619582,2066086295,POINT (0.4396209475756204 0.4848002767941038),,,,,,,,,,,,,,,,,,,,,,,,,,,,,,,1,
0,3,17,"{'x': 844.0722193451911, 'y': 523.5842989376321, 'elapsedTime': 111492.60000002384}",430168636249,2066102961,POINT (0.4396209475756204 0.4848002767941038),,,,,,,,,,,,,,,,,,,,,,,,,,,,,,,1,
0,3,17,"{'x': 844.0722193451911, 'y': 523.5842989376321, 'elapsedTime': 111492.60000002384}",430168652916,2066119628,POINT (0.4396209475756204 0.4848002767941038),,,,,,,,,,,,,,,,,,,,,,,,,,,,,,,1,
0,3,17,"{'x': 844.0722193451911, 'y': 523.5842989376321, 'elapsedTime': 111492.60000002384}",430168669589,2066136300,POINT (0.4396209475756204 0.4848002767941038),,,,,,,,,,,,,,,,,,,,,,,,,,,,,,,1,
0,3,17,"{'x': 844.0722193451911, 'y': 523.5842989376321, 'elapsedTime': 111492.60000002384}",430168686255,2066152966,POINT (0.4396209475756204 0.4848002767941038),,,,,,,,,,,,,,,,,,,,,,,,,,,,,,,1,
0,3,17,"{'x': 844.0722193451911, 'y': 523.5842989376321, 'elapsedTime': 111492.60000002384}",430168702923,2066169633,POINT (0.4396209475756204 0.4848002767941038),,,,,,,,,,,,,,,,,,,,,,,,,,,,,,,1,
0,3,17,"{'x': 844.0722193451911, 'y': 523.5842989376321, 'elapsedTime': 111492.60000002384}",430168719590,2066186300,POINT (0.4396209475756204 0.4848002767941038),,,,,,,,,,,,,,,,,,,,,,,,,,,,,,,1,
0,3,17,"{'x': 844.0722193451911, 'y': 523.5842989376321, 'elapsedTime': 111492.60000002384}",430168736257,2066202966,POINT (0.4396209475756204 0.4848002767941038),,,,,,,,,,,,,,,,,,,,,,,,,,,,,,,1,
0,3,17,"{'x': 844.0722193451911, 'y': 523.5842989376321, 'elapsedTime': 111492.60000002384}",430168752924,2066219633,POINT (0.4396209475756204 0.4848002767941038),,,,,,,,,,,,,,,,,,,,,,,,,,,,,,,1,
0,3,17,"{'x': 844.0722193451911, 'y': 523.5842989376321, 'elapsedTime': 111492.60000002384}",430168769592,2066236300,POINT (0.4396209475756204 0.4848002767941038),,,,,,,,,,,,,,,,,,,,,,,,,,,,,,,1,
0,3,17,"{'x': 844.0722193451911, 'y': 523.5842989376321, 'elapsedTime': 111492.60000002384}",430168786258,2066252966,POINT (0.4396209475756204 0.4848002767941038),,,,,,,,,,,,,,,,,,,,,,,,,,,,,,,1,
0,3,17,"{'x': 844.0722193451911, 'y': 523.5842989376321, 'elapsedTime': 111492.60000002384}",430168802929,2066269636,POINT (0.4396209475756204 0.4848002767941038),,,,,,,,,,,,,,,,,,,,,,,,,,,,,,,1,
0,3,17,"{'x': 844.0722193451911, 'y': 523.5842989376321, 'elapsedTime': 111492.60000002384}",430168819596,2066286303,POINT (0.4396209475756204 0.4848002767941038),,,,,,,,,,,,,,,,,,,,,,,,,,,,,,,1,
0,3,17,"{'x': 844.0722193451911, 'y': 523.5842989376321, 'elapsedTime': 111492.60000002384}",430168836263,2066302969,POINT (0.4396209475756204 0.4848002767941038),,,,,,,,,,,,,,,,,,,,,,,,,,,,,,,1,
0,3,17,"{'x': 844.0722193451911, 'y': 523.5842989376321, 'elapsedTime': 111492.60000002384}",430168852930,2066319636,POINT (0.4396209475756204 0.4848002767941038),,,,,,,,,,,,,,,,,,,,,,,,,,,,,,,1,
0,3,17,"{'x': 844.0722193451911, 'y': 523.5842989376321, 'elapsedTime': 111492.60000002384}",430168869598,2066336303,POINT (0.4396209475756204 0.4848002767941038),,,,,,,,,,,,,,,,,,,,,,,,,,,,,,,1,
0,3,17,"{'x': 844.0722193451911, 'y': 523.5842989376321, 'elapsedTime': 111492.60000002384}",430168886264,2066352969,POINT (0.4396209475756204 0.4848002767941038),,,,,,,,,,,,,,,,,,,,,,,,,,,,,,,1,
0,3,17,"{'x': 844.0722193451911, 'y': 523.5842989376321, 'elapsedTime': 111492.60000002384}",430168902932,2066369636,POINT (0.4396209475756204 0.4848002767941038),,,,,,,,,,,,,,,,,,,,,,,,,,,,,,,1,
0,3,17,"{'x': 844.0722193451911, 'y': 523.5842989376321, 'elapsedTime': 111492.60000002384}",430168919599,2066386303,POINT (0.4396209475756204 0.4848002767941038),,,,,,,,,,,,,,,,,,,,,,,,,,,,,,,1,
0,3,17,"{'x': 500.0594830006039, 'y': 499.8869287105637, 'elapsedTime': 12.099999964237213}",430168936271,2066402974,POINT (0.2604476473961478 0.4628582673245961),,,,,,,,,,,,,,,,,,,,,,,,,,,,,,,,
0,3,17,"{'x': 500.0594830006039, 'y': 499.8869287105637, 'elapsedTime': 12.099999964237213}",430168952938,2066419641,POINT (0.2604476473961478 0.4628582673245961),,,,,,,,,,,,,,,,,,,,,,,,,,,,,,,,
0,3,17,"{'x': 500.0594830006039, 'y': 499.8869287105637, 'elapsedTime': 12.099999964237213}",430168969606,2066436308,POINT (0.2604476473961478 0.4628582673245961),,,,,,,,,,,,,,,,,,,,,,,,,,,,,,,,
0,3,17,"{'x': 500.0594830006039, 'y': 499.8869287105637, 'elapsedTime': 12.099999964237213}",430168986272,2066452974,POINT (0.2604476473961478 0.4628582673245961),,,,,,,,,,,,,,,,,,,,,,,,,,,,,,,,
0,3,17,"{'x': 501.2789895435536, 'y': 500.1779248873939, 'elapsedTime': 1122.3999999761581}",430169002940,2066469641,POINT (0.2610828070539342 0.4631277082290684),,,,,,,,,,,,,,,,,,,,,,,,,,,,,,,,
0,3,17,"{'x': 501.2789895435536, 'y': 500.1779248873939, 'elapsedTime': 1122.3999999761581}",430169019607,2066486308,POINT (0.2610828070539342 0.4631277082290684),,,,,,,,,,,,,,,,,,,,,,,,,,,,,,,,
0,3,17,"{'x': 501.2789895435536, 'y': 500.1779248873939, 'elapsedTime': 1122.3999999761581}",430169036274,2066502974,POINT (0.2610828070539342 0.4631277082290684),,,,,,,,,,,,,,,,,,,,,,,,,,,,,,,,
0,3,17,"{'x': 509.71714042174864, 'y': 503.4713312970864, 'elapsedTime': 1173.699999988079}",430169052941,2066519641,POINT (0.2654776773029941 0.4661771586084134),,,,,,,,,,,,,,,,,,,,,,,,,,,,,,,,
0,3,17,"{'x': 509.71714042174864, 'y': 503.4713312970864, 'elapsedTime': 1173.699999988079}",430169069614,2066536313,POINT (0.2654776773029941 0.4661771586084134),,,,,,,,,,,,,,,,,,,,,,,,,,,,,,,,
0,3,17,"{'x': 509.71714042174864, 'y': 503.4713312970864, 'elapsedTime': 1173.699999988079}",430169086281,2066552980,POINT (0.2654776773029941 0.4661771586084134),,,,,,,,,,,,,,,,,,,,,,,,,,,,,,,,
0,3,17,"{'x': 534.5509227060664, 'y': 495.3141998031615, 'elapsedTime': 1233.2999999523163}",430169102949,2066569647,POINT (0.2784119389094096 0.4586242590770014),,,,,,,,,,,,,,,,,,,,,,,,,,,,,,,,
0,3,17,"{'x': 534.5509227060664, 'y': 495.3141998031615, 'elapsedTime': 1233.2999999523163}",430169119615,2066586313,POINT (0.2784119389094096 0.4586242590770014),,,,,,,,,,,,,,,,,,,,,,,,,,,,,,,,
0,3,17,"{'x': 580.962626608278, 'y': 484.506688568086, 'elapsedTime': 1276.5}",430169136283,2066602980,POINT (0.3025847013584782 0.4486173042297093),,,,,,,,,,,,,,,,,,,,,,,,,,,,,,,,
0,3,17,"{'x': 580.962626608278, 'y': 484.506688568086, 'elapsedTime': 1276.5}",430169152950,2066619647,POINT (0.3025847013584782 0.4486173042297093),,,,,,,,,,,,,,,,,,,,,,,,,,,,,,,,
0,3,17,"{'x': 580.962626608278, 'y': 484.506688568086, 'elapsedTime': 1276.5}",430169169617,2066636313,POINT (0.3025847013584782 0.4486173042297093),,,,,,,,,,,,,,,,,,,,,,,,,,,,,,,,
0,3,17,"{'x': 642.4497736270748, 'y': 512.8310846422302, 'elapsedTime': 1322.3999999761581}",430169186284,2066652980,POINT (0.3346092570974348 0.4748435968909538),,,,,,,,,,,,,,,,,,,,,,,,,,,,,,,,
0,3,17,"{'x': 642.4497736270748, 'y': 512.8310846422302, 'elapsedTime': 1322.3999999761581}",430169202956,2066669651,POINT (0.3346092570974348 0.4748435968909538),,,,,,,,,,,,,,,,,,,,,,,,,,,,,,,,
0,3,17,"{'x': 642.4497736270748, 'y': 512.8310846422302, 'elapsedTime': 1322.3999999761581}",430169219622,2066686317,POINT (0.3346092570974348 0.4748435968909538),,,,,,,,,,,,,,,,,,,,,,,,,,,,,,,,
0,3,17,"{'x': 678.7896594748846, 'y': 578.5847866330763, 'elapsedTime': 1368.5}",430169236290,2066702984,POINT (0.3535362809765024 0.5357266542898854),,,,,,,,,,,,,,,,,,,,,,,,,,,,,,,1,
0,3,17,"{'x': 678.7896594748846, 'y': 578.5847866330763, 'elapsedTime': 1368.5}",430169252957,2066719651,POINT (0.3535362809765024 0.5357266542898854),,,,,,,,,,,,,,,,,,,,,,,,,,,,,,,1,
0,3,17,"{'x': 714.7739115848175, 'y': 554.4768576364602, 'elapsedTime': 1412.3999999761581}",430169269624,2066736317,POINT (0.3722780789504258 0.5134044978115372),,,,,,,,,,,,,,,,,,,,,,,,,,,,,,,1,
0,3,17,"{'x': 714.7739115848175, 'y': 554.4768576364602, 'elapsedTime': 1412.3999999761581}",430169286291,2066752984,POINT (0.3722780789504258 0.5134044978115372),,,,,,,,,,,,,,,,,,,,,,,,,,,,,,,1,
0,3,17,"{'x': 714.7739115848175, 'y': 554.4768576364602, 'elapsedTime': 1412.3999999761581}",430169302959,2066769651,POINT (0.3722780789504258 0.5134044978115372),,,,,,,,,,,,,,,,,,,,,,,,,,,,,,,1,
0,3,17,"{'x': 866.1198137932682, 'y': 457.3333588427829, 'elapsedTime': 1459.7999999523163}",430169319625,2066786317,POINT (0.4511040696839939 0.4234568137433175),,,,,,,,,,,,,,,,,,,,,,,,,,,,,,,,
0,3,17,"{'x': 866.1198137932682, 'y': 457.3333588427829, 'elapsedTime': 1459.7999999523163}",430169336297,2066802988,POINT (0.4511040696839939 0.4234568137433175),,,,,,,,,,,,,,,,,,,,,,,,,,,,,,,,
0,3,17,"{'x': 866.1198137932682, 'y': 457.3333588427829, 'elapsedTime': 1459.7999999523163}",430169352964,2066819655,POINT (0.4511040696839939 0.4234568137433175),,,,,,,,,,,,,,,,,,,,,,,,,,,,,,,,
0,3,17,"{'x': 906.9481284401479, 'y': 500.4509589890865, 'elapsedTime': 1506.8999999761581}",430169369631,2066836321,POINT (0.4723688168959104 0.4633805175824875),,,,,,,,,,,,,,,,,,,,,,,,,,,,,,,1,
0,3,17,"{'x': 906.9481284401479, 'y': 500.4509589890865, 'elapsedTime': 1506.8999999761581}",430169386298,2066852988,POINT (0.4723688168959104 0.4633805175824875),,,,,,,,,,,,,,,,,,,,,,,,,,,,,,,1,
0,3,17,"{'x': 906.9481284401479, 'y': 500.4509589890865, 'elapsedTime': 1506.8999999761581}",430169402966,2066869655,POINT (0.4723688168959104 0.4633805175824875),,,,,,,,,,,,,,,,,,,,,,,,,,,,,,,1,
0,3,17,"{'x': 867.2491831798079, 'y': 469.2248408244779, 'elapsedTime': 1553.3999999761581}",430169419632,2066886321,POINT (0.4516922829061499 0.4344674452078499),,,,,,,,,,,,,,,,,,,,,,,,,,,,,,,,
0,3,17,"{'x': 867.2491831798079, 'y': 469.2248408244779, 'elapsedTime': 1553.3999999761581}",430169436300,2066902988,POINT (0.4516922829061499 0.4344674452078499),,,,,,,,,,,,,,,,,,,,,,,,,,,,,,,,
0,3,17,"{'x': 867.2491831798079, 'y': 469.2248408244779, 'elapsedTime': 1553.3999999761581}",430169452967,2066919655,POINT (0.4516922829061499 0.4344674452078499),,,,,,,,,,,,,,,,,,,,,,,,,,,,,,,,
0,3,17,"{'x': 985.4981284562056, 'y': 405.5626022168444, 'elapsedTime': 1605.3999999761581}",430169469640,2066936327,POINT (0.5132802752376071 0.3755209279785596),,,,,,,,,,,,,,,,,,,,,,,,,,,,,,,1,
0,3,17,"{'x': 985.4981284562056, 'y': 405.5626022168444, 'elapsedTime': 1605.3999999761581}",430169486307,2066952994,POINT (0.5132802752376071 0.3755209279785596),,,,,,,,,,,,,,,,,,,,,,,,,,,,,,,1,
0,3,17,"{'x': 985.4981284562056, 'y': 405.5626022168444, 'elapsedTime': 1605.3999999761581}",430169502975,2066969661,POINT (0.5132802752376071 0.3755209279785596),,,,,,,,,,,,,,,,,,,,,,,,,,,,,,,1,
0,3,17,"{'x': 1014.0972102254863, 'y': 364.3804683014348, 'elapsedTime': 1658.3999999761581}",430169519641,2066986327,POINT (0.5281756303257741 0.3373893225013285),,,,,,,,,,,,,,,,,,,,,,,,,,,,,,,1,
0,3,17,"{'x': 1014.0972102254863, 'y': 364.3804683014348, 'elapsedTime': 1658.3999999761581}",430169536309,2067002994,POINT (0.5281756303257741 0.3373893225013285),,,,,,,,,,,,,,,,,,,,,,,,,,,,,,,1,
0,3,17,"{'x': 1014.0972102254863, 'y': 364.3804683014348, 'elapsedTime': 1658.3999999761581}",430169552976,2067019661,POINT (0.5281756303257741 0.3373893225013285),,,,,,,,,,,,,,,,,,,,,,,,,,,,,,,1,
0,3,17,"{'x': 1027.6538988979319, 'y': 353.15996684765463, 'elapsedTime': 1705.3999999761581}",430169569643,2067036327,POINT (0.5352364056760062 0.3269999693033839),,,,,,,,,,,,,,,,,,,,,,,,,,,,,,,1,
0,3,17,"{'x': 1027.6538988979319, 'y': 353.15996684765463, 'elapsedTime': 1705.3999999761581}",430169586314,2067052998,POINT (0.5352364056760062 0.3269999693033839),,,,,,,,,,,,,,,,,,,,,,,,,,,,,,,1,
0,3,17,"{'x': 1027.6538988979319, 'y': 353.15996684765463, 'elapsedTime': 1705.3999999761581}",430169602982,2067069665,POINT (0.5352364056760062 0.3269999693033839),,,,,,,,,,,,,,,,,,,,,,,,,,,,,,,1,
0,3,17,"{'x': 1021.8532897731585, 'y': 346.4518941762299, 'elapsedTime': 1748.199999988079}",430169619648,2067086331,POINT (0.5322152550901867 0.3207887909039166),,,,,,,,,,,,,,,,,,,,,,,,,,,,,,,1,
0,3,17,"{'x': 1021.8532897731585, 'y': 346.4518941762299, 'elapsedTime': 1748.199999988079}",430169636316,2067102998,POINT (0.5322152550901867 0.3207887909039166),,,,,,,,,,,,,,,,,,,,,,,,,,,,,,,1,
0,3,17,"{'x': 1021.8532897731585, 'y': 346.4518941762299, 'elapsedTime': 1748.199999988079}",430169652982,2067119664,POINT (0.5322152550901867 0.3207887909039166),,,,,,,,,,,,,,,,,,,,,,,,,,,,,,,1,
0,3,17,"{'x': 1028.4971559990402, 'y': 377.7399537572916, 'elapsedTime': 1795.8999999761581}",430169669650,2067136331,POINT (0.5356756020828334 0.3497592164419366),,,,,,,,,,,,,,,,,,,,,,,,,,,,,,,1,
0,3,17,"{'x': 1028.4971559990402, 'y': 377.7399537572916, 'elapsedTime': 1795.8999999761581}",430169686317,2067152998,POINT (0.5356756020828334 0.3497592164419366),,,,,,,,,,,,,,,,,,,,,,,,,,,,,,,1,
0,3,17,"{'x': 933.0923127303375, 'y': 392.27616477848136, 'elapsedTime': 1842.8999999761581}",430169702984,2067169664,POINT (0.4859855795470508 0.3632186710911864),,,,,,,,,,,,,,,,,,,,,,,,,,,,,,,1,
0,3,17,"{'x': 933.0923127303375, 'y': 392.27616477848136, 'elapsedTime': 1842.8999999761581}",430169719655,2067186335,POINT (0.4859855795470508 0.3632186710911864),,,,,,,,,,,,,,,,,,,,,,,,,,,,,,,1,
0,3,17,"{'x': 933.0923127303375, 'y': 392.27616477848136, 'elapsedTime': 1842.8999999761581}",430169736323,2067203002,POINT (0.4859855795470508 0.3632186710911864),,,,,,,,,,,,,,,,,,,,,,,,,,,,,,,1,
0,3,17,"{'x': 856.7596847196319, 'y': 357.6877071876101, 'elapsedTime': 1886.199999988079}",430169752989,2067219668,POINT (0.4462290024581416 0.3311923214700094),,,,,,,,,,,,,,,,,,,,,,,,,,,,,,,1,
0,3,17,"{'x': 856.7596847196319, 'y': 357.6877071876101, 'elapsedTime': 1886.199999988079}",430169769657,2067236335,POINT (0.4462290024581416 0.3311923214700094),,,,,,,,,,,,,,,,,,,,,,,,,,,,,,,1,
0,3,17,"{'x': 856.7596847196319, 'y': 357.6877071876101, 'elapsedTime': 1886.199999988079}",430169786324,2067253002,POINT (0.4462290024581416 0.3311923214700094),,,,,,,,,,,,,,,,,,,,,,,,,,,,,,,1,
0,3,17,"{'x': 754.0596857965186, 'y': 421.5337941561549, 'elapsedTime': 1930.8999999761581}",430169802991,2067269669,POINT (0.3927394196856868 0.3903090686631064),,,,,,,,,,,,,,,,,,,,,,,,,,,,,,,,
0,3,17,"{'x': 754.0596857965186, 'y': 421.5337941561549, 'elapsedTime': 1930.8999999761581}",430169819658,2067286335,POINT (0.3927394196856868 0.3903090686631064),,,,,,,,,,,,,,,,,,,,,,,,,,,,,,,,
0,3,17,"{'x': 869.4256841338467, 'y': 378.0390608009055, 'elapsedTime': 1973.0999999642372}",430169836325,2067303002,POINT (0.4528258771530452 0.3500361674082458),,,,,,,,,,,,,,,,,,,,,,,,,,,,,,,1,
0,3,17,"{'x': 869.4256841338467, 'y': 378.0390608009055, 'elapsedTime': 1973.0999999642372}",430169852998,2067319674,POINT (0.4528258771530452 0.3500361674082458),,,,,,,,,,,,,,,,,,,,,,,,,,,,,,,1,
0,3,17,"{'x': 869.4256841338467, 'y': 378.0390608009055, 'elapsedTime': 1973.0999999642372}",430169869665,2067336341,POINT (0.4528258771530452 0.3500361674082458),,,,,,,,,,,,,,,,,,,,,,,,,,,,,,,1,
0,3,17,"{'x': 867.6475849952305, 'y': 328.30148850796576, 'elapsedTime': 2018.3999999761581}",430169886333,2067353008,POINT (0.4518997838516826 0.3039828597295979),,,,,,,,,,,,,,,,,,,,,,,,,,,,,,,1,
0,3,17,"{'x': 867.6475849952305, 'y': 328.30148850796576, 'elapsedTime': 2018.3999999761581}",430169902999,2067369674,POINT (0.4518997838516826 0.3039828597295979),,,,,,,,,,,,,,,,,,,,,,,,,,,,,,,1,
0,3,17,"{'x': 867.6475849952305, 'y': 328.30148850796576, 'elapsedTime': 2018.3999999761581}",430169919667,2067386341,POINT (0.4518997838516826 0.3039828597295979),,,,,,,,,,,,,,,,,,,,,,,,,,,,,,,1,
0,3,17,"{'x': 974.3651604376431, 'y': 290.36013968845225, 'elapsedTime': 2070.399999976158}",430169936334,2067403008,POINT (0.5074818543946058 0.2688519811930114),,,,,,,,,,,,,,,,,,,,,,,,,,,,,,1,1,
0,3,17,"{'x': 974.3651604376431, 'y': 290.36013968845225, 'elapsedTime': 2070.399999976158}",430169953001,2067419674,POINT (0.5074818543946058 0.2688519811930114),,,,,,,,,,,,,,,,,,,,,,,,,,,,,,1,1,
0,3,17,"{'x': 1005.2658325793611, 'y': 366.6108526160999, 'elapsedTime': 2113.099999964237}",430169969668,2067436341,POINT (0.5235759544684172 0.3394544931630555),,,,,,,,,,,,,,,,,,,,,,,,,,,,,,,1,
0,3,17,"{'x': 1005.2658325793611, 'y': 366.6108526160999, 'elapsedTime': 2113.099999964237}",430169986340,2067453013,POINT (0.5235759544684172 0.3394544931630555),,,,,,,,,,,,,,,,,,,,,,,,,,,,,,,1,
0,3,17,"{'x': 1005.2658325793611, 'y': 366.6108526160999, 'elapsedTime': 2113.099999964237}",430170003006,2067469679,POINT (0.5235759544684172 0.3394544931630555),,,,,,,,,,,,,,,,,,,,,,,,,,,,,,,1,
0,3,17,"{'x': 1005.2658325793611, 'y': 366.6108526160999, 'elapsedTime': 2113.099999964237}",430170019674,2067486346,POINT (0.5235759544684172 0.3394544931630555),,,,,,,,,,,,,,,,,,,,,,,,,,,,,,,1,
0,3,17,"{'x': 936.475639707754, 'y': 356.8164330186065, 'elapsedTime': 2157.599999964237}",430170036340,2067503013,POINT (0.4877477290144552 0.3303855861283394),,,,,,,,,,,,,,,,,,,,,,,,,,,,,,,1,
0,3,17,"{'x': 936.475639707754, 'y': 356.8164330186065, 'elapsedTime': 2157.599999964237}",430170053007,2067519679,POINT (0.4877477290144552 0.3303855861283394),,,,,,,,,,,,,,,,,,,,,,,,,,,,,,,1,
0,3,17,"{'x': 936.475639707754, 'y': 356.8164330186065, 'elapsedTime': 2157.599999964237}",430170069674,2067536346,POINT (0.4877477290144552 0.3303855861283394),,,,,,,,,,,,,,,,,,,,,,,,,,,,,,,1,
0,3,17,"{'x': 942.9009620186829, 'y': 348.1858962638513, 'elapsedTime': 2215.699999988079}",430170086341,2067553012,POINT (0.4910942510513973 0.3223943483924549),,,,,,,,,,,,,,,,,,,,,,,,,,,,,,,1,
0,3,17,"{'x': 942.9009620186829, 'y': 348.1858962638513, 'elapsedTime': 2215.699999988079}",430170103007,2067569679,POINT (0.4910942510513973 0.3223943483924549),,,,,,,,,,,,,,,,,,,,,,,,,,,,,,,1,
0,3,17,"{'x': 942.9009620186829, 'y': 348.1858962638513, 'elapsedTime': 2215.699999988079}",430170119679,2067586350,POINT (0.4910942510513973 0.3223943483924549),,,,,,,,,,,,,,,,,,,,,,,,,,,,,,,1,
0,3,17,"{'x': 962.2405417344373, 'y': 352.1760241735364, 'elapsedTime': 2271.2999999523163}",430170136345,2067603016,POINT (0.5011669488200194 0.326088911271793),,,,,,,,,,,,,,,,,,,,,,,,,,,,,,,1,
0,3,17,"{'x': 962.2405417344373, 'y': 352.1760241735364, 'elapsedTime': 2271.2999999523163}",430170153012,2067619683,POINT (0.5011669488200194 0.326088911271793),,,,,,,,,,,,,,,,,,,,,,,,,,,,,,,1,
0,3,17,"{'x': 962.2405417344373, 'y': 352.1760241735364, 'elapsedTime': 2271.2999999523163}",430170169679,2067636350,POINT (0.5011669488200194 0.326088911271793),,,,,,,,,,,,,,,,,,,,,,,,,,,,,,,1,
0,3,17,"{'x': 930.8963893431139, 'y': 408.05072655545985, 'elapsedTime': 2317.099999964237}",430170186347,2067653017,POINT (0.4848418694495385 0.377824746810611),,,,,,,,,,,,,,,,,,,,,,,,,,,,,,,,
0,3,17,"{'x': 930.8963893431139, 'y': 408.05072655545985, 'elapsedTime': 2317.099999964237}",430170203012,2067669683,POINT (0.4848418694495385 0.377824746810611),,,,,,,,,,,,,,,,,,,,,,,,,,,,,,,,
0,3,17,"{'x': 928.3656182253934, 'y': 391.0550955604518, 'elapsedTime': 2361.5}",430170219680,2067686350,POINT (0.4835237594923924 0.3620880514448628),,,,,,,,,,,,,,,,,,,,,,,,,,,,,,,1,
0,3,17,"{'x': 928.3656182253934, 'y': 391.0550955604518, 'elapsedTime': 2361.5}",430170236347,2067703017,POINT (0.4835237594923924 0.3620880514448628),,,,,,,,,,,,,,,,,,,,,,,,,,,,,,,1,
0,3,17,"{'x': 928.3656182253934, 'y': 391.0550955604518, 'elapsedTime': 2361.5}",430170253016,2067719686,POINT (0.4835237594923924 0.3620880514448628),,,,,,,,,,,,,,,,,,,,,,,,,,,,,,,1,
0,3,17,"{'x': 928.3656182253934, 'y': 391.0550955604518, 'elapsedTime': 2361.5}",430170269683,2067736353,POINT (0.4835237594923924 0.3620880514448628),,,,,,,,,,,,,,,,,,,,,,,,,,,,,,,1,
0,3,17,"{'x': 958.3653209311062, 'y': 397.1109397501472, 'elapsedTime': 2408.5}",430170286350,2067753019,POINT (0.4991486046516178 0.3676953145834697),,,,,,,,,,,,,,,,,,,,,,,,,,,,,,,1,
0,3,17,"{'x': 958.3653209311062, 'y': 397.1109397501472, 'elapsedTime': 2408.5}",430170303016,2067769686,POINT (0.4991486046516178 0.3676953145834697),,,,,,,,,,,,,,,,,,,,,,,,,,,,,,,1,
0,3,17,"{'x': 958.3653209311062, 'y': 397.1109397501472, 'elapsedTime': 2408.5}",430170319684,2067786353,POINT (0.4991486046516178 0.3676953145834697),,,,,,,,,,,,,,,,,,,,,,,,,,,,,,,1,
0,3,17,"{'x': 958.3653209311062, 'y': 397.1109397501472, 'elapsedTime': 2408.5}",430170336350,2067803019,POINT (0.4991486046516178 0.3676953145834697),,,,,,,,,,,,,,,,,,,,,,,,,,,,,,,1,
0,3,17,"{'x': 969.0239461626928, 'y': 414.79607039815653, 'elapsedTime': 2467}",430170353017,2067819686,POINT (0.5046999719597358 0.3840704355538486),,,,,,,,,,,,,,,,,,,,,,,,,,,,,,,,
0,3,17,"{'x': 969.0239461626928, 'y': 414.79607039815653, 'elapsedTime': 2467}",430170369684,2067836353,POINT (0.5046999719597358 0.3840704355538486),,,,,,,,,,,,,,,,,,,,,,,,,,,,,,,,
0,3,17,"{'x': 969.0239461626928, 'y': 414.79607039815653, 'elapsedTime': 2467}",430170386357,2067853025,POINT (0.5046999719597358 0.3840704355538486),,,,,,,,,,,,,,,,,,,,,,,,,,,,,,,,
0,3,17,"{'x': 1031.3160928089185, 'y': 438.12366957745195, 'elapsedTime': 2526.2999999523163}",430170403024,2067869692,POINT (0.5371437983379784 0.4056700644235666),,,,,,,,,,,,,,,,,,,,,,,,,,,,,,,,
0,3,17,"{'x': 1031.3160928089185, 'y': 438.12366957745195, 'elapsedTime': 2526.2999999523163}",430170419691,2067886359,POINT (0.5371437983379784 0.4056700644235666),,,,,,,,,,,,,,,,,,,,,,,,,,,,,,,,
0,3,17,"{'x': 1031.3160928089185, 'y': 438.12366957745195, 'elapsedTime': 2526.2999999523163}",430170436357,2067903025,POINT (0.5371437983379784 0.4056700644235666),,,,,,,,,,,,,,,,,,,,,,,,,,,,,,,,
0,3,17,"{'x': 984.8563638850632, 'y': 509.1816299159967, 'elapsedTime': 2575.2999999523163}",430170453025,2067919692,POINT (0.5129460228568037 0.4714644721444414),,,,,,,,,,,,,,,,,,,,,,,,,,,,,,,1,
0,3,17,"{'x': 984.8563638850632, 'y': 509.1816299159967, 'elapsedTime': 2575.2999999523163}",430170469691,2067936359,POINT (0.5129460228568037 0.4714644721444414),,,,,,,,,,,,,,,,,,,,,,,,,,,,,,,1,
0,3,17,"{'x': 984.8563638850632, 'y': 509.1816299159967, 'elapsedTime': 2575.2999999523163}",430170486358,2067953025,POINT (0.5129460228568037 0.4714644721444414),,,,,,,,,,,,,,,,,,,,,,,,,,,,,,,1,
0,3,17,"{'x': 914.0897181241822, 'y': 559.008744655472, 'elapsedTime': 2629.5}",430170503025,2067969692,POINT (0.4760883948563449 0.5176006894958074),,,,,,,,,,,,,,,,,,,,,,,,,,,,,,,1,
0,3,17,"{'x': 914.0897181241822, 'y': 559.008744655472, 'elapsedTime': 2629.5}",430170519697,2067986364,POINT (0.4760883948563449 0.5176006894958074),,,,,,,,,,,,,,,,,,,,,,,,,,,,,,,1,
0,3,17,"{'x': 914.0897181241822, 'y': 559.008744655472, 'elapsedTime': 2629.5}",430170536363,2068003030,POINT (0.4760883948563449 0.5176006894958074),,,,,,,,,,,,,,,,,,,,,,,,,,,,,,,1,
0,3,17,"{'x': 933.887867367406, 'y': 474.03909422880463, 'elapsedTime': 2677.7999999523163}",430170553031,2068019697,POINT (0.486399930920524 0.4389250872488932),,,,,,,,,,,,,,,,,,,,,,,,,,,,,,,,
0,3,17,"{'x': 933.887867367406, 'y': 474.03909422880463, 'elapsedTime': 2677.7999999523163}",430170569697,2068036364,POINT (0.486399930920524 0.4389250872488932),,,,,,,,,,,,,,,,,,,,,,,,,,,,,,,,
0,3,17,"{'x': 933.887867367406, 'y': 474.03909422880463, 'elapsedTime': 2677.7999999523163}",430170586364,2068053030,POINT (0.486399930920524 0.4389250872488932),,,,,,,,,,,,,,,,,,,,,,,,,,,,,,,,
0,3,17,"{'x': 978.5812210422794, 'y': 445.6214870715236, 'elapsedTime': 2725}",430170603031,2068069697,POINT (0.5096777192928539 0.4126124880291885),,,,,,,,,,,,,,,,,,,,,,,,,,,,,,,,
0,3,17,"{'x': 978.5812210422794, 'y': 445.6214870715236, 'elapsedTime': 2725}",430170619698,2068086364,POINT (0.5096777192928539 0.4126124880291885),,,,,,,,,,,,,,,,,,,,,,,,,,,,,,,,
0,3,17,"{'x': 978.5812210422794, 'y': 445.6214870715236, 'elapsedTime': 2725}",430170636368,2068103034,POINT (0.5096777192928539 0.4126124880291885),,,,,,,,,,,,,,,,,,,,,,,,,,,,,,,,
0,3,17,"{'x': 968.3677814070099, 'y': 473.90136765240544, 'elapsedTime': 2772.7999999523163}",430170653036,2068119701,POINT (0.5043582194828177 0.4387975626411161),,,,,,,,,,,,,,,,,,,,,,,,,,,,,,,1,
0,3,17,"{'x': 968.3677814070099, 'y': 473.90136765240544, 'elapsedTime': 2772.7999999523163}",430170669701,2068136367,POINT (0.5043582194828177 0.4387975626411161),,,,,,,,,,,,,,,,,,,,,,,,,,,,,,,1,
0,3,17,"{'x': 968.3677814070099, 'y': 473.90136765240544, 'elapsedTime': 2772.7999999523163}",430170686369,2068153034,POINT (0.5043582194828177 0.4387975626411161),,,,,,,,,,,,,,,,,,,,,,,,,,,,,,,1,
0,3,17,"{'x': 997.319639052575, 'y': 473.75721886127286, 'elapsedTime': 2831.5}",430170703036,2068169701,POINT (0.5194373120065495 0.4386640915382156),,,,,,,,,,,,,,,,,,,,,,,,,,,,,,,1,
0,3,17,"{'x': 997.319639052575, 'y': 473.75721886127286, 'elapsedTime': 2831.5}",430170719703,2068186367,POINT (0.5194373120065495 0.4386640915382156),,,,,,,,,,,,,,,,,,,,,,,,,,,,,,,1,
0,3,17,"{'x': 1010.3603603158921, 'y': 430.929185037147, 'elapsedTime': 2877.099999964237}",430170736369,2068203034,POINT (0.5262293543311938 0.399008504664025),,,,,,,,,,,,,,,,,,,,,,,,,,,,,,,,
0,3,17,"{'x': 1010.3603603158921, 'y': 430.929185037147, 'elapsedTime': 2877.099999964237}",430170753037,2068219701,POINT (0.5262293543311938 0.399008504664025),,,,,,,,,,,,,,,,,,,,,,,,,,,,,,,,
0,3,17,"{'x': 1010.3603603158921, 'y': 430.929185037147, 'elapsedTime': 2877.099999964237}",430170769708,2068236372,POINT (0.5262293543311938 0.399008504664025),,,,,,,,,,,,,,,,,,,,,,,,,,,,,,,,
0,3,17,"{'x': 1051.831789557023, 'y': 439.58107644672594, 'elapsedTime': 2924.099999964237}",430170786375,2068253039,POINT (0.5478290570609495 0.4070195152284499),,,,,,,,,,,,,,,,,,,,,,,,,,,,,,,,
0,3,17,"{'x': 1051.831789557023, 'y': 439.58107644672594, 'elapsedTime': 2924.099999964237}",430170803042,2068269706,POINT (0.5478290570609495 0.4070195152284499),,,,,,,,,,,,,,,,,,,,,,,,,,,,,,,,
0,3,17,"{'x': 1051.831789557023, 'y': 439.58107644672594, 'elapsedTime': 2924.099999964237}",430170819708,2068286372,POINT (0.5478290570609495 0.4070195152284499),,,,,,,,,,,,,,,,,,,,,,,,,,,,,,,,
0,3,17,"{'x': 1014.247947329505, 'y': 444.37450809649795, 'elapsedTime': 2969}",430170836375,2068303039,POINT (0.5282541392341172 0.4114578778671277),,,,,,,,,,,,,,,,,,,,,,,,,,,,,,,,
0,3,17,"{'x': 1014.247947329505, 'y': 444.37450809649795, 'elapsedTime': 2969}",430170853043,2068319706,POINT (0.5282541392341172 0.4114578778671277),,,,,,,,,,,,,,,,,,,,,,,,,,,,,,,,
0,3,17,"{'x': 1014.247947329505, 'y': 444.37450809649795, 'elapsedTime': 2969}",430170869710,2068336373,POINT (0.5282541392341172 0.4114578778671277),,,,,,,,,,,,,,,,,,,,,,,,,,,,,,,,
0,3,17,"{'x': 983.2183782646996, 'y': 452.49813384340086, 'elapsedTime': 3015.5}",430170886376,2068353039,POINT (0.5120929053461977 0.4189797535587045),,,,,,,,,,,,,,,,,,,,,,,,,,,,,,,,
0,3,17,"{'x': 983.2183782646996, 'y': 452.49813384340086, 'elapsedTime': 3015.5}",430170903049,2068369712,POINT (0.5120929053461977 0.4189797535587045),,,,,,,,,,,,,,,,,,,,,,,,,,,,,,,,
0,3,17,"{'x': 958.0907335081145, 'y': 428.020413071498, 'elapsedTime': 3059}",430170919716,2068386378,POINT (0.4990055903688096 0.3963151972884241),,,,,,,,,,,,,,,,,,,,,,,,,,,,,,,,
0,3,17,"{'x': 958.0907335081145, 'y': 428.020413071498, 'elapsedTime': 3059}",430170936382,2068403045,POINT (0.4990055903688096 0.3963151972884241),,,,,,,,,,,,,,,,,,,,,,,,,,,,,,,,
0,3,17,"{'x': 958.0907335081145, 'y': 428.020413071498, 'elapsedTime': 3059}",430170953050,2068419712,POINT (0.4990055903688096 0.3963151972884241),,,,,,,,,,,,,,,,,,,,,,,,,,,,,,,,
0,3,17,"{'x': 917.9175562773858, 'y': 460.22445422070945, 'elapsedTime': 3106}",430170969716,2068436378,POINT (0.4780820605611384 0.4261337539080643),,,,,,,,,,,,,,,,,,,,,,,,,,,,,,,,
0,3,17,"{'x': 917.9175562773858, 'y': 460.22445422070945, 'elapsedTime': 3106}",430170986383,2068453045,POINT (0.4780820605611384 0.4261337539080643),,,,,,,,,,,,,,,,,,,,,,,,,,,,,,,,
0,3,17,"{'x': 917.9175562773858, 'y': 460.22445422070945, 'elapsedTime': 3106}",430171003050,2068469712,POINT (0.4780820605611384 0.4261337539080643),,,,,,,,,,,,,,,,,,,,,,,,,,,,,,,,
0,3,17,"{'x': 937.0875355828962, 'y': 468.5471948355111, 'elapsedTime': 3153.199999988079}",430171019717,2068486378,POINT (0.4880664247827584 0.4338399952180658),,,,,,,,,,,,,,,,,,,,,,,,,,,,,,,,
0,3,17,"{'x': 937.0875355828962, 'y': 468.5471948355111, 'elapsedTime': 3153.199999988079}",430171036385,2068503047,POINT (0.4880664247827584 0.4338399952180658),,,,,,,,,,,,,,,,,,,,,,,,,,,,,,,,
0,3,17,"{'x': 937.0875355828962, 'y': 468.5471948355111, 'elapsedTime': 3153.199999988079}",430171053053,2068519714,POINT (0.4880664247827584 0.4338399952180658),,,,,,,,,,,,,,,,,,,,,,,,,,,,,,,,
0,3,17,"{'x': 934.032599626628, 'y': 499.94587534313445, 'elapsedTime': 3200.699999988079}",430171069719,2068536380,POINT (0.4864753123055354 0.4629128475399393),,,,,,,,,,,,,,,,,,,,,,,,,,,,,,,1,
0,3,17,"{'x': 934.032599626628, 'y': 499.94587534313445, 'elapsedTime': 3200.699999988079}",430171086386,2068553047,POINT (0.4864753123055354 0.4629128475399393),,,,,,,,,,,,,,,,,,,,,,,,,,,,,,,1,
0,3,17,"{'x': 934.032599626628, 'y': 499.94587534313445, 'elapsedTime': 3200.699999988079}",430171103053,2068569714,POINT (0.4864753123055354 0.4629128475399393),,,,,,,,,,,,,,,,,,,,,,,,,,,,,,,1,
0,3,17,"{'x': 934.032599626628, 'y': 499.94587534313445, 'elapsedTime': 3200.699999988079}",430171119720,2068586380,POINT (0.4864753123055354 0.4629128475399393),,,,,,,,,,,,,,,,,,,,,,,,,,,,,,,1,
0,3,17,"{'x': 1014.1954468574152, 'y': 506.6305478481159, 'elapsedTime': 3253}",430171136386,2068603047,POINT (0.528226795238237 0.4691023591186259),,,,,,,,,,,,,,,,,,,,,,,,,,,,,,,1,
0,3,17,"{'x': 1014.1954468574152, 'y': 506.6305478481159, 'elapsedTime': 3253}",430171153054,2068619714,POINT (0.528226795238237 0.4691023591186259),,,,,,,,,,,,,,,,,,,,,,,,,,,,,,,1,
0,3,17,"{'x': 1110.1014197775842, 'y': 477.43708004970347, 'elapsedTime': 3309.599999964237}",430171169725,2068636385,POINT (0.5781778228008251 0.4420713704163921),,,,,,,,,,,,,,,,,,,,,,,,,,,,,,,1,
0,3,17,"{'x': 1110.1014197775842, 'y': 477.43708004970347, 'elapsedTime': 3309.599999964237}",430171186392,2068653052,POINT (0.5781778228008251 0.4420713704163921),,,,,,,,,,,,,,,,,,,,,,,,,,,,,,,1,
0,3,17,"{'x': 1110.1014197775842, 'y': 477.43708004970347, 'elapsedTime': 3309.599999964237}",430171203058,2068669718,POINT (0.5781778228008251 0.4420713704163921),,,,,,,,,,,,,,,,,,,,,,,,,,,,,,,1,
0,3,17,"{'x': 1124.776485962194, 'y': 503.8681780709501, 'elapsedTime': 3354.5}",430171219726,2068686385,POINT (0.5858210864386427 0.4665446093249538),,,,,,,,,,,,,,,,,,,,,,,,,,,,,,,1,
0,3,17,"{'x': 1124.776485962194, 'y': 503.8681780709501, 'elapsedTime': 3354.5}",430171236392,2068703052,POINT (0.5858210864386427 0.4665446093249538),,,,,,,,,,,,,,,,,,,,,,,,,,,,,,,1,
0,3,17,"{'x': 1124.776485962194, 'y': 503.8681780709501, 'elapsedTime': 3354.5}",430171253059,2068719718,POINT (0.5858210864386427 0.4665446093249538),,,,,,,,,,,,,,,,,,,,,,,,,,,,,,,1,
0,3,17,"{'x': 1134.8665261561064, 'y': 526.1215024709068, 'elapsedTime': 3397.399999976158}",430171269726,2068736385,POINT (0.5910763157063054 0.4871495393249137),,,,,,,,,,,,,,,,,,,,,,,,,,,,,,,1,
0,3,17,"{'x': 1134.8665261561064, 'y': 526.1215024709068, 'elapsedTime': 3397.399999976158}",430171286393,2068753052,POINT (0.5910763157063054 0.4871495393249137),,,,,,,,,,,,,,,,,,,,,,,,,,,,,,,1,
0,3,17,"{'x': 1134.8665261561064, 'y': 526.1215024709068, 'elapsedTime': 3397.399999976158}",430171303065,2068769724,POINT (0.5910763157063054 0.4871495393249137),,,,,,,,,,,,,,,,,,,,,,,,,,,,,,,1,
0,3,17,"{'x': 1114.7373058035841, 'y': 515.095160687666, 'elapsedTime': 3450.5}",430171319733,2068786391,POINT (0.5805923467727001 0.4769399635996907),,,,,,,,,,,,,,,,,,,,,,,,,,,,,,,1,
0,3,17,"{'x': 1114.7373058035841, 'y': 515.095160687666, 'elapsedTime': 3450.5}",430171336400,2068803058,POINT (0.5805923467727001 0.4769399635996907),,,,,,,,,,,,,,,,,,,,,,,,,,,,,,,1,
0,3,17,"{'x': 1102.855512309202, 'y': 468.16904114846415, 'elapsedTime': 3499}",430171353066,2068819724,POINT (0.5744039126610426 0.4334898529152446),,,,,,,,,,,,,,,,,,,,,,,,,,,,,,,1,
0,3,17,"{'x': 1102.855512309202, 'y': 468.16904114846415, 'elapsedTime': 3499}",430171369733,2068836391,POINT (0.5744039126610426 0.4334898529152446),,,,,,,,,,,,,,,,,,,,,,,,,,,,,,,1,
0,3,17,"{'x': 1102.855512309202, 'y': 468.16904114846415, 'elapsedTime': 3499}",430171386400,2068853058,POINT (0.5744039126610426 0.4334898529152446),,,,,,,,,,,,,,,,,,,,,,,,,,,,,,,1,
0,3,17,"{'x': 1064.0953467615425, 'y': 466.16570880018605, 'elapsedTime': 3541.199999988079}",430171403066,2068869724,POINT (0.5542163264383034 0.4316349155557278),,,,,,,,,,,,,,,,,,,,,,,,,,,,,,,1,
0,3,17,"{'x': 1064.0953467615425, 'y': 466.16570880018605, 'elapsedTime': 3541.199999988079}",430171419734,2068886391,POINT (0.5542163264383034 0.4316349155557278),,,,,,,,,,,,,,,,,,,,,,,,,,,,,,,1,
0,3,17,"{'x': 1064.0953467615425, 'y': 466.16570880018605, 'elapsedTime': 3541.199999988079}",430171436406,2068903063,POINT (0.5542163264383034 0.4316349155557278),,,,,,,,,,,,,,,,,,,,,,,,,,,,,,,1,
0,3,17,"{'x': 1029.863741481791, 'y': 494.0727598005739, 'elapsedTime': 3588.399999976158}",430171453072,2068919729,POINT (0.5363873653550996 0.457474777593124),,,,,,,,,,,,,,,,,,,,,,,,,,,,,,,1,
0,3,17,"{'x': 1029.863741481791, 'y': 494.0727598005739, 'elapsedTime': 3588.399999976158}",430171469739,2068936396,POINT (0.5363873653550996 0.457474777593124),,,,,,,,,,,,,,,,,,,,,,,,,,,,,,,1,
0,3,17,"{'x': 1029.863741481791, 'y': 494.0727598005739, 'elapsedTime': 3588.399999976158}",430171486406,2068953063,POINT (0.5363873653550996 0.457474777593124),,,,,,,,,,,,,,,,,,,,,,,,,,,,,,,1,
0,3,17,"{'x': 1079.0721895867307, 'y': 497.1432604504076, 'elapsedTime': 3640.5}",430171503072,2068969729,POINT (0.5620167654097555 0.4603178337503774),,,,,,,,,,,,,,,,,,,,,,,,,,,,,,,1,
0,3,17,"{'x': 1079.0721895867307, 'y': 497.1432604504076, 'elapsedTime': 3640.5}",430171519740,2068986396,POINT (0.5620167654097555 0.4603178337503774),,,,,,,,,,,,,,,,,,,,,,,,,,,,,,,1,
0,3,17,"{'x': 1079.0721895867307, 'y': 497.1432604504076, 'elapsedTime': 3640.5}",430171536406,2069003063,POINT (0.5620167654097555 0.4603178337503774),,,,,,,,,,,,,,,,,,,,,,,,,,,,,,,1,
0,3,17,"{'x': 1105.3386671863543, 'y': 535.641600406024, 'elapsedTime': 3689.599999964237}",430171553074,2069019730,POINT (0.5756972224928929 0.4959644448203926),,,,,,,,,,,,,,,,,,,,,,,,,,,,,,,1,
0,3,17,"{'x': 1105.3386671863543, 'y': 535.641600406024, 'elapsedTime': 3689.599999964237}",430171569741,2069036397,POINT (0.5756972224928929 0.4959644448203926),,,,,,,,,,,,,,,,,,,,,,,,,,,,,,,1,
0,3,17,"{'x': 1105.3386671863543, 'y': 535.641600406024, 'elapsedTime': 3689.599999964237}",430171586408,2069053064,POINT (0.5756972224928929 0.4959644448203926),,,,,,,,,,,,,,,,,,,,,,,,,,,,,,,1,
0,3,17,"{'x': 1048.6564200702983, 'y': 514.9902356423522, 'elapsedTime': 3734.7999999523163}",430171603074,2069069730,POINT (0.5461752187866137 0.4768428107799558),,,,,,,,,,,,,,,,,,,,,,,,,,,,,,,1,
0,3,17,"{'x': 1048.6564200702983, 'y': 514.9902356423522, 'elapsedTime': 3734.7999999523163}",430171619742,2069086397,POINT (0.5461752187866137 0.4768428107799558),,,,,,,,,,,,,,,,,,,,,,,,,,,,,,,1,
0,3,17,"{'x': 1048.6564200702983, 'y': 514.9902356423522, 'elapsedTime': 3734.7999999523163}",430171636408,2069103064,POINT (0.5461752187866137 0.4768428107799558),,,,,,,,,,,,,,,,,,,,,,,,,,,,,,,1,
0,3,17,"{'x': 959.5656362143308, 'y': 480.6082932761459, 'elapsedTime': 3783.399999976158}",430171653075,2069119730,POINT (0.4997737688616306 0.4450076789593944),,,,,,,,,,,,,,,,,,,,,,,,,,,,,,,1,
0,3,17,"{'x': 959.5656362143308, 'y': 480.6082932761459, 'elapsedTime': 3783.399999976158}",430171669742,2069136397,POINT (0.4997737688616306 0.4450076789593944),,,,,,,,,,,,,,,,,,,,,,,,,,,,,,,1,
0,3,17,"{'x': 902.1188265426543, 'y': 489.2118416191214, 'elapsedTime': 3827.199999988079}",430171686416,2069153071,POINT (0.4698535554909658 0.4529739274251124),,,,,,,,,,,,,,,,,,,,,,,,,,,,,,,1,
0,3,17,"{'x': 902.1188265426543, 'y': 489.2118416191214, 'elapsedTime': 3827.199999988079}",430171703083,2069169738,POINT (0.4698535554909658 0.4529739274251124),,,,,,,,,,,,,,,,,,,,,,,,,,,,,,,1,
0,3,17,"{'x': 902.1188265426543, 'y': 489.2118416191214, 'elapsedTime': 3827.199999988079}",430171719751,2069186405,POINT (0.4698535554909658 0.4529739274251124),,,,,,,,,,,,,,,,,,,,,,,,,,,,,,,1,
0,3,17,"{'x': 959.9386026604117, 'y': 440.51266377663364, 'elapsedTime': 3873.099999964237}",430171736416,2069203071,POINT (0.4999680222189644 0.4078820960894756),,,,,,,,,,,,,,,,,,,,,,,,,,,,,,,,
0,3,17,"{'x': 959.9386026604117, 'y': 440.51266377663364, 'elapsedTime': 3873.099999964237}",430171753084,2069219738,POINT (0.4999680222189644 0.4078820960894756),,,,,,,,,,,,,,,,,,,,,,,,,,,,,,,,
0,3,17,"{'x': 959.9386026604117, 'y': 440.51266377663364, 'elapsedTime': 3873.099999964237}",430171769751,2069236405,POINT (0.4999680222189644 0.4078820960894756),,,,,,,,,,,,,,,,,,,,,,,,,,,,,,,,
0,3,17,"{'x': 1034.537623011024, 'y': 474.56575649866716, 'elapsedTime': 3919.899999976158}",430171786417,2069253071,POINT (0.5388216786515749 0.4394127374987659),,,,,,,,,,,,,,,,,,,,,,,,,,,,,,,1,
0,3,17,"{'x': 1034.537623011024, 'y': 474.56575649866716, 'elapsedTime': 3919.899999976158}",430171803084,2069269738,POINT (0.5388216786515749 0.4394127374987659),,,,,,,,,,,,,,,,,,,,,,,,,,,,,,,1,
0,3,17,"{'x': 1034.537623011024, 'y': 474.56575649866716, 'elapsedTime': 3919.899999976158}",430171819756,2069286410,POINT (0.5388216786515749 0.4394127374987659),,,,,,,,,,,,,,,,,,,,,,,,,,,,,,,1,
0,3,17,"{'x': 1071.0187838097338, 'y': 468.5436657689545, 'elapsedTime': 3966.599999964237}",430171836423,2069303076,POINT (0.5578222832342363 0.4338367275638468),,,,,,,,,,,,,,,,,,,,,,,,,,,,,,,1,
0,3,17,"{'x': 1071.0187838097338, 'y': 468.5436657689545, 'elapsedTime': 3966.599999964237}",430171853090,2069319743,POINT (0.5578222832342363 0.4338367275638468),,,,,,,,,,,,,,,,,,,,,,,,,,,,,,,1,
0,3,17,"{'x': 1071.0187838097338, 'y': 468.5436657689545, 'elapsedTime': 3966.599999964237}",430171869757,2069336410,POINT (0.5578222832342363 0.4338367275638468),,,,,,,,,,,,,,,,,,,,,,,,,,,,,,,1,
0,3,17,"{'x': 1081.5237050616868, 'y': 471.1906360897887, 'elapsedTime': 4015.199999988079}",430171886423,2069353076,POINT (0.5632935963862952 0.4362876260090636),,,,,,,,,,,,,,,,,,,,,,,,,,,,,,,1,
0,3,17,"{'x': 1081.5237050616868, 'y': 471.1906360897887, 'elapsedTime': 4015.199999988079}",430171903090,2069369743,POINT (0.5632935963862952 0.4362876260090636),,,,,,,,,,,,,,,,,,,,,,,,,,,,,,,1,
0,3,17,"{'x': 1081.5237050616868, 'y': 471.1906360897887, 'elapsedTime': 4015.199999988079}",430171919757,2069386410,POINT (0.5632935963862952 0.4362876260090636),,,,,,,,,,,,,,,,,,,,,,,,,,,,,,,1,
0,3,17,"{'x': 1081.5237050616868, 'y': 471.1906360897887, 'elapsedTime': 4015.199999988079}",430171936424,2069403076,POINT (0.5632935963862952 0.4362876260090636),,,,,,,,,,,,,,,,,,,,,,,,,,,,,,,1,
0,3,17,"{'x': 1090.0593401282981, 'y': 448.8281217715776, 'elapsedTime': 4068.699999988079}",430171953095,2069419748,POINT (0.5677392396501553 0.4155815942329423),,,,,,,,,,,,,,,,,,,,,,,,,,,,,,,1,
0,3,17,"{'x': 1090.0593401282981, 'y': 448.8281217715776, 'elapsedTime': 4068.699999988079}",430171969763,2069436415,POINT (0.5677392396501553 0.4155815942329423),,,,,,,,,,,,,,,,,,,,,,,,,,,,,,,1,
0,3,17,"{'x': 1051.0799461618058, 'y': 416.3771436525147, 'elapsedTime': 4118.799999952316}",430171986429,2069453081,POINT (0.5474374719592738 0.385534392270847),,,,,,,,,,,,,,,,,,,,,,,,,,,,,,,1,
0,3,17,"{'x': 1051.0799461618058, 'y': 416.3771436525147, 'elapsedTime': 4118.799999952316}",430172003096,2069469748,POINT (0.5474374719592738 0.385534392270847),,,,,,,,,,,,,,,,,,,,,,,,,,,,,,,1,
0,3,17,"{'x': 1051.0799461618058, 'y': 416.3771436525147, 'elapsedTime': 4118.799999952316}",430172019763,2069486415,POINT (0.5474374719592738 0.385534392270847),,,,,,,,,,,,,,,,,,,,,,,,,,,,,,,1,
0,3,17,"{'x': 1051.0799461618058, 'y': 416.3771436525147, 'elapsedTime': 4118.799999952316}",430172036430,2069503081,POINT (0.5474374719592738 0.385534392270847),,,,,,,,,,,,,,,,,,,,,,,,,,,,,,,1,
0,3,17,"{'x': 928.7866521038616, 'y': 392.19209454639156, 'elapsedTime': 4175.599999964237}",430172053096,2069519748,POINT (0.4837430479707612 0.3631408282836959),,,,,,,,,,,,,,,,,,,,,,,,,,,,,,,1,
0,3,17,"{'x': 928.7866521038616, 'y': 392.19209454639156, 'elapsedTime': 4175.599999964237}",430172069764,2069536415,POINT (0.4837430479707612 0.3631408282836959),,,,,,,,,,,,,,,,,,,,,,,,,,,,,,,1,
0,3,17,"{'x': 866.55343020733, 'y': 441.98257903752466, 'elapsedTime': 4231.299999952316}",430172086434,2069553085,POINT (0.4513299115663177 0.4092431287384488),,,,,,,,,,,,,,,,,,,,,,,,,,,,,,,,
0,3,17,"{'x': 866.55343020733, 'y': 441.98257903752466, 'elapsedTime': 4231.299999952316}",430172103101,2069569752,POINT (0.4513299115663177 0.4092431287384488),,,,,,,,,,,,,,,,,,,,,,,,,,,,,,,,
0,3,17,"{'x': 866.55343020733, 'y': 441.98257903752466, 'elapsedTime': 4231.299999952316}",430172119768,2069586419,POINT (0.4513299115663177 0.4092431287384488),,,,,,,,,,,,,,,,,,,,,,,,,,,,,,,,
0,3,17,"{'x': 930.228750829291, 'y': 452.84338020539985, 'elapsedTime': 4276.5}",430172136434,2069603085,POINT (0.4844941410569224 0.419299426116111),,,,,,,,,,,,,,,,,,,,,,,,,,,,,,,,
0,3,17,"{'x': 930.228750829291, 'y': 452.84338020539985, 'elapsedTime': 4276.5}",430172153101,2069619752,POINT (0.4844941410569224 0.419299426116111),,,,,,,,,,,,,,,,,,,,,,,,,,,,,,,,
0,3,17,"{'x': 930.228750829291, 'y': 452.84338020539985, 'elapsedTime': 4276.5}",430172169769,2069636419,POINT (0.4844941410569224 0.419299426116111),,,,,,,,,,,,,,,,,,,,,,,,,,,,,,,,
0,3,17,"{'x': 872.9458027101027, 'y': 446.5910396840494, 'elapsedTime': 4321.799999952316}",430172186435,2069653085,POINT (0.4546592722448452 0.4135102219296754),,,,,,,,,,,,,,,,,,,,,,,,,,,,,,,,
0,3,17,"{'x': 872.9458027101027, 'y': 446.5910396840494, 'elapsedTime': 4321.799999952316}",430172203102,2069669752,POINT (0.4546592722448452 0.4135102219296754),,,,,,,,,,,,,,,,,,,,,,,,,,,,,,,,
0,3,17,"{'x': 872.9458027101027, 'y': 446.5910396840494, 'elapsedTime': 4321.799999952316}",430172219773,2069686423,POINT (0.4546592722448452 0.4135102219296754),,,,,,,,,,,,,,,,,,,,,,,,,,,,,,,,
0,3,17,"{'x': 860.5368540796579, 'y': 480.53688005122154, 'elapsedTime': 4365.099999964237}",430172236439,2069703089,POINT (0.4481962781664885 0.4449415556029829),,,,,,,,,,,,,,,,,,,,,,,,,,,,,,,,
0,3,17,"{'x': 860.5368540796579, 'y': 480.53688005122154, 'elapsedTime': 4365.099999964237}",430172253106,2069719756,POINT (0.4481962781664885 0.4449415556029829),,,,,,,,,,,,,,,,,,,,,,,,,,,,,,,,
0,3,17,"{'x': 735.5202381328851, 'y': 512.1178743450823, 'elapsedTime': 4408.5}",430172269773,2069736422,POINT (0.3830834573608776 0.4741832169861873),,,,,,,,,,,,,,,,,,,,,,,,,,,,,,,,
0,3,17,"{'x': 735.5202381328851, 'y': 512.1178743450823, 'elapsedTime': 4408.5}",430172286440,2069753089,POINT (0.3830834573608776 0.4741832169861873),,,,,,,,,,,,,,,,,,,,,,,,,,,,,,,,
0,3,17,"{'x': 735.5202381328851, 'y': 512.1178743450823, 'elapsedTime': 4408.5}",430172303107,2069769756,POINT (0.3830834573608776 0.4741832169861873),,,,,,,,,,,,,,,,,,,,,,,,,,,,,,,,
0,3,17,"{'x': 769.8696709762003, 'y': 584.5442317801867, 'elapsedTime': 4453.799999952316}",430172319773,2069786422,POINT (0.400973786966771 0.5412446590557284),,,,,,,,,,,,,,,,,,,,,,,,,,,,,,,1,
0,3,17,"{'x': 769.8696709762003, 'y': 584.5442317801867, 'elapsedTime': 4453.799999952316}",430172336440,2069803089,POINT (0.400973786966771 0.5412446590557284),,,,,,,,,,,,,,,,,,,,,,,,,,,,,,,1,
0,3,17,"{'x': 769.8696709762003, 'y': 584.5442317801867, 'elapsedTime': 4453.799999952316}",430172353112,2069819761,POINT (0.400973786966771 0.5412446590557284),,,,,,,,,,,,,,,,,,,,,,,,,,,,,,,1,
0,3,17,"{'x': 745.7476981893767, 'y': 642.287753670925, 'elapsedTime': 4507.5}",430172369779,2069836427,POINT (0.3884102594736337 0.5947108830286343),,,,,,,,,,,,,,,,,,,,,,,,,,,,,,,1,
0,3,17,"{'x': 745.7476981893767, 'y': 642.287753670925, 'elapsedTime': 4507.5}",430172386445,2069853094,POINT (0.3884102594736337 0.5947108830286343),,,,,,,,,,,,,,,,,,,,,,,,,,,,,,,1,
0,3,17,"{'x': 745.7476981893767, 'y': 642.287753670925, 'elapsedTime': 4507.5}",430172403113,2069869761,POINT (0.3884102594736337 0.5947108830286343),,,,,,,,,,,,,,,,,,,,,,,,,,,,,,,1,
0,3,17,"{'x': 745.7476981893767, 'y': 642.287753670925, 'elapsedTime': 4507.5}",430172419779,2069886427,POINT (0.3884102594736337 0.5947108830286343),,,,,,,,,,,,,,,,,,,,,,,,,,,,,,,1,
0,3,17,"{'x': 717.8845783204105, 'y': 712.1159896395604, 'elapsedTime': 4554.299999952316}",430172436446,2069903094,POINT (0.3738982178752138 0.659366657073667),,,,,,,,,,,,,,,,,,,,,,,,,,,,,,,,1
0,3,17,"{'x': 717.8845783204105, 'y': 712.1159896395604, 'elapsedTime': 4554.299999952316}",430172453113,2069919761,POINT (0.3738982178752138 0.659366657073667),,,,,,,,,,,,,,,,,,,,,,,,,,,,,,,,1
0,3,17,"{'x': 717.8845783204105, 'y': 712.1159896395604, 'elapsedTime': 4554.299999952316}",430172469782,2069936429,POINT (0.3738982178752138 0.659366657073667),,,,,,,,,,,,,,,,,,,,,,,,,,,,,,,,1
0,3,17,"{'x': 707.2723744758393, 'y': 659.8982163610791, 'elapsedTime': 4609.5}",430172486448,2069953096,POINT (0.368371028372833 0.6110168670009992),,,,,,,,,,,,,,,,,,,,,,,,,,,,,,,,
0,3,17,"{'x': 707.2723744758393, 'y': 659.8982163610791, 'elapsedTime': 4609.5}",430172503116,2069969763,POINT (0.368371028372833 0.6110168670009992),,,,,,,,,,,,,,,,,,,,,,,,,,,,,,,,
0,3,17,"{'x': 683.9207140959921, 'y': 577.751269629426, 'elapsedTime': 4660.099999964237}",430172519782,2069986429,POINT (0.3562087052583293 0.5349548792865055),,,,,,,,,,,,,,,,,,,,,,,,,,,,,,,1,
0,3,17,"{'x': 683.9207140959921, 'y': 577.751269629426, 'elapsedTime': 4660.099999964237}",430172536449,2070003096,POINT (0.3562087052583293 0.5349548792865055),,,,,,,,,,,,,,,,,,,,,,,,,,,,,,,1,
0,3,17,"{'x': 683.9207140959921, 'y': 577.751269629426, 'elapsedTime': 4660.099999964237}",430172553116,2070019763,POINT (0.3562087052583293 0.5349548792865055),,,,,,,,,,,,,,,,,,,,,,,,,,,,,,,1,
0,3,17,"{'x': 612.6097606315811, 'y': 504.28800734211336, 'elapsedTime': 4708.399999976158}",430172569782,2070036429,POINT (0.3190675836622818 0.4669333401315864),,,,,,,,,,,,,,,,,,,,,,,,,,,,,,,,
0,3,17,"{'x': 612.6097606315811, 'y': 504.28800734211336, 'elapsedTime': 4708.399999976158}",430172586449,2070053096,POINT (0.3190675836622818 0.4669333401315864),,,,,,,,,,,,,,,,,,,,,,,,,,,,,,,,
0,3,17,"{'x': 612.6097606315811, 'y': 504.28800734211336, 'elapsedTime': 4708.399999976158}",430172603125,2070069771,POINT (0.3190675836622818 0.4669333401315864),,,,,,,,,,,,,,,,,,,,,,,,,,,,,,,,
0,3,17,"{'x': 612.6097606315811, 'y': 504.28800734211336, 'elapsedTime': 4708.399999976158}",430172619791,2070086437,POINT (0.3190675836622818 0.4669333401315864),,,,,,,,,,,,,,,,,,,,,,,,,,,,,,,,
0,3,17,"{'x': 598.7009853318458, 'y': 488.85231520027855, 'elapsedTime': 4758.899999976158}",430172636458,2070103104,POINT (0.3118234298603363 0.4526410325928505),,,,,,,,,,,,,,,,,,,,,,,,,,,,,,,,
0,3,17,"{'x': 598.7009853318458, 'y': 488.85231520027855, 'elapsedTime': 4758.899999976158}",430172653125,2070119771,POINT (0.3118234298603363 0.4526410325928505),,,,,,,,,,,,,,,,,,,,,,,,,,,,,,,,
0,3,17,"{'x': 598.7009853318458, 'y': 488.85231520027855, 'elapsedTime': 4758.899999976158}",430172669791,2070136437,POINT (0.3118234298603363 0.4526410325928505),,,,,,,,,,,,,,,,,,,,,,,,,,,,,,,,
0,3,17,"{'x': 677.6048545079559, 'y': 449.1884624344595, 'elapsedTime': 4810.699999988079}",430172686459,2070153104,POINT (0.352919195056227 0.4159152429948699),,,,,,,,,,,,,,,,,,,,,,,,,,,,,,,,
0,3,17,"{'x': 677.6048545079559, 'y': 449.1884624344595, 'elapsedTime': 4810.699999988079}",430172703126,2070169771,POINT (0.352919195056227 0.4159152429948699),,,,,,,,,,,,,,,,,,,,,,,,,,,,,,,,
0,3,17,"{'x': 724.6915693603775, 'y': 515.7237197452323, 'elapsedTime': 4863.599999964237}",430172719792,2070186437,POINT (0.3774435257085299 0.4775219627270669),,,,,,,,,,,,,,,,,,,,,,,,,,,,,,,,
0,3,17,"{'x': 724.6915693603775, 'y': 515.7237197452323, 'elapsedTime': 4863.599999964237}",430172736461,2070203106,POINT (0.3774435257085299 0.4775219627270669),,,,,,,,,,,,,,,,,,,,,,,,,,,,,,,,
0,3,17,"{'x': 724.6915693603775, 'y': 515.7237197452323, 'elapsedTime': 4863.599999964237}",430172753128,2070219773,POINT (0.3774435257085299 0.4775219627270669),,,,,,,,,,,,,,,,,,,,,,,,,,,,,,,,
0,3,17,"{'x': 724.6915693603775, 'y': 515.7237197452323, 'elapsedTime': 4863.599999964237}",430172769794,2070236439,POINT (0.3774435257085299 0.4775219627270669),,,,,,,,,,,,,,,,,,,,,,,,,,,,,,,,
0,3,17,"{'x': 768.8455139335741, 'y': 502.13958978768284, 'elapsedTime': 4910.899999976158}",430172786462,2070253106,POINT (0.4004403718404032 0.4649440646182248),,,,,,,,,,,,,,,,,,,,,,,,,,,,,,,,
0,3,17,"{'x': 768.8455139335741, 'y': 502.13958978768284, 'elapsedTime': 4910.899999976158}",430172803128,2070269772,POINT (0.4004403718404032 0.4649440646182248),,,,,,,,,,,,,,,,,,,,,,,,,,,,,,,,
0,3,17,"{'x': 768.8455139335741, 'y': 502.13958978768284, 'elapsedTime': 4910.899999976158}",430172819794,2070286439,POINT (0.4004403718404032 0.4649440646182248),,,,,,,,,,,,,,,,,,,,,,,,,,,,,,,,
0,3,17,"{'x': 729.4319778962008, 'y': 488.1800916978116, 'elapsedTime': 4966.5}",430172836462,2070303106,POINT (0.3799124884876046 0.4520186034238996),,,,,,,,,,,,,,,,,,,,,,,,,,,,,,,,
0,3,17,"{'x': 729.4319778962008, 'y': 488.1800916978116, 'elapsedTime': 4966.5}",430172853128,2070319772,POINT (0.3799124884876046 0.4520186034238996),,,,,,,,,,,,,,,,,,,,,,,,,,,,,,,,
0,3,17,"{'x': 729.4319778962008, 'y': 488.1800916978116, 'elapsedTime': 4966.5}",430172869803,2070336447,POINT (0.3799124884876046 0.4520186034238996),,,,,,,,,,,,,,,,,,,,,,,,,,,,,,,,
0,3,17,"{'x': 705.0862416425625, 'y': 415.99712403898087, 'elapsedTime': 5013}",430172886470,2070353114,POINT (0.367232417522168 0.3851825222583156),,,,,,,,,,,,,,,,,,,,,,,,,,,,,,,,
0,3,17,"{'x': 705.0862416425625, 'y': 415.99712403898087, 'elapsedTime': 5013}",430172903137,2070369780,POINT (0.367232417522168 0.3851825222583156),,,,,,,,,,,,,,,,,,,,,,,,,,,,,,,,
0,3,17,"{'x': 744.8092002681432, 'y': 470.37541787905195, 'elapsedTime': 5062.299999952316}",430172919803,2070386447,POINT (0.3879214584729912 0.4355327943324555),,,,,,,,,,,,,,,,,,,,,,,,,,,,,,,,
0,3,17,"{'x': 744.8092002681432, 'y': 470.37541787905195, 'elapsedTime': 5062.299999952316}",430172936471,2070403114,POINT (0.3879214584729912 0.4355327943324555),,,,,,,,,,,,,,,,,,,,,,,,,,,,,,,,
0,3,17,"{'x': 744.8092002681432, 'y': 470.37541787905195, 'elapsedTime': 5062.299999952316}",430172953137,2070419780,POINT (0.3879214584729912 0.4355327943324555),,,,,,,,,,,,,,,,,,,,,,,,,,,,,,,,
0,3,17,"{'x': 744.8092002681432, 'y': 470.37541787905195, 'elapsedTime': 5062.299999952316}",430172969804,2070436447,POINT (0.3879214584729912 0.4355327943324555),,,,,,,,,,,,,,,,,,,,,,,,,,,,,,,,
0,3,17,"{'x': 770.27789548253, 'y': 459.949346083121, 'elapsedTime': 5114.399999976158}",430172986471,2070453114,POINT (0.401186403897151 0.425879024151038),,,,,,,,,,,,,,,,,,,,,,,,,,,,,,,,
0,3,17,"{'x': 770.27789548253, 'y': 459.949346083121, 'elapsedTime': 5114.399999976158}",430173003141,2070469783,POINT (0.401186403897151 0.425879024151038),,,,,,,,,,,,,,,,,,,,,,,,,,,,,,,,
0,3,17,"{'x': 770.27789548253, 'y': 459.949346083121, 'elapsedTime': 5114.399999976158}",430173019807,2070486450,POINT (0.401186403897151 0.425879024151038),,,,,,,,,,,,,,,,,,,,,,,,,,,,,,,,
0,3,17,"{'x': 868.4506580191904, 'y': 465.22970428003174, 'elapsedTime': 5161.099999964237}",430173036475,2070503117,POINT (0.4523180510516617 0.4307682447037331),,,,,,,,,,,,,,,,,,,,,,,,,,,,,,,,
0,3,17,"{'x': 868.4506580191904, 'y': 465.22970428003174, 'elapsedTime': 5161.099999964237}",430173053141,2070519783,POINT (0.4523180510516617 0.4307682447037331),,,,,,,,,,,,,,,,,,,,,,,,,,,,,,,,
0,3,17,"{'x': 868.4506580191904, 'y': 465.22970428003174, 'elapsedTime': 5161.099999964237}",430173069808,2070536450,POINT (0.4523180510516617 0.4307682447037331),,,,,,,,,,,,,,,,,,,,,,,,,,,,,,,,
0,3,17,"{'x': 919.1423420899231, 'y': 510.39172758216944, 'elapsedTime': 5215}",430173086475,2070553117,POINT (0.4787199698385016 0.4725849329464532),,,,,,,,,,,,,,,,,,,,,,,,,,,,,,,1,
0,3,17,"{'x': 919.1423420899231, 'y': 510.39172758216944, 'elapsedTime': 5215}",430173103141,2070569783,POINT (0.4787199698385016 0.4725849329464532),,,,,,,,,,,,,,,,,,,,,,,,,,,,,,,1,
0,3,17,"{'x': 919.1423420899231, 'y': 510.39172758216944, 'elapsedTime': 5215}",430173119808,2070586450,POINT (0.4787199698385016 0.4725849329464532),,,,,,,,,,,,,,,,,,,,,,,,,,,,,,,1,
0,3,17,"{'x': 946.2168873541992, 'y': 486.674528677685, 'elapsedTime': 5261.399999976158}",430173136480,2070603122,POINT (0.4928212954969788 0.4506245635904491),,,,,,,,,,,,,,,,,,,,,,,,,,,,,,,1,
0,3,17,"{'x': 946.2168873541992, 'y': 486.674528677685, 'elapsedTime': 5261.399999976158}",430173153147,2070619788,POINT (0.4928212954969788 0.4506245635904491),,,,,,,,,,,,,,,,,,,,,,,,,,,,,,,1,
0,3,17,"{'x': 946.2168873541992, 'y': 486.674528677685, 'elapsedTime': 5261.399999976158}",430173169814,2070636455,POINT (0.4928212954969788 0.4506245635904491),,,,,,,,,,,,,,,,,,,,,,,,,,,,,,,1,
0,3,17,"{'x': 946.2168873541992, 'y': 486.674528677685, 'elapsedTime': 5261.399999976158}",430173186481,2070653122,POINT (0.4928212954969788 0.4506245635904491),,,,,,,,,,,,,,,,,,,,,,,,,,,,,,,1,
0,3,17,"{'x': 992.7260566923975, 'y': 469.2666045976346, 'elapsedTime': 5312.699999988079}",430173203147,2070669788,POINT (0.517044821193957 0.4345061153681802),,,,,,,,,,,,,,,,,,,,,,,,,,,,,,,1,
0,3,17,"{'x': 992.7260566923975, 'y': 469.2666045976346, 'elapsedTime': 5312.699999988079}",430173219814,2070686455,POINT (0.517044821193957 0.4345061153681802),,,,,,,,,,,,,,,,,,,,,,,,,,,,,,,1,
0,3,17,"{'x': 992.7260566923975, 'y': 469.2666045976346, 'elapsedTime': 5312.699999988079}",430173236481,2070703122,POINT (0.517044821193957 0.4345061153681802),,,,,,,,,,,,,,,,,,,,,,,,,,,,,,,1,
0,3,17,"{'x': 1018.5381538844781, 'y': 590.3774955837664, 'elapsedTime': 5381.699999988079}",430173253148,2070719788,POINT (0.5304886218148324 0.5466458292442281),,,,,,,,,,,,,,,,,,,,,,,,,,,,,,,1,
0,3,17,"{'x': 1018.5381538844781, 'y': 590.3774955837664, 'elapsedTime': 5381.699999988079}",430173269820,2070736460,POINT (0.5304886218148324 0.5466458292442281),,,,,,,,,,,,,,,,,,,,,,,,,,,,,,,1,
0,3,17,"{'x': 1018.5381538844781, 'y': 590.3774955837664, 'elapsedTime': 5381.699999988079}",430173286486,2070753126,POINT (0.5304886218148324 0.5466458292442281),,,,,,,,,,,,,,,,,,,,,,,,,,,,,,,1,
0,3,17,"{'x': 968.2792632158939, 'y': 581.6678502616728, 'elapsedTime': 5438.399999976158}",430173303153,2070769793,POINT (0.5043121162582781 0.5385813428348822),,,,,,,,,,,,,,,,,,,,,,,,,,,,,,,1,
0,3,17,"{'x': 968.2792632158939, 'y': 581.6678502616728, 'elapsedTime': 5438.399999976158}",430173319820,2070786460,POINT (0.5043121162582781 0.5385813428348822),,,,,,,,,,,,,,,,,,,,,,,,,,,,,,,1,
0,3,17,"{'x': 968.2792632158939, 'y': 581.6678502616728, 'elapsedTime': 5438.399999976158}",430173336487,2070803127,POINT (0.5043121162582781 0.5385813428348822),,,,,,,,,,,,,,,,,,,,,,,,,,,,,,,1,
0,3,17,"{'x': 928.241685232831, 'y': 574.086577952259, 'elapsedTime': 5490.299999952316}",430173353153,2070819793,POINT (0.4834592110587661 0.5315616462520916),,,,,,,,,,,,,,,,,,,,,,,,,,,,,,,1,
0,3,17,"{'x': 928.241685232831, 'y': 574.086577952259, 'elapsedTime': 5490.299999952316}",430173369821,2070836460,POINT (0.4834592110587661 0.5315616462520916),,,,,,,,,,,,,,,,,,,,,,,,,,,,,,,1,
0,3,17,"{'x': 928.241685232831, 'y': 574.086577952259, 'elapsedTime': 5490.299999952316}",430173386486,2070853126,POINT (0.4834592110587661 0.5315616462520916),,,,,,,,,,,,,,,,,,,,,,,,,,,,,,,1,
0,3,17,"{'x': 941.9173010303126, 'y': 584.8888431671031, 'elapsedTime': 5541.599999964237}",430173403159,2070869798,POINT (0.4905819276199545 0.5415637436732437),,,,,,,,,,,,,,,,,,,,,,,,,,,,,,,1,
0,3,17,"{'x': 941.9173010303126, 'y': 584.8888431671031, 'elapsedTime': 5541.599999964237}",430173419826,2070886465,POINT (0.4905819276199545 0.5415637436732437),,,,,,,,,,,,,,,,,,,,,,,,,,,,,,,1,
0,3,17,"{'x': 941.9173010303126, 'y': 584.8888431671031, 'elapsedTime': 5541.599999964237}",430173436492,2070903131,POINT (0.4905819276199545 0.5415637436732437),,,,,,,,,,,,,,,,,,,,,,,,,,,,,,,1,
0,3,17,"{'x': 941.9173010303126, 'y': 584.8888431671031, 'elapsedTime': 5541.599999964237}",430173453159,2070919798,POINT (0.4905819276199545 0.5415637436732437),,,,,,,,,,,,,,,,,,,,,,,,,,,,,,,1,
0,3,17,"{'x': 940.9526321029118, 'y': 576.0542220028369, 'elapsedTime': 5593.399999976158}",430173469827,2070936465,POINT (0.4900794958869332 0.5333835388915157),,,,,,,,,,,,,,,,,,,,,,,,,,,,,,,1,
0,3,17,"{'x': 940.9526321029118, 'y': 576.0542220028369, 'elapsedTime': 5593.399999976158}",430173486492,2070953131,POINT (0.4900794958869332 0.5333835388915157),,,,,,,,,,,,,,,,,,,,,,,,,,,,,,,1,
0,3,17,"{'x': 940.9526321029118, 'y': 576.0542220028369, 'elapsedTime': 5593.399999976158}",430173503160,2070969798,POINT (0.4900794958869332 0.5333835388915157),,,,,,,,,,,,,,,,,,,,,,,,,,,,,,,1,
0,3,17,"{'x': 911.7305775375039, 'y': 515.1631190046576, 'elapsedTime': 5649.399999976158}",430173519831,2070986469,POINT (0.4748596758007833 0.4770028879672755),,,,,,,,,,,,,,,,,,,,,,,,,,,,,,,1,
0,3,17,"{'x': 911.7305775375039, 'y': 515.1631190046576, 'elapsedTime': 5649.399999976158}",430173536497,2071003135,POINT (0.4748596758007833 0.4770028879672755),,,,,,,,,,,,,,,,,,,,,,,,,,,,,,,1,
0,3,17,"{'x': 911.7305775375039, 'y': 515.1631190046576, 'elapsedTime': 5649.399999976158}",430173553164,2071019802,POINT (0.4748596758007833 0.4770028879672755),,,,,,,,,,,,,,,,,,,,,,,,,,,,,,,1,
0,3,17,"{'x': 911.7305775375039, 'y': 515.1631190046576, 'elapsedTime': 5649.399999976158}",430173569832,2071036469,POINT (0.4748596758007833 0.4770028879672755),,,,,,,,,,,,,,,,,,,,,,,,,,,,,,,1,
0,3,17,"{'x': 879.0581796761142, 'y': 601.9105194890021, 'elapsedTime': 5707.099999964237}",430173586497,2071053135,POINT (0.4578428019146428 0.5573245550824094),,,,,,,,,,,,,,,,,,,,,,,,,,,,,,,1,
0,3,17,"{'x': 879.0581796761142, 'y': 601.9105194890021, 'elapsedTime': 5707.099999964237}",430173603164,2071069802,POINT (0.4578428019146428 0.5573245550824094),,,,,,,,,,,,,,,,,,,,,,,,,,,,,,,1,
0,3,17,"{'x': 879.0581796761142, 'y': 601.9105194890021, 'elapsedTime': 5707.099999964237}",430173619832,2071086469,POINT (0.4578428019146428 0.5573245550824094),,,,,,,,,,,,,,,,,,,,,,,,,,,,,,,1,
0,3,17,"{'x': 920.225698615382, 'y': 509.86755748879403, 'elapsedTime': 5769.599999964237}",430173636498,2071103135,POINT (0.4792842180288448 0.4720995902674019),,,,,,,,,,,,,,,,,,,,,,,,,,,,,,,1,
0,3,17,"{'x': 920.225698615382, 'y': 509.86755748879403, 'elapsedTime': 5769.599999964237}",430173653170,2071119807,POINT (0.4792842180288448 0.4720995902674019),,,,,,,,,,,,,,,,,,,,,,,,,,,,,,,1,
0,3,17,"{'x': 920.225698615382, 'y': 509.86755748879403, 'elapsedTime': 5769.599999964237}",430173669837,2071136474,POINT (0.4792842180288448 0.4720995902674019),,,,,,,,,,,,,,,,,,,,,,,,,,,,,,,1,
0,3,17,"{'x': 899.1101525039353, 'y': 549.0676298802637, 'elapsedTime': 5821.899999976158}",430173686503,2071153140,POINT (0.4682865377624663 0.5083959535928367),,,,,,,,,,,,,,,,,,,,,,,,,,,,,,,1,
0,3,17,"{'x': 899.1101525039353, 'y': 549.0676298802637, 'elapsedTime': 5821.899999976158}",430173703170,2071169807,POINT (0.4682865377624663 0.5083959535928367),,,,,,,,,,,,,,,,,,,,,,,,,,,,,,,1,
0,3,17,"{'x': 899.1101525039353, 'y': 549.0676298802637, 'elapsedTime': 5821.899999976158}",430173719838,2071186474,POINT (0.4682865377624663 0.5083959535928367),,,,,,,,,,,,,,,,,,,,,,,,,,,,,,,1,
0,3,17,"{'x': 899.1101525039353, 'y': 549.0676298802637, 'elapsedTime': 5821.899999976158}",430173736504,2071203140,POINT (0.4682865377624663 0.5083959535928367),,,,,,,,,,,,,,,,,,,,,,,,,,,,,,,1,
0,3,17,"{'x': 801.5185606312345, 'y': 536.673533299842, 'elapsedTime': 5873.599999964237}",430173753171,2071219807,POINT (0.4174575836621013 0.4969199382405944),,,,,,,,,,,,,,,,,,,,,,,,,,,,,,,1,
0,3,17,"{'x': 801.5185606312345, 'y': 536.673533299842, 'elapsedTime': 5873.599999964237}",430173769838,2071236474,POINT (0.4174575836621013 0.4969199382405944),,,,,,,,,,,,,,,,,,,,,,,,,,,,,,,1,
0,3,17,"{'x': 801.5185606312345, 'y': 536.673533299842, 'elapsedTime': 5873.599999964237}",430173786509,2071253145,POINT (0.4174575836621013 0.4969199382405944),,,,,,,,,,,,,,,,,,,,,,,,,,,,,,,1,
0,3,17,"{'x': 779.3493772577242, 'y': 447.2108787889189, 'elapsedTime': 5928.299999952316}",430173803176,2071269812,POINT (0.405911133988398 0.4140841470267768),,,,,,,,,,,,,,,,,,,,,,,,,,,,,,,,
0,3,17,"{'x': 779.3493772577242, 'y': 447.2108787889189, 'elapsedTime': 5928.299999952316}",430173819844,2071286479,POINT (0.405911133988398 0.4140841470267768),,,,,,,,,,,,,,,,,,,,,,,,,,,,,,,,
0,3,17,"{'x': 779.3493772577242, 'y': 447.2108787889189, 'elapsedTime': 5928.299999952316}",430173836510,2071303145,POINT (0.405911133988398 0.4140841470267768),,,,,,,,,,,,,,,,,,,,,,,,,,,,,,,,
0,3,17,"{'x': 779.3493772577242, 'y': 447.2108787889189, 'elapsedTime': 5928.299999952316}",430173853176,2071319812,POINT (0.405911133988398 0.4140841470267768),,,,,,,,,,,,,,,,,,,,,,,,,,,,,,,,
0,3,17,"{'x': 710.1320123472519, 'y': 515.7192996693963, 'elapsedTime': 5984.899999976158}",430173869844,2071336479,POINT (0.369860423097527 0.4775178700642558),,,,,,,,,,,,,,,,,,,,,,,,,,,,,,,,
0,3,17,"{'x': 710.1320123472519, 'y': 515.7192996693963, 'elapsedTime': 5984.899999976158}",430173886510,2071353145,POINT (0.369860423097527 0.4775178700642558),,,,,,,,,,,,,,,,,,,,,,,,,,,,,,,,
0,3,17,"{'x': 710.1320123472519, 'y': 515.7192996693963, 'elapsedTime': 5984.899999976158}",430173903177,2071369812,POINT (0.369860423097527 0.4775178700642558),,,,,,,,,,,,,,,,,,,,,,,,,,,,,,,,
0,3,17,"{'x': 710.1320123472519, 'y': 515.7192996693963, 'elapsedTime': 5984.899999976158}",430173919846,2071386481,POINT (0.369860423097527 0.4775178700642558),,,,,,,,,,,,,,,,,,,,,,,,,,,,,,,,
0,3,17,"{'x': 710.1320123472519, 'y': 515.7192996693963, 'elapsedTime': 5984.899999976158}",430173936514,2071403148,POINT (0.369860423097527 0.4775178700642558),,,,,,,,,,,,,,,,,,,,,,,,,,,,,,,,
0,3,17,"{'x': 623.8067131822336, 'y': 509.32613442499166, 'elapsedTime': 6044.399999976158}",430173953180,2071419815,POINT (0.3248993297824133 0.471598272615733),,,,,,,,,,,,,,,,,,,,,,,,,,,,,,,,
0,3,17,"{'x': 623.8067131822336, 'y': 509.32613442499166, 'elapsedTime': 6044.399999976158}",430173969847,2071436481,POINT (0.3248993297824133 0.471598272615733),,,,,,,,,,,,,,,,,,,,,,,,,,,,,,,,
0,3,17,"{'x': 623.8067131822336, 'y': 509.32613442499166, 'elapsedTime': 6044.399999976158}",430173986514,2071453148,POINT (0.3248993297824133 0.471598272615733),,,,,,,,,,,,,,,,,,,,,,,,,,,,,,,,
0,3,17,"{'x': 494.25841741096036, 'y': 550.9271070323559, 'elapsedTime': 6133.099999964237}",430174003181,2071469815,POINT (0.2574262590682085 0.5101176916966259),,,,,,,,,,,,,,,,,,,,,,,,,,,,,,,,
0,3,17,"{'x': 494.25841741096036, 'y': 550.9271070323559, 'elapsedTime': 6133.099999964237}",430174019847,2071486481,POINT (0.2574262590682085 0.5101176916966259),,,,,,,,,,,,,,,,,,,,,,,,,,,,,,,,
0,3,17,"{'x': 494.25841741096036, 'y': 550.9271070323559, 'elapsedTime': 6133.099999964237}",430174036514,2071503148,POINT (0.2574262590682085 0.5101176916966259),,,,,,,,,,,,,,,,,,,,,,,,,,,,,,,,
0,3,17,"{'x': 494.25841741096036, 'y': 550.9271070323559, 'elapsedTime': 6133.099999964237}",430174053185,2071519819,POINT (0.2574262590682085 0.5101176916966259),,,,,,,,,,,,,,,,,,,,,,,,,,,,,,,,
0,3,17,"{'x': 472.18103599215914, 'y': 642.8286047834943, 'elapsedTime': 6194}",430174069852,2071536485,POINT (0.2459276229125829 0.5952116710958281),,,,,,,,,,,,,,,,,,,,,,,,,,,,,,,1,
0,3,17,"{'x': 472.18103599215914, 'y': 642.8286047834943, 'elapsedTime': 6194}",430174086519,2071553152,POINT (0.2459276229125829 0.5952116710958281),,,,,,,,,,,,,,,,,,,,,,,,,,,,,,,1,
0,3,17,"{'x': 472.18103599215914, 'y': 642.8286047834943, 'elapsedTime': 6194}",430174103185,2071569819,POINT (0.2459276229125829 0.5952116710958281),,,,,,,,,,,,,,,,,,,,,,,,,,,,,,,1,
0,3,17,"{'x': 604.5892104714679, 'y': 595.6297368475807, 'elapsedTime': 6253.599999964237}",430174119852,2071586485,POINT (0.3148902137872229 0.5515090155996117),,,,,,,,,,,,,,,,,,,,,,,,,,,,,,,1,
0,3,17,"{'x': 604.5892104714679, 'y': 595.6297368475807, 'elapsedTime': 6253.599999964237}",430174136519,2071603152,POINT (0.3148902137872229 0.5515090155996117),,,,,,,,,,,,,,,,,,,,,,,,,,,,,,,1,
0,3,17,"{'x': 604.5892104714679, 'y': 595.6297368475807, 'elapsedTime': 6253.599999964237}",430174153186,2071619819,POINT (0.3148902137872229 0.5515090155996117),,,,,,,,,,,,,,,,,,,,,,,,,,,,,,,1,
0,3,17,"{'x': 604.5892104714679, 'y': 595.6297368475807, 'elapsedTime': 6253.599999964237}",430174169852,2071636485,POINT (0.3148902137872229 0.5515090155996117),,,,,,,,,,,,,,,,,,,,,,,,,,,,,,,1,
0,3,17,"{'x': 610.0773812384411, 'y': 531.8225548901889, 'elapsedTime': 6307.199999988079}",430174186525,2071653157,POINT (0.3177486360616881 0.4924282915649897),,,,,,,,,,,,,,,,,,,,,,,,,,,,,,,,
0,3,17,"{'x': 610.0773812384411, 'y': 531.8225548901889, 'elapsedTime': 6307.199999988079}",430174203191,2071669824,POINT (0.3177486360616881 0.4924282915649897),,,,,,,,,,,,,,,,,,,,,,,,,,,,,,,,
0,3,17,"{'x': 610.0773812384411, 'y': 531.8225548901889, 'elapsedTime': 6307.199999988079}",430174219858,2071686490,POINT (0.3177486360616881 0.4924282915649897),,,,,,,,,,,,,,,,,,,,,,,,,,,,,,,,
0,3,17,"{'x': 587.1271577171133, 'y': 498.17808531138473, 'elapsedTime': 6361.699999988079}",430174236525,2071703157,POINT (0.3057953946443298 0.4612760049179488),,,,,,,,,,,,,,,,,,,,,,,,,,,,,,,,
0,3,17,"{'x': 587.1271577171133, 'y': 498.17808531138473, 'elapsedTime': 6361.699999988079}",430174253192,2071719824,POINT (0.3057953946443298 0.4612760049179488),,,,,,,,,,,,,,,,,,,,,,,,,,,,,,,,
0,3,17,"{'x': 587.1271577171133, 'y': 498.17808531138473, 'elapsedTime': 6361.699999988079}",430174269858,2071736490,POINT (0.3057953946443298 0.4612760049179488),,,,,,,,,,,,,,,,,,,,,,,,,,,,,,,,
0,3,17,"{'x': 691.9374512087729, 'y': 413.3908313173832, 'elapsedTime': 6415.699999988079}",430174286526,2071753157,POINT (0.3603840891712359 0.3827692882568363),,,,,,,,,,,,,,,,,,,,,,,,,,,,,,,,
0,3,17,"{'x': 691.9374512087729, 'y': 413.3908313173832, 'elapsedTime': 6415.699999988079}",430174303192,2071769824,POINT (0.3603840891712359 0.3827692882568363),,,,,,,,,,,,,,,,,,,,,,,,,,,,,,,,
