,pid,stimulus_number,coordinates,current_time,current_time1,geometry,int.1,mysteryOp.1,int.2,x.1,int.3,y.1,int.4,result.1,=.1,0.1,while.1,y.2,>.1,0.2,if.1,y.3,%.1,2.1,!=.1,0.3,result.2,+=.1,x.2,x.3,*.1,=.2,2.2,y.4,/.1,=.3,2.3,-----------.14,return.1,result.3,-----------.15,question,code,choices
0,10,2,"{'x': 749.2672002114546, 'y': 626.9506560560892, 'elapsedTime': 21733.599999904633}",597532934593,2758583745,POINT (0.3902433334434659 0.5805098667186012),,,,,,,,,,,,,,,,,,,,,,,,,,,,,,,,,,,,,1,
0,10,2,"{'x': 749.2672002114546, 'y': 626.9506560560892, 'elapsedTime': 21733.599999904633}",597532951261,2758600412,POINT (0.3902433334434659 0.5805098667186012),,,,,,,,,,,,,,,,,,,,,,,,,,,,,,,,,,,,,1,
0,10,2,"{'x': 780.3553339698057, 'y': 649.9791314886028, 'elapsedTime': 21787.599999904633}",597532967932,2758617083,POINT (0.4064350697759405 0.6018325291561136),,,,,,,,,,,,,,,,,,,,,,,,,,,,,,,,,,,,,1,
0,10,2,"{'x': 780.3553339698057, 'y': 649.9791314886028, 'elapsedTime': 21787.599999904633}",597532984599,2758633749,POINT (0.4064350697759405 0.6018325291561136),,,,,,,,,,,,,,,,,,,,,,,,,,,,,,,,,,,,,1,
0,10,2,"{'x': 780.3553339698057, 'y': 649.9791314886028, 'elapsedTime': 21787.599999904633}",597533001266,2758650416,POINT (0.4064350697759405 0.6018325291561136),,,,,,,,,,,,,,,,,,,,,,,,,,,,,,,,,,,,,1,
0,10,2,"{'x': 780.3553339698057, 'y': 649.9791314886028, 'elapsedTime': 21787.599999904633}",597533017933,2758667082,POINT (0.4064350697759405 0.6018325291561136),,,,,,,,,,,,,,,,,,,,,,,,,,,,,,,,,,,,,1,
0,10,2,"{'x': 780.3553339698057, 'y': 649.9791314886028, 'elapsedTime': 21787.599999904633}",597533034600,2758683749,POINT (0.4064350697759405 0.6018325291561136),,,,,,,,,,,,,,,,,,,,,,,,,,,,,,,,,,,,,1,
0,10,2,"{'x': 780.3553339698057, 'y': 649.9791314886028, 'elapsedTime': 21787.599999904633}",597533051269,2758700416,POINT (0.4064350697759405 0.6018325291561136),,,,,,,,,,,,,,,,,,,,,,,,,,,,,,,,,,,,,1,
0,10,2,"{'x': 780.3553339698057, 'y': 649.9791314886028, 'elapsedTime': 21787.599999904633}",597533067935,2758717082,POINT (0.4064350697759405 0.6018325291561136),,,,,,,,,,,,,,,,,,,,,,,,,,,,,,,,,,,,,1,
0,10,2,"{'x': 780.3553339698057, 'y': 649.9791314886028, 'elapsedTime': 21787.599999904633}",597533084603,2758733749,POINT (0.4064350697759405 0.6018325291561136),,,,,,,,,,,,,,,,,,,,,,,,,,,,,,,,,,,,,1,
0,10,2,"{'x': 780.3553339698057, 'y': 649.9791314886028, 'elapsedTime': 21787.599999904633}",597533101275,2758750421,POINT (0.4064350697759405 0.6018325291561136),,,,,,,,,,,,,,,,,,,,,,,,,,,,,,,,,,,,,1,
0,10,2,"{'x': 780.3553339698057, 'y': 649.9791314886028, 'elapsedTime': 21787.599999904633}",597533117942,2758767087,POINT (0.4064350697759405 0.6018325291561136),,,,,,,,,,,,,,,,,,,,,,,,,,,,,,,,,,,,,1,
0,10,2,"{'x': 780.3553339698057, 'y': 649.9791314886028, 'elapsedTime': 21787.599999904633}",597533134609,2758783754,POINT (0.4064350697759405 0.6018325291561136),,,,,,,,,,,,,,,,,,,,,,,,,,,,,,,,,,,,,1,
0,10,2,"{'x': 780.3553339698057, 'y': 649.9791314886028, 'elapsedTime': 21787.599999904633}",597533151277,2758800421,POINT (0.4064350697759405 0.6018325291561136),,,,,,,,,,,,,,,,,,,,,,,,,,,,,,,,,,,,,1,
0,10,2,"{'x': 780.3553339698057, 'y': 649.9791314886028, 'elapsedTime': 21787.599999904633}",597533167944,2758817088,POINT (0.4064350697759405 0.6018325291561136),,,,,,,,,,,,,,,,,,,,,,,,,,,,,,,,,,,,,1,
0,10,2,"{'x': 780.3553339698057, 'y': 649.9791314886028, 'elapsedTime': 21787.599999904633}",597533184611,2758833754,POINT (0.4064350697759405 0.6018325291561136),,,,,,,,,,,,,,,,,,,,,,,,,,,,,,,,,,,,,1,
0,10,2,"{'x': 780.3553339698057, 'y': 649.9791314886028, 'elapsedTime': 21787.599999904633}",597533201277,2758850420,POINT (0.4064350697759405 0.6018325291561136),,,,,,,,,,,,,,,,,,,,,,,,,,,,,,,,,,,,,1,
0,10,2,"{'x': 780.3553339698057, 'y': 649.9791314886028, 'elapsedTime': 21787.599999904633}",597533217946,2758867088,POINT (0.4064350697759405 0.6018325291561136),,,,,,,,,,,,,,,,,,,,,,,,,,,,,,,,,,,,,1,
0,10,2,"{'x': 780.3553339698057, 'y': 649.9791314886028, 'elapsedTime': 21787.599999904633}",597533234616,2758883758,POINT (0.4064350697759405 0.6018325291561136),,,,,,,,,,,,,,,,,,,,,,,,,,,,,,,,,,,,,1,
0,10,2,"{'x': 780.3553339698057, 'y': 649.9791314886028, 'elapsedTime': 21787.599999904633}",597533251284,2758900425,POINT (0.4064350697759405 0.6018325291561136),,,,,,,,,,,,,,,,,,,,,,,,,,,,,,,,,,,,,1,
0,10,2,"{'x': 780.3553339698057, 'y': 649.9791314886028, 'elapsedTime': 21787.599999904633}",597533267951,2758917092,POINT (0.4064350697759405 0.6018325291561136),,,,,,,,,,,,,,,,,,,,,,,,,,,,,,,,,,,,,1,
0,10,2,"{'x': 780.3553339698057, 'y': 649.9791314886028, 'elapsedTime': 21787.599999904633}",597533284618,2758933758,POINT (0.4064350697759405 0.6018325291561136),,,,,,,,,,,,,,,,,,,,,,,,,,,,,,,,,,,,,1,
0,10,2,"{'x': 780.3553339698057, 'y': 649.9791314886028, 'elapsedTime': 21787.599999904633}",597533301285,2758950425,POINT (0.4064350697759405 0.6018325291561136),,,,,,,,,,,,,,,,,,,,,,,,,,,,,,,,,,,,,1,
0,10,2,"{'x': 780.3553339698057, 'y': 649.9791314886028, 'elapsedTime': 21787.599999904633}",597533317951,2758967091,POINT (0.4064350697759405 0.6018325291561136),,,,,,,,,,,,,,,,,,,,,,,,,,,,,,,,,,,,,1,
0,10,2,"{'x': 780.3553339698057, 'y': 649.9791314886028, 'elapsedTime': 21787.599999904633}",597533334619,2758983758,POINT (0.4064350697759405 0.6018325291561136),,,,,,,,,,,,,,,,,,,,,,,,,,,,,,,,,,,,,1,
0,10,2,"{'x': 780.3553339698057, 'y': 649.9791314886028, 'elapsedTime': 21787.599999904633}",597533351283,2759000422,POINT (0.4064350697759405 0.6018325291561136),,,,,,,,,,,,,,,,,,,,,,,,,,,,,,,,,,,,,1,
0,10,2,"{'x': 780.3553339698057, 'y': 649.9791314886028, 'elapsedTime': 21787.599999904633}",597533367955,2759017093,POINT (0.4064350697759405 0.6018325291561136),,,,,,,,,,,,,,,,,,,,,,,,,,,,,,,,,,,,,1,
0,10,2,"{'x': 780.3553339698057, 'y': 649.9791314886028, 'elapsedTime': 21787.599999904633}",597533384623,2759033760,POINT (0.4064350697759405 0.6018325291561136),,,,,,,,,,,,,,,,,,,,,,,,,,,,,,,,,,,,,1,
0,10,2,"{'x': 780.3553339698057, 'y': 649.9791314886028, 'elapsedTime': 21787.599999904633}",597533401290,2759050426,POINT (0.4064350697759405 0.6018325291561136),,,,,,,,,,,,,,,,,,,,,,,,,,,,,,,,,,,,,1,
0,10,2,"{'x': 780.3553339698057, 'y': 649.9791314886028, 'elapsedTime': 21787.599999904633}",597533417957,2759067093,POINT (0.4064350697759405 0.6018325291561136),,,,,,,,,,,,,,,,,,,,,,,,,,,,,,,,,,,,,1,
0,10,2,"{'x': 780.3553339698057, 'y': 649.9791314886028, 'elapsedTime': 21787.599999904633}",597533434623,2759083758,POINT (0.4064350697759405 0.6018325291561136),,,,,,,,,,,,,,,,,,,,,,,,,,,,,,,,,,,,,1,
0,10,2,"{'x': 780.3553339698057, 'y': 649.9791314886028, 'elapsedTime': 21787.599999904633}",597533451289,2759100424,POINT (0.4064350697759405 0.6018325291561136),,,,,,,,,,,,,,,,,,,,,,,,,,,,,,,,,,,,,1,
0,10,2,"{'x': 780.3553339698057, 'y': 649.9791314886028, 'elapsedTime': 21787.599999904633}",597533467957,2759117091,POINT (0.4064350697759405 0.6018325291561136),,,,,,,,,,,,,,,,,,,,,,,,,,,,,,,,,,,,,1,
0,10,2,"{'x': 780.3553339698057, 'y': 649.9791314886028, 'elapsedTime': 21787.599999904633}",597533484624,2759133758,POINT (0.4064350697759405 0.6018325291561136),,,,,,,,,,,,,,,,,,,,,,,,,,,,,,,,,,,,,1,
0,10,2,"{'x': 780.3553339698057, 'y': 649.9791314886028, 'elapsedTime': 21787.599999904633}",597533501296,2759150429,POINT (0.4064350697759405 0.6018325291561136),,,,,,,,,,,,,,,,,,,,,,,,,,,,,,,,,,,,,1,
0,10,2,"{'x': 780.3553339698057, 'y': 649.9791314886028, 'elapsedTime': 21787.599999904633}",597533517961,2759167094,POINT (0.4064350697759405 0.6018325291561136),,,,,,,,,,,,,,,,,,,,,,,,,,,,,,,,,,,,,1,
0,10,2,"{'x': 780.3553339698057, 'y': 649.9791314886028, 'elapsedTime': 21787.599999904633}",597533534629,2759183761,POINT (0.4064350697759405 0.6018325291561136),,,,,,,,,,,,,,,,,,,,,,,,,,,,,,,,,,,,,1,
0,10,2,"{'x': 780.3553339698057, 'y': 649.9791314886028, 'elapsedTime': 21787.599999904633}",597533551296,2759200428,POINT (0.4064350697759405 0.6018325291561136),,,,,,,,,,,,,,,,,,,,,,,,,,,,,,,,,,,,,1,
0,10,2,"{'x': 780.3553339698057, 'y': 649.9791314886028, 'elapsedTime': 21787.599999904633}",597533567963,2759217094,POINT (0.4064350697759405 0.6018325291561136),,,,,,,,,,,,,,,,,,,,,,,,,,,,,,,,,,,,,1,
0,10,2,"{'x': 780.3553339698057, 'y': 649.9791314886028, 'elapsedTime': 21787.599999904633}",597533584630,2759233761,POINT (0.4064350697759405 0.6018325291561136),,,,,,,,,,,,,,,,,,,,,,,,,,,,,,,,,,,,,1,
0,10,2,"{'x': 780.3553339698057, 'y': 649.9791314886028, 'elapsedTime': 21787.599999904633}",597533601297,2759250427,POINT (0.4064350697759405 0.6018325291561136),,,,,,,,,,,,,,,,,,,,,,,,,,,,,,,,,,,,,1,
0,10,2,"{'x': 780.3553339698057, 'y': 649.9791314886028, 'elapsedTime': 21787.599999904633}",597533617964,2759267094,POINT (0.4064350697759405 0.6018325291561136),,,,,,,,,,,,,,,,,,,,,,,,,,,,,,,,,,,,,1,
0,10,2,"{'x': 780.3553339698057, 'y': 649.9791314886028, 'elapsedTime': 21787.599999904633}",597533634637,2759283766,POINT (0.4064350697759405 0.6018325291561136),,,,,,,,,,,,,,,,,,,,,,,,,,,,,,,,,,,,,1,
0,10,2,"{'x': 780.3553339698057, 'y': 649.9791314886028, 'elapsedTime': 21787.599999904633}",597533651303,2759300432,POINT (0.4064350697759405 0.6018325291561136),,,,,,,,,,,,,,,,,,,,,,,,,,,,,,,,,,,,,1,
0,10,2,"{'x': 780.3553339698057, 'y': 649.9791314886028, 'elapsedTime': 21787.599999904633}",597533667971,2759317099,POINT (0.4064350697759405 0.6018325291561136),,,,,,,,,,,,,,,,,,,,,,,,,,,,,,,,,,,,,1,
0,10,2,"{'x': 780.3553339698057, 'y': 649.9791314886028, 'elapsedTime': 21787.599999904633}",597533684638,2759333766,POINT (0.4064350697759405 0.6018325291561136),,,,,,,,,,,,,,,,,,,,,,,,,,,,,,,,,,,,,1,
0,10,2,"{'x': 780.3553339698057, 'y': 649.9791314886028, 'elapsedTime': 21787.599999904633}",597533701305,2759350432,POINT (0.4064350697759405 0.6018325291561136),,,,,,,,,,,,,,,,,,,,,,,,,,,,,,,,,,,,,1,
0,10,2,"{'x': 780.3553339698057, 'y': 649.9791314886028, 'elapsedTime': 21787.599999904633}",597533717973,2759367099,POINT (0.4064350697759405 0.6018325291561136),,,,,,,,,,,,,,,,,,,,,,,,,,,,,,,,,,,,,1,
0,10,2,"{'x': 780.3553339698057, 'y': 649.9791314886028, 'elapsedTime': 21787.599999904633}",597533734639,2759383765,POINT (0.4064350697759405 0.6018325291561136),,,,,,,,,,,,,,,,,,,,,,,,,,,,,,,,,,,,,1,
0,10,2,"{'x': 780.3553339698057, 'y': 649.9791314886028, 'elapsedTime': 21787.599999904633}",597533751312,2759400437,POINT (0.4064350697759405 0.6018325291561136),,,,,,,,,,,,,,,,,,,,,,,,,,,,,,,,,,,,,1,
0,10,2,"{'x': 780.3553339698057, 'y': 649.9791314886028, 'elapsedTime': 21787.599999904633}",597533767979,2759417104,POINT (0.4064350697759405 0.6018325291561136),,,,,,,,,,,,,,,,,,,,,,,,,,,,,,,,,,,,,1,
0,10,2,"{'x': 780.3553339698057, 'y': 649.9791314886028, 'elapsedTime': 21787.599999904633}",597533784647,2759433771,POINT (0.4064350697759405 0.6018325291561136),,,,,,,,,,,,,,,,,,,,,,,,,,,,,,,,,,,,,1,
0,10,2,"{'x': 780.3553339698057, 'y': 649.9791314886028, 'elapsedTime': 21787.599999904633}",597533801313,2759450437,POINT (0.4064350697759405 0.6018325291561136),,,,,,,,,,,,,,,,,,,,,,,,,,,,,,,,,,,,,1,
0,10,2,"{'x': 780.3553339698057, 'y': 649.9791314886028, 'elapsedTime': 21787.599999904633}",597533817981,2759467104,POINT (0.4064350697759405 0.6018325291561136),,,,,,,,,,,,,,,,,,,,,,,,,,,,,,,,,,,,,1,
0,10,2,"{'x': 780.3553339698057, 'y': 649.9791314886028, 'elapsedTime': 21787.599999904633}",597533834647,2759483770,POINT (0.4064350697759405 0.6018325291561136),,,,,,,,,,,,,,,,,,,,,,,,,,,,,,,,,,,,,1,
0,10,2,"{'x': 780.3553339698057, 'y': 649.9791314886028, 'elapsedTime': 21787.599999904633}",597533851315,2759500437,POINT (0.4064350697759405 0.6018325291561136),,,,,,,,,,,,,,,,,,,,,,,,,,,,,,,,,,,,,1,
0,10,2,"{'x': 780.3553339698057, 'y': 649.9791314886028, 'elapsedTime': 21787.599999904633}",597533867982,2759517104,POINT (0.4064350697759405 0.6018325291561136),,,,,,,,,,,,,,,,,,,,,,,,,,,,,,,,,,,,,1,
0,10,2,"{'x': 780.3553339698057, 'y': 649.9791314886028, 'elapsedTime': 21787.599999904633}",597533884653,2759533774,POINT (0.4064350697759405 0.6018325291561136),,,,,,,,,,,,,,,,,,,,,,,,,,,,,,,,,,,,,1,
0,10,2,"{'x': 780.3553339698057, 'y': 649.9791314886028, 'elapsedTime': 21787.599999904633}",597533901320,2759550441,POINT (0.4064350697759405 0.6018325291561136),,,,,,,,,,,,,,,,,,,,,,,,,,,,,,,,,,,,,1,
0,10,2,"{'x': 780.3553339698057, 'y': 649.9791314886028, 'elapsedTime': 21787.599999904633}",597533917987,2759567107,POINT (0.4064350697759405 0.6018325291561136),,,,,,,,,,,,,,,,,,,,,,,,,,,,,,,,,,,,,1,
0,10,2,"{'x': 780.3553339698057, 'y': 649.9791314886028, 'elapsedTime': 21787.599999904633}",597533934653,2759583773,POINT (0.4064350697759405 0.6018325291561136),,,,,,,,,,,,,,,,,,,,,,,,,,,,,,,,,,,,,1,
0,10,2,"{'x': 780.3553339698057, 'y': 649.9791314886028, 'elapsedTime': 21787.599999904633}",597533951322,2759600441,POINT (0.4064350697759405 0.6018325291561136),,,,,,,,,,,,,,,,,,,,,,,,,,,,,,,,,,,,,1,
0,10,2,"{'x': 780.3553339698057, 'y': 649.9791314886028, 'elapsedTime': 21787.599999904633}",597533967988,2759617107,POINT (0.4064350697759405 0.6018325291561136),,,,,,,,,,,,,,,,,,,,,,,,,,,,,,,,,,,,,1,
0,10,2,"{'x': 780.3553339698057, 'y': 649.9791314886028, 'elapsedTime': 21787.599999904633}",597533984655,2759633773,POINT (0.4064350697759405 0.6018325291561136),,,,,,,,,,,,,,,,,,,,,,,,,,,,,,,,,,,,,1,
0,10,2,"{'x': 780.3553339698057, 'y': 649.9791314886028, 'elapsedTime': 21787.599999904633}",597534001322,2759650440,POINT (0.4064350697759405 0.6018325291561136),,,,,,,,,,,,,,,,,,,,,,,,,,,,,,,,,,,,,1,
0,10,2,"{'x': 780.3553339698057, 'y': 649.9791314886028, 'elapsedTime': 21787.599999904633}",597534017995,2759667112,POINT (0.4064350697759405 0.6018325291561136),,,,,,,,,,,,,,,,,,,,,,,,,,,,,,,,,,,,,1,
0,10,2,"{'x': 780.3553339698057, 'y': 649.9791314886028, 'elapsedTime': 21787.599999904633}",597534034661,2759683778,POINT (0.4064350697759405 0.6018325291561136),,,,,,,,,,,,,,,,,,,,,,,,,,,,,,,,,,,,,1,
0,10,2,"{'x': 780.3553339698057, 'y': 649.9791314886028, 'elapsedTime': 21787.599999904633}",597534051330,2759700445,POINT (0.4064350697759405 0.6018325291561136),,,,,,,,,,,,,,,,,,,,,,,,,,,,,,,,,,,,,1,
0,10,2,"{'x': 780.3553339698057, 'y': 649.9791314886028, 'elapsedTime': 21787.599999904633}",597534067997,2759717112,POINT (0.4064350697759405 0.6018325291561136),,,,,,,,,,,,,,,,,,,,,,,,,,,,,,,,,,,,,1,
0,10,2,"{'x': 780.3553339698057, 'y': 649.9791314886028, 'elapsedTime': 21787.599999904633}",597534084664,2759733778,POINT (0.4064350697759405 0.6018325291561136),,,,,,,,,,,,,,,,,,,,,,,,,,,,,,,,,,,,,1,
0,10,2,"{'x': 780.3553339698057, 'y': 649.9791314886028, 'elapsedTime': 21787.599999904633}",597534101331,2759750445,POINT (0.4064350697759405 0.6018325291561136),,,,,,,,,,,,,,,,,,,,,,,,,,,,,,,,,,,,,1,
0,10,2,"{'x': 780.3553339698057, 'y': 649.9791314886028, 'elapsedTime': 21787.599999904633}",597534117998,2759767112,POINT (0.4064350697759405 0.6018325291561136),,,,,,,,,,,,,,,,,,,,,,,,,,,,,,,,,,,,,1,
0,10,2,"{'x': 780.3553339698057, 'y': 649.9791314886028, 'elapsedTime': 21787.599999904633}",597534134665,2759783778,POINT (0.4064350697759405 0.6018325291561136),,,,,,,,,,,,,,,,,,,,,,,,,,,,,,,,,,,,,1,
0,10,2,"{'x': 780.3553339698057, 'y': 649.9791314886028, 'elapsedTime': 21787.599999904633}",597534151335,2759800448,POINT (0.4064350697759405 0.6018325291561136),,,,,,,,,,,,,,,,,,,,,,,,,,,,,,,,,,,,,1,
0,10,2,"{'x': 780.3553339698057, 'y': 649.9791314886028, 'elapsedTime': 21787.599999904633}",597534168003,2759817115,POINT (0.4064350697759405 0.6018325291561136),,,,,,,,,,,,,,,,,,,,,,,,,,,,,,,,,,,,,1,
0,10,2,"{'x': 780.3553339698057, 'y': 649.9791314886028, 'elapsedTime': 21787.599999904633}",597534184669,2759833781,POINT (0.4064350697759405 0.6018325291561136),,,,,,,,,,,,,,,,,,,,,,,,,,,,,,,,,,,,,1,
0,10,2,"{'x': 780.3553339698057, 'y': 649.9791314886028, 'elapsedTime': 21787.599999904633}",597534201337,2759850448,POINT (0.4064350697759405 0.6018325291561136),,,,,,,,,,,,,,,,,,,,,,,,,,,,,,,,,,,,,1,
0,10,2,"{'x': 780.3553339698057, 'y': 649.9791314886028, 'elapsedTime': 21787.599999904633}",597534218002,2759867113,POINT (0.4064350697759405 0.6018325291561136),,,,,,,,,,,,,,,,,,,,,,,,,,,,,,,,,,,,,1,
0,10,2,"{'x': 780.3553339698057, 'y': 649.9791314886028, 'elapsedTime': 21787.599999904633}",597534234669,2759883779,POINT (0.4064350697759405 0.6018325291561136),,,,,,,,,,,,,,,,,,,,,,,,,,,,,,,,,,,,,1,
0,10,2,"{'x': 780.3553339698057, 'y': 649.9791314886028, 'elapsedTime': 21787.599999904633}",597534251336,2759900446,POINT (0.4064350697759405 0.6018325291561136),,,,,,,,,,,,,,,,,,,,,,,,,,,,,,,,,,,,,1,
0,10,2,"{'x': 780.3553339698057, 'y': 649.9791314886028, 'elapsedTime': 21787.599999904633}",597534268005,2759917114,POINT (0.4064350697759405 0.6018325291561136),,,,,,,,,,,,,,,,,,,,,,,,,,,,,,,,,,,,,1,
0,10,2,"{'x': 780.3553339698057, 'y': 649.9791314886028, 'elapsedTime': 21787.599999904633}",597534284678,2759933787,POINT (0.4064350697759405 0.6018325291561136),,,,,,,,,,,,,,,,,,,,,,,,,,,,,,,,,,,,,1,
0,10,2,"{'x': 780.3553339698057, 'y': 649.9791314886028, 'elapsedTime': 21787.599999904633}",597534301346,2759950454,POINT (0.4064350697759405 0.6018325291561136),,,,,,,,,,,,,,,,,,,,,,,,,,,,,,,,,,,,,1,
0,10,2,"{'x': 780.3553339698057, 'y': 649.9791314886028, 'elapsedTime': 21787.599999904633}",597534318010,2759967118,POINT (0.4064350697759405 0.6018325291561136),,,,,,,,,,,,,,,,,,,,,,,,,,,,,,,,,,,,,1,
0,10,2,"{'x': 780.3553339698057, 'y': 649.9791314886028, 'elapsedTime': 21787.599999904633}",597534334680,2759983787,POINT (0.4064350697759405 0.6018325291561136),,,,,,,,,,,,,,,,,,,,,,,,,,,,,,,,,,,,,1,
0,10,2,"{'x': 500.1950613713498, 'y': 499.4887677245392, 'elapsedTime': 18.600000023841858}",597534351347,2760000454,POINT (0.2605182611309114 0.4624895997449437),,,,,,,,,,,,,,,,,,,,,,,,,,,,,,,,,,,,,,
0,10,2,"{'x': 500.1950613713498, 'y': 499.4887677245392, 'elapsedTime': 18.600000023841858}",597534368015,2760017121,POINT (0.2605182611309114 0.4624895997449437),,,,,,,,,,,,,,,,,,,,,,,,,,,,,,,,,,,,,,
0,10,2,"{'x': 500.1950613713498, 'y': 499.4887677245392, 'elapsedTime': 18.600000023841858}",597534384681,2760033787,POINT (0.2605182611309114 0.4624895997449437),,,,,,,,,,,,,,,,,,,,,,,,,,,,,,,,,,,,,,
0,10,2,"{'x': 500.1950613713498, 'y': 499.4887677245392, 'elapsedTime': 18.600000023841858}",597534401349,2760050454,POINT (0.2605182611309114 0.4624895997449437),,,,,,,,,,,,,,,,,,,,,,,,,,,,,,,,,,,,,,
0,10,2,"{'x': 501.1043736692396, 'y': 496.4085778520442, 'elapsedTime': 535.8000000715256}",597534418020,2760067125,POINT (0.2609918612860623 0.4596375720852261),,,,,,,,,,,,,,,,,,,,,,,,,,,,,,,,,,,,,,
0,10,2,"{'x': 501.1043736692396, 'y': 496.4085778520442, 'elapsedTime': 535.8000000715256}",597534434688,2760083792,POINT (0.2609918612860623 0.4596375720852261),,,,,,,,,,,,,,,,,,,,,,,,,,,,,,,,,,,,,,
0,10,2,"{'x': 501.1043736692396, 'y': 496.4085778520442, 'elapsedTime': 535.8000000715256}",597534451355,2760100459,POINT (0.2609918612860623 0.4596375720852261),,,,,,,,,,,,,,,,,,,,,,,,,,,,,,,,,,,,,,
0,10,2,"{'x': 501.1043736692396, 'y': 496.4085778520442, 'elapsedTime': 535.8000000715256}",597534468022,2760117125,POINT (0.2609918612860623 0.4596375720852261),,,,,,,,,,,,,,,,,,,,,,,,,,,,,,,,,,,,,,
0,10,2,"{'x': 507.66259305464007, 'y': 488.48687614757574, 'elapsedTime': 610.2000000476837}",597534484689,2760133792,POINT (0.2644076005492917 0.4523026630996072),,,,,,,,,,,,,,,,,,,,,,,,,,,,,,,,,,,,,,
0,10,2,"{'x': 507.66259305464007, 'y': 488.48687614757574, 'elapsedTime': 610.2000000476837}",597534501357,2760150459,POINT (0.2644076005492917 0.4523026630996072),,,,,,,,,,,,,,,,,,,,,,,,,,,,,,,,,,,,,,
0,10,2,"{'x': 507.66259305464007, 'y': 488.48687614757574, 'elapsedTime': 610.2000000476837}",597534518023,2760167125,POINT (0.2644076005492917 0.4523026630996072),,,,,,,,,,,,,,,,,,,,,,,,,,,,,,,,,,,,,,
0,10,2,"{'x': 525.8246692369113, 'y': 473.09687956107894, 'elapsedTime': 668.2000000476837}",597534534690,2760183792,POINT (0.273867015227558 0.4380526662602583),,,,,,,,,,,,,,,,,,,,,,,,,,,,,,,,,,,,,,
0,10,2,"{'x': 525.8246692369113, 'y': 473.09687956107894, 'elapsedTime': 668.2000000476837}",597534551363,2760200464,POINT (0.273867015227558 0.4380526662602583),,,,,,,,,,,,,,,,,,,,,,,,,,,,,,,,,,,,,,
0,10,2,"{'x': 525.8246692369113, 'y': 473.09687956107894, 'elapsedTime': 668.2000000476837}",597534568029,2760217130,POINT (0.273867015227558 0.4380526662602583),,,,,,,,,,,,,,,,,,,,,,,,,,,,,,,,,,,,,,
0,10,2,"{'x': 548.3543470576269, 'y': 455.6693449852742, 'elapsedTime': 722}",597534584697,2760233797,POINT (0.2856012224258474 0.4219160601715502),,,,,,,,,,,,,,,,,,,,,,,,,,,,,,,,,,,,,,
0,10,2,"{'x': 548.3543470576269, 'y': 455.6693449852742, 'elapsedTime': 722}",597534601364,2760250464,POINT (0.2856012224258474 0.4219160601715502),,,,,,,,,,,,,,,,,,,,,,,,,,,,,,,,,,,,,,
0,10,2,"{'x': 548.3543470576269, 'y': 455.6693449852742, 'elapsedTime': 722}",597534618031,2760267130,POINT (0.2856012224258474 0.4219160601715502),,,,,,,,,,,,,,,,,,,,,,,,,,,,,,,,,,,,,,
0,10,2,"{'x': 582.4911976902181, 'y': 426.8201309079927, 'elapsedTime': 773}",597534634698,2760283797,POINT (0.3033808321303219 0.395203824914808),,,,,,,,,,,,,,,,,,,,,,,,,,,,,,,,,,,,,,
0,10,2,"{'x': 582.4911976902181, 'y': 426.8201309079927, 'elapsedTime': 773}",597534651367,2760300465,POINT (0.3033808321303219 0.395203824914808),,,,,,,,,,,,,,,,,,,,,,,,,,,,,,,,,,,,,,
0,10,2,"{'x': 582.4911976902181, 'y': 426.8201309079927, 'elapsedTime': 773}",597534668037,2760317135,POINT (0.3033808321303219 0.395203824914808),,,,,,,,,,,,,,,,,,,,,,,,,,,,,,,,,,,,,,
0,10,2,"{'x': 582.4911976902181, 'y': 426.8201309079927, 'elapsedTime': 773}",597534684705,2760333802,POINT (0.3033808321303219 0.395203824914808),,,,,,,,,,,,,,,,,,,,,,,,,,,,,,,,,,,,,,
0,10,2,"{'x': 615.2429050627055, 'y': 388.53691033891687, 'elapsedTime': 831.8000000715256}",597534701372,2760350469,POINT (0.3204390130534925 0.3597563984619601),,,,,,,,,,,,,,,,,,,,,,,,,,,,,,,,,,,,,,
0,10,2,"{'x': 615.2429050627055, 'y': 388.53691033891687, 'elapsedTime': 831.8000000715256}",597534718039,2760367135,POINT (0.3204390130534925 0.3597563984619601),,,,,,,,,,,,,,,,,,,,,,,,,,,,,,,,,,,,,,
0,10,2,"{'x': 615.2429050627055, 'y': 388.53691033891687, 'elapsedTime': 831.8000000715256}",597534734706,2760383802,POINT (0.3204390130534925 0.3597563984619601),,,,,,,,,,,,,,,,,,,,,,,,,,,,,,,,,,,,,,
0,10,2,"{'x': 615.2429050627055, 'y': 388.53691033891687, 'elapsedTime': 831.8000000715256}",597534751374,2760400469,POINT (0.3204390130534925 0.3597563984619601),,,,,,,,,,,,,,,,,,,,,,,,,,,,,,,,,,,,,,
0,10,2,"{'x': 653.5285456913755, 'y': 308.7270553608016, 'elapsedTime': 900.1000000238419}",597534768040,2760417135,POINT (0.3403794508809248 0.2858583845933348),,,,,,,,,,,,,,,,,,,,,,,,,,,,,,,,,,,,1,1,
0,10,2,"{'x': 653.5285456913755, 'y': 308.7270553608016, 'elapsedTime': 900.1000000238419}",597534784708,2760433802,POINT (0.3403794508809248 0.2858583845933348),,,,,,,,,,,,,,,,,,,,,,,,,,,,,,,,,,,,1,1,
0,10,2,"{'x': 653.5285456913755, 'y': 308.7270553608016, 'elapsedTime': 900.1000000238419}",597534801379,2760450473,POINT (0.3403794508809248 0.2858583845933348),,,,,,,,,,,,,,,,,,,,,,,,,,,,,,,,,,,,1,1,
0,10,2,"{'x': 682.6363836022554, 'y': 238.51239607944314, 'elapsedTime': 953.6000000238419}",597534818046,2760467139,POINT (0.3555397831261747 0.2208448111846696),,,,,,,,,,,,,,,,,,,,,,,,,,,,,,,,,,,,,1,
0,10,2,"{'x': 682.6363836022554, 'y': 238.51239607944314, 'elapsedTime': 953.6000000238419}",597534834713,2760483806,POINT (0.3555397831261747 0.2208448111846696),,,,,,,,,,,,,,,,,,,,,,,,,,,,,,,,,,,,,1,
0,10,2,"{'x': 682.6363836022554, 'y': 238.51239607944314, 'elapsedTime': 953.6000000238419}",597534851380,2760500472,POINT (0.3555397831261747 0.2208448111846696),,,,,,,,,,,,,,,,,,,,,,,,,,,,,,,,,,,,,1,
0,10,2,"{'x': 682.6363836022554, 'y': 238.51239607944314, 'elapsedTime': 953.6000000238419}",597534868047,2760517139,POINT (0.3555397831261747 0.2208448111846696),,,,,,,,,,,,,,,,,,,,,,,,,,,,,,,,,,,,,1,
0,10,2,"{'x': 689.4746526453799, 'y': 182.84493232553106, 'elapsedTime': 1003.8999999761581}",597534884715,2760533806,POINT (0.3591013815861354 0.1693008632643806),,,,,,,,,,,,,,,,,,,,,,,,,,,,,,,,,,,,1,,
0,10,2,"{'x': 689.4746526453799, 'y': 182.84493232553106, 'elapsedTime': 1003.8999999761581}",597534901384,2760550475,POINT (0.3591013815861354 0.1693008632643806),,,,,,,,,,,,,,,,,,,,,,,,,,,,,,,,,,,,1,,
0,10,2,"{'x': 716.020772487474, 'y': 200.96216982683796, 'elapsedTime': 1051.6000000238419}",597534918051,2760567141,POINT (0.3729274856705594 0.1860760831729981),,,,,,,,,,,,,,,,,,,,,,,,,,,,,,,,,,,,1,,
0,10,2,"{'x': 716.020772487474, 'y': 200.96216982683796, 'elapsedTime': 1051.6000000238419}",597534934723,2760583813,POINT (0.3729274856705594 0.1860760831729981),,,,,,,,,,,,,,,,,,,,,,,,,,,,,,,,,,,,1,,
0,10,2,"{'x': 716.020772487474, 'y': 200.96216982683796, 'elapsedTime': 1051.6000000238419}",597534951389,2760600479,POINT (0.3729274856705594 0.1860760831729981),,,,,,,,,,,,,,,,,,,,,,,,,,,,,,,,,,,,1,,
0,10,2,"{'x': 741.4636940007152, 'y': 225.5421157041617, 'elapsedTime': 1099.5}",597534968057,2760617146,POINT (0.3861790072920392 0.2088352923186682),,,,,,,,,,,,,,,,,,,,,,,,,,,,,,,,,,,,,,
0,10,2,"{'x': 741.4636940007152, 'y': 225.5421157041617, 'elapsedTime': 1099.5}",597534984724,2760633813,POINT (0.3861790072920392 0.2088352923186682),,,,,,,,,,,,,,,,,,,,,,,,,,,,,,,,,,,,,,
0,10,2,"{'x': 779.9060345362572, 'y': 191.3784321752927, 'elapsedTime': 1145.7000000476837}",597535001391,2760650479,POINT (0.4062010596543006 0.1772022520141599),,,,,,,,,,,,,,,,,,,,,,,,,,,,,,,,,,,,1,,
0,10,2,"{'x': 779.9060345362572, 'y': 191.3784321752927, 'elapsedTime': 1145.7000000476837}",597535018058,2760667146,POINT (0.4062010596543006 0.1772022520141599),,,,,,,,,,,,,,,,,,,,,,,,,,,,,,,,,,,,1,,
0,10,2,"{'x': 779.9060345362572, 'y': 191.3784321752927, 'elapsedTime': 1145.7000000476837}",597535034726,2760683813,POINT (0.4062010596543006 0.1772022520141599),,,,,,,,,,,,,,,,,,,,,,,,,,,,,,,,,,,,1,,
0,10,2,"{'x': 807.5945424116934, 'y': 194.67871864390554, 'elapsedTime': 1192.2000000476837}",597535051392,2760700479,POINT (0.4206221575060903 0.1802580728184311),,,,,,,,,,,1,,,,,,,,,,,,,,,,,,,,,,,,,1,,
0,10,2,"{'x': 807.5945424116934, 'y': 194.67871864390554, 'elapsedTime': 1192.2000000476837}",597535068066,2760717152,POINT (0.4206221575060903 0.1802580728184311),,,,,,,,,,,1,,,,,,,,,,,,,,,,,,,,,,,,,1,,
0,10,2,"{'x': 807.5945424116934, 'y': 194.67871864390554, 'elapsedTime': 1192.2000000476837}",597535084733,2760733819,POINT (0.4206221575060903 0.1802580728184311),,,,,,,,,,,1,,,,,,,,,,,,,,,,,,,,,,,,,1,,
0,10,2,"{'x': 835.8307100386554, 'y': 182.01900956252595, 'elapsedTime': 1240.7000000476837}",597535101402,2760750487,POINT (0.4353284948117997 0.1685361199653018),,,,,,,,,,,,,,,,,,,,,,,,,,,,,,,,,,,,1,,
0,10,2,"{'x': 835.8307100386554, 'y': 182.01900956252595, 'elapsedTime': 1240.7000000476837}",597535118067,2760767152,POINT (0.4353284948117997 0.1685361199653018),,,,,,,,,,,,,,,,,,,,,,,,,,,,,,,,,,,,1,,
0,10,2,"{'x': 835.8307100386554, 'y': 182.01900956252595, 'elapsedTime': 1240.7000000476837}",597535134737,2760783821,POINT (0.4353284948117997 0.1685361199653018),,,,,,,,,,,,,,,,,,,,,,,,,,,,,,,,,,,,1,,
0,10,2,"{'x': 810.1115994972965, 'y': 222.51862235532698, 'elapsedTime': 1286.6000000238419}",597535151403,2760800487,POINT (0.4219331247381753 0.2060357614401176),,,,,,,,,,,,,,,,,,,,,,,,,,,,,,,,,,,,,,
0,10,2,"{'x': 810.1115994972965, 'y': 222.51862235532698, 'elapsedTime': 1286.6000000238419}",597535168071,2760817154,POINT (0.4219331247381753 0.2060357614401176),,,,,,,,,,,,,,,,,,,,,,,,,,,,,,,,,,,,,,
0,10,2,"{'x': 810.1115994972965, 'y': 222.51862235532698, 'elapsedTime': 1286.6000000238419}",597535184738,2760833821,POINT (0.4219331247381753 0.2060357614401176),,,,,,,,,,,,,,,,,,,,,,,,,,,,,,,,,,,,,,
0,10,2,"{'x': 782.674731547685, 'y': 210.51487433904438, 'elapsedTime': 1344.3999999761581}",597535201408,2760850490,POINT (0.4076430893477526 0.1949211799435596),,,,,,,,,,,,,,,,,,,,,,,,,,,,,,,,,,,,,,
0,10,2,"{'x': 782.674731547685, 'y': 210.51487433904438, 'elapsedTime': 1344.3999999761581}",597535218075,2760867157,POINT (0.4076430893477526 0.1949211799435596),,,,,,,,,,,,,,,,,,,,,,,,,,,,,,,,,,,,,,
0,10,2,"{'x': 782.674731547685, 'y': 210.51487433904438, 'elapsedTime': 1344.3999999761581}",597535234743,2760883824,POINT (0.4076430893477526 0.1949211799435596),,,,,,,,,,,,,,,,,,,,,,,,,,,,,,,,,,,,,,
0,10,2,"{'x': 782.674731547685, 'y': 210.51487433904438, 'elapsedTime': 1344.3999999761581}",597535251409,2760900490,POINT (0.4076430893477526 0.1949211799435596),,,,,,,,,,,,,,,,,,,,,,,,,,,,,,,,,,,,,,
0,10,2,"{'x': 782.674731547685, 'y': 210.51487433904438, 'elapsedTime': 1344.3999999761581}",597535268077,2760917157,POINT (0.4076430893477526 0.1949211799435596),,,,,,,,,,,,,,,,,,,,,,,,,,,,,,,,,,,,,,
0,10,2,"{'x': 795.628329752268, 'y': 287.65981708926165, 'elapsedTime': 1387}",597535284744,2760933824,POINT (0.4143897550793062 0.2663516824900571),,,,,,,,,,,,,,,,,,,,,,,,,,,,,,,,,,,,1,1,
0,10,2,"{'x': 795.628329752268, 'y': 287.65981708926165, 'elapsedTime': 1387}",597535301411,2760950490,POINT (0.4143897550793062 0.2663516824900571),,,,,,,,,,,,,,,,,,,,,,,,,,,,,,,,,,,,1,1,
0,10,2,"{'x': 795.628329752268, 'y': 287.65981708926165, 'elapsedTime': 1387}",597535318078,2760967157,POINT (0.4143897550793062 0.2663516824900571),,,,,,,,,,,,,,,,,,,,,,,,,,,,,,,,,,,,1,1,
0,10,2,"{'x': 768.9315424842846, 'y': 290.68531935035577, 'elapsedTime': 1461.3999999761581}",597535334748,2760983826,POINT (0.4004851783772316 0.2691530734725516),,,,,,,,,,,,,,,,,,,,,,,,,,,,,,,,,,,,1,1,
0,10,2,"{'x': 768.9315424842846, 'y': 290.68531935035577, 'elapsedTime': 1461.3999999761581}",597535351414,2761000492,POINT (0.4004851783772316 0.2691530734725516),,,,,,,,,,,,,,,,,,,,,,,,,,,,,,,,,,,,1,1,
0,10,2,"{'x': 768.9315424842846, 'y': 290.68531935035577, 'elapsedTime': 1461.3999999761581}",597535368081,2761017159,POINT (0.4004851783772316 0.2691530734725516),,,,,,,,,,,,,,,,,,,,,,,,,,,,,,,,,,,,1,1,
0,10,2,"{'x': 732.3507274383134, 'y': 324.858513573576, 'elapsedTime': 1521.3000000715256}",597535384748,2761033825,POINT (0.3814326705407882 0.3007949199755333),,,,,,,,,,,,,,,,,,,,,,,,,,,,,,,,,,,,,1,
0,10,2,"{'x': 732.3507274383134, 'y': 324.858513573576, 'elapsedTime': 1521.3000000715256}",597535401415,2761050492,POINT (0.3814326705407882 0.3007949199755333),,,,,,,,,,,,,,,,,,,,,,,,,,,,,,,,,,,,,1,
0,10,2,"{'x': 732.3507274383134, 'y': 324.858513573576, 'elapsedTime': 1521.3000000715256}",597535418083,2761067159,POINT (0.3814326705407882 0.3007949199755333),,,,,,,,,,,,,,,,,,,,,,,,,,,,,,,,,,,,,1,
0,10,2,"{'x': 698.8523480674112, 'y': 312.2834978574144, 'elapsedTime': 1565.1000000238419}",597535434749,2761083825,POINT (0.3639855979517766 0.2891513869050133),,,,,,,,,,,,,,,,,,,,,,,,,,,,,,,,,,,,1,1,
0,10,2,"{'x': 698.8523480674112, 'y': 312.2834978574144, 'elapsedTime': 1565.1000000238419}",597535451417,2761100492,POINT (0.3639855979517766 0.2891513869050133),,,,,,,,,,,,,,,,,,,,,,,,,,,,,,,,,,,,1,1,
0,10,2,"{'x': 688.2136686285388, 'y': 370.8954527305094, 'elapsedTime': 1614.5}",597535468092,2761117167,POINT (0.358444619077364 0.3434217154912124),,,,,,,,,,,,,,,,,,,,,,,,,,,,,,,,,,,,,,
0,10,2,"{'x': 688.2136686285388, 'y': 370.8954527305094, 'elapsedTime': 1614.5}",597535484759,2761133833,POINT (0.358444619077364 0.3434217154912124),,,,,,,,,,,,,,,,,,,,,,,,,,,,,,,,,,,,,,
0,10,2,"{'x': 688.2136686285388, 'y': 370.8954527305094, 'elapsedTime': 1614.5}",597535501428,2761150502,POINT (0.358444619077364 0.3434217154912124),,,,,,,,,,,,,,,,,,,,,,,,,,,,,,,,,,,,,,
0,10,2,"{'x': 673.75072052018, 'y': 381.9125015770169, 'elapsedTime': 1657.8000000715256}",597535518094,2761167167,POINT (0.3509118336042604 0.353622686645386),,,,,,,,,,,,,,,,,,,,,,,,,,,,,,,,,,,,,,
0,10,2,"{'x': 673.75072052018, 'y': 381.9125015770169, 'elapsedTime': 1657.8000000715256}",597535534760,2761183833,POINT (0.3509118336042604 0.353622686645386),,,,,,,,,,,,,,,,,,,,,,,,,,,,,,,,,,,,,,
0,10,2,"{'x': 673.75072052018, 'y': 381.9125015770169, 'elapsedTime': 1657.8000000715256}",597535551428,2761200500,POINT (0.3509118336042604 0.353622686645386),,,,,,,,,,,,,,,,,,,,,,,,,,,,,,,,,,,,,,
0,10,2,"{'x': 673.75072052018, 'y': 381.9125015770169, 'elapsedTime': 1657.8000000715256}",597535568095,2761217167,POINT (0.3509118336042604 0.353622686645386),,,,,,,,,,,,,,,,,,,,,,,,,,,,,,,,,,,,,,
0,10,2,"{'x': 688.4385435827087, 'y': 441.77628703010566, 'elapsedTime': 1712.2000000476837}",597535584762,2761233833,POINT (0.3585617414493274 0.4090521176204682),,,,,,,,,,,,,,,,,,,,,,,,,,,,,,,,,,,,,,
0,10,2,"{'x': 688.4385435827087, 'y': 441.77628703010566, 'elapsedTime': 1712.2000000476837}",597535601432,2761250503,POINT (0.3585617414493274 0.4090521176204682),,,,,,,,,,,,,,,,,,,,,,,,,,,,,,,,,,,,,,
0,10,2,"{'x': 688.4385435827087, 'y': 441.77628703010566, 'elapsedTime': 1712.2000000476837}",597535618100,2761267170,POINT (0.3585617414493274 0.4090521176204682),,,,,,,,,,,,,,,,,,,,,,,,,,,,,,,,,,,,,,
0,10,2,"{'x': 696.3081798244568, 'y': 389.10428080506307, 'elapsedTime': 1762.1000000238419}",597535634766,2761283836,POINT (0.3626605103252379 0.3602817414861695),,,,,,,,,,,,,,,,,,,,,,,,,,,,,,,,,,,,,,
0,10,2,"{'x': 696.3081798244568, 'y': 389.10428080506307, 'elapsedTime': 1762.1000000238419}",597535651434,2761300503,POINT (0.3626605103252379 0.3602817414861695),,,,,,,,,,,,,,,,,,,,,,,,,,,,,,,,,,,,,,
0,10,2,"{'x': 696.3081798244568, 'y': 389.10428080506307, 'elapsedTime': 1762.1000000238419}",597535668101,2761317170,POINT (0.3626605103252379 0.3602817414861695),,,,,,,,,,,,,,,,,,,,,,,,,,,,,,,,,,,,,,
0,10,2,"{'x': 686.7466192032396, 'y': 401.6151865514347, 'elapsedTime': 1813.3999999761581}",597535684768,2761333836,POINT (0.3576805308350206 0.3718659134735506),,,,,,,,,,,,,,,,,,,,,,,,,,,,,,,,,,,,,,
0,10,2,"{'x': 686.7466192032396, 'y': 401.6151865514347, 'elapsedTime': 1813.3999999761581}",597535701435,2761350503,POINT (0.3576805308350206 0.3718659134735506),,,,,,,,,,,,,,,,,,,,,,,,,,,,,,,,,,,,,,
0,10,2,"{'x': 662.6515215089605, 'y': 409.4792331866698, 'elapsedTime': 1859.7000000476837}",597535718109,2761367176,POINT (0.3451310007859169 0.3791474381358054),,,,,,,,,,,,,,,,,,,,,,,,,,,,,,,,,,,,,,
0,10,2,"{'x': 662.6515215089605, 'y': 409.4792331866698, 'elapsedTime': 1859.7000000476837}",597535734775,2761383842,POINT (0.3451310007859169 0.3791474381358054),,,,,,,,,,,,,,,,,,,,,,,,,,,,,,,,,,,,,,
0,10,2,"{'x': 662.6515215089605, 'y': 409.4792331866698, 'elapsedTime': 1859.7000000476837}",597535751443,2761400509,POINT (0.3451310007859169 0.3791474381358054),,,,,,,,,,,,,,,,,,,,,,,,,,,,,,,,,,,,,,
0,10,2,"{'x': 662.1394591351215, 'y': 410.44082749633924, 'elapsedTime': 1906.8999999761581}",597535768110,2761417176,POINT (0.3448643016328757 0.3800378032373512),,,,,,,,,,,,,,,,,,,,,,,,,,,,,,,,,,,,,,
0,10,2,"{'x': 662.1394591351215, 'y': 410.44082749633924, 'elapsedTime': 1906.8999999761581}",597535784776,2761433842,POINT (0.3448643016328757 0.3800378032373512),,,,,,,,,,,,,,,,,,,,,,,,,,,,,,,,,,,,,,
0,10,2,"{'x': 662.1394591351215, 'y': 410.44082749633924, 'elapsedTime': 1906.8999999761581}",597535801444,2761450509,POINT (0.3448643016328757 0.3800378032373512),,,,,,,,,,,,,,,,,,,,,,,,,,,,,,,,,,,,,,
0,10,2,"{'x': 652.4902259763268, 'y': 374.15755011969077, 'elapsedTime': 1959.3999999761581}",597535818111,2761467176,POINT (0.3398386593626702 0.3464421760367507),,,,,,,,,,,,,,,,,,,,,,,,,,,,,,,,,,,,,,
0,10,2,"{'x': 652.4902259763268, 'y': 374.15755011969077, 'elapsedTime': 1959.3999999761581}",597535834778,2761483842,POINT (0.3398386593626702 0.3464421760367507),,,,,,,,,,,,,,,,,,,,,,,,,,,,,,,,,,,,,,
0,10,2,"{'x': 652.4902259763268, 'y': 374.15755011969077, 'elapsedTime': 1959.3999999761581}",597535851449,2761500513,POINT (0.3398386593626702 0.3464421760367507),,,,,,,,,,,,,,,,,,,,,,,,,,,,,,,,,,,,,,
0,10,2,"{'x': 652.4902259763268, 'y': 374.15755011969077, 'elapsedTime': 1959.3999999761581}",597535868116,2761517179,POINT (0.3398386593626702 0.3464421760367507),,,,,,,,,,,,,,,,,,,,,,,,,,,,,,,,,,,,,,
0,10,2,"{'x': 658.2542122434335, 'y': 365.4650285431703, 'elapsedTime': 2010.3999999761581}",597535884783,2761533846,POINT (0.342840735543455 0.3383935449473799),,,,,,,,,,,,,,,,,,,,,,,,,,,,,,,,,,,,,,
0,10,2,"{'x': 658.2542122434335, 'y': 365.4650285431703, 'elapsedTime': 2010.3999999761581}",597535901451,2761550513,POINT (0.342840735543455 0.3383935449473799),,,,,,,,,,,,,,,,,,,,,,,,,,,,,,,,,,,,,,
0,10,2,"{'x': 658.2542122434335, 'y': 365.4650285431703, 'elapsedTime': 2010.3999999761581}",597535918117,2761567179,POINT (0.342840735543455 0.3383935449473799),,,,,,,,,,,,,,,,,,,,,,,,,,,,,,,,,,,,,,
0,10,2,"{'x': 658.3531935842191, 'y': 390.40703811440716, 'elapsedTime': 2066.100000023842}",597535934785,2761583846,POINT (0.3428922883251141 0.3614879982540807),,,,,,,,,,,,,,,,,,,,,,,,,,,,,,,,,,,,,,
0,10,2,"{'x': 658.3531935842191, 'y': 390.40703811440716, 'elapsedTime': 2066.100000023842}",597535951452,2761600513,POINT (0.3428922883251141 0.3614879982540807),,,,,,,,,,,,,,,,,,,,,,,,,,,,,,,,,,,,,,
0,10,2,"{'x': 658.3531935842191, 'y': 390.40703811440716, 'elapsedTime': 2066.100000023842}",597535968119,2761617179,POINT (0.3428922883251141 0.3614879982540807),,,,,,,,,,,,,,,,,,,,,,,,,,,,,,,,,,,,,,
0,10,2,"{'x': 657.3575590566766, 'y': 442.5419761912854, 'elapsedTime': 2114.8000000715256}",597535984792,2761633852,POINT (0.3423737286753524 0.409761089066005),,,,,,,,,,,,,,,,,,,,,,,,,,,,,,,,,,,,,,
0,10,2,"{'x': 657.3575590566766, 'y': 442.5419761912854, 'elapsedTime': 2114.8000000715256}",597536001460,2761650519,POINT (0.3423737286753524 0.409761089066005),,,,,,,,,,,,,,,,,,,,,,,,,,,,,,,,,,,,,,
0,10,2,"{'x': 657.3575590566766, 'y': 442.5419761912854, 'elapsedTime': 2114.8000000715256}",597536018126,2761667185,POINT (0.3423737286753524 0.409761089066005),,,,,,,,,,,,,,,,,,,,,,,,,,,,,,,,,,,,,,
0,10,2,"{'x': 683.0968919957772, 'y': 488.83729326543926, 'elapsedTime': 2167}",597536034794,2761683852,POINT (0.3557796312478006 0.4526271233939252),,,,,,,,,,,,,,,,,,,,,,,,,,,,,,,,,,,,,,
0,10,2,"{'x': 683.0968919957772, 'y': 488.83729326543926, 'elapsedTime': 2167}",597536051461,2761700519,POINT (0.3557796312478006 0.4526271233939252),,,,,,,,,,,,,,,,,,,,,,,,,,,,,,,,,,,,,,
0,10,2,"{'x': 683.0968919957772, 'y': 488.83729326543926, 'elapsedTime': 2167}",597536068128,2761717185,POINT (0.3557796312478006 0.4526271233939252),,,,,,,,,,,,,,,,,,,,,,,,,,,,,,,,,,,,,,
0,10,2,"{'x': 678.3892519952576, 'y': 491.6545630530044, 'elapsedTime': 2213.2000000476837}",597536084795,2761733852,POINT (0.3533277354141966 0.4552357065305596),,,,,,,,,,,,,,,,,,,,,,,,,,,,,,,,,,,,,,
0,10,2,"{'x': 678.3892519952576, 'y': 491.6545630530044, 'elapsedTime': 2213.2000000476837}",597536101463,2761750519,POINT (0.3533277354141966 0.4552357065305596),,,,,,,,,,,,,,,,,,,,,,,,,,,,,,,,,,,,,,
0,10,2,"{'x': 678.3892519952576, 'y': 491.6545630530044, 'elapsedTime': 2213.2000000476837}",597536118132,2761767188,POINT (0.3533277354141966 0.4552357065305596),,,,,,,,,,,,,,,,,,,,,,,,,,,,,,,,,,,,,,
0,10,2,"{'x': 678.3892519952576, 'y': 491.6545630530044, 'elapsedTime': 2213.2000000476837}",597536134800,2761783855,POINT (0.3533277354141966 0.4552357065305596),,,,,,,,,,,,,,,,,,,,,,,,,,,,,,,,,,,,,,
0,10,2,"{'x': 676.0961671073843, 'y': 501.66401492135674, 'elapsedTime': 2260.899999976158}",597536151467,2761800522,POINT (0.3521334203684293 0.4645037175197748),,,,,,,,,,,,,,,,,,,,,,,,,,,,,,,,,,,,,,
0,10,2,"{'x': 676.0961671073843, 'y': 501.66401492135674, 'elapsedTime': 2260.899999976158}",597536168133,2761817188,POINT (0.3521334203684293 0.4645037175197748),,,,,,,,,,,,,,,,,,,,,,,,,,,,,,,,,,,,,,
0,10,2,"{'x': 680.6649664237423, 'y': 455.46263131851117, 'elapsedTime': 2329.7000000476837}",597536184801,2761833855,POINT (0.3545130033456991 0.4217246586282511),,,,,,,,,,,,,,,,,,,,,,,,,,,,,,,,,,,,,,
0,10,2,"{'x': 680.6649664237423, 'y': 455.46263131851117, 'elapsedTime': 2329.7000000476837}",597536201468,2761850522,POINT (0.3545130033456991 0.4217246586282511),,,,,,,,,,,,,,,,,,,,,,,,,,,,,,,,,,,,,,
0,10,2,"{'x': 680.6649664237423, 'y': 455.46263131851117, 'elapsedTime': 2329.7000000476837}",597536218135,2761867188,POINT (0.3545130033456991 0.4217246586282511),,,,,,,,,,,,,,,,,,,,,,,,,,,,,,,,,,,,,,
0,10,2,"{'x': 680.6649664237423, 'y': 455.46263131851117, 'elapsedTime': 2329.7000000476837}",597536234802,2761883855,POINT (0.3545130033456991 0.4217246586282511),,,,,,,,,,,,,,,,,,,,,,,,,,,,,,,,,,,,,,
0,10,2,"{'x': 690.324316493038, 'y': 442.68062826369237, 'elapsedTime': 2380.399999976158}",597536251475,2761900527,POINT (0.359543914840124 0.40988947061453),,,,,,,,,,,,,,,,,,,,,,,,,,,,,,,,,,,,,,
0,10,2,"{'x': 690.324316493038, 'y': 442.68062826369237, 'elapsedTime': 2380.399999976158}",597536268141,2761917193,POINT (0.359543914840124 0.40988947061453),,,,,,,,,,,,,,,,,,,,,,,,,,,,,,,,,,,,,,
0,10,2,"{'x': 690.324316493038, 'y': 442.68062826369237, 'elapsedTime': 2380.399999976158}",597536284809,2761933860,POINT (0.359543914840124 0.40988947061453),,,,,,,,,,,,,,,,,,,,,,,,,,,,,,,,,,,,,,
0,10,2,"{'x': 695.3325581960365, 'y': 452.7756128541957, 'elapsedTime': 2431.7000000476837}",597536301476,2761950527,POINT (0.3621523740604357 0.4192366785686997),,,,,,,,,,,,,,,,,,,,,,,,,,,,,,,,,,,,,,
0,10,2,"{'x': 695.3325581960365, 'y': 452.7756128541957, 'elapsedTime': 2431.7000000476837}",597536318143,2761967193,POINT (0.3621523740604357 0.4192366785686997),,,,,,,,,,,,,,,,,,,,,,,,,,,,,,,,,,,,,,
0,10,2,"{'x': 695.3325581960365, 'y': 452.7756128541957, 'elapsedTime': 2431.7000000476837}",597536334810,2761983860,POINT (0.3621523740604357 0.4192366785686997),,,,,,,,,,,,,,,,,,,,,,,,,,,,,,,,,,,,,,
0,10,2,"{'x': 697.2797942637633, 'y': 423.7230653996306, 'elapsedTime': 2483.3000000715256}",597536351478,2762000527,POINT (0.3631665595123767 0.3923361716663247),,,,,,,,,,,,,,,,,,,,,,,,,,,,,,,,,,,,,,
0,10,2,"{'x': 697.2797942637633, 'y': 423.7230653996306, 'elapsedTime': 2483.3000000715256}",597536368144,2762017193,POINT (0.3631665595123767 0.3923361716663247),,,,,,,,,,,,,,,,,,,,,,,,,,,,,,,,,,,,,,
0,10,2,"{'x': 697.2797942637633, 'y': 423.7230653996306, 'elapsedTime': 2483.3000000715256}",597536384819,2762033867,POINT (0.3631665595123767 0.3923361716663247),,,,,,,,,,,,,,,,,,,,,,,,,,,,,,,,,,,,,,
0,10,2,"{'x': 668.0453949024195, 'y': 434.2725562101243, 'elapsedTime': 2531.100000023842}",597536401485,2762050533,POINT (0.3479403098450102 0.402104218713078),,,,,,,,,,,,,,,,,,,,,,,,,,,,,,,,,,,,,,
0,10,2,"{'x': 668.0453949024195, 'y': 434.2725562101243, 'elapsedTime': 2531.100000023842}",597536418153,2762067200,POINT (0.3479403098450102 0.402104218713078),,,,,,,,,,,,,,,,,,,,,,,,,,,,,,,,,,,,,,
0,10,2,"{'x': 663.0856655130125, 'y': 428.25753771667866, 'elapsedTime': 2580.3000000715256}",597536434820,2762083867,POINT (0.345357117454694 0.3965347571450728),,,,,,,,,,,,,,,,,,,,,,,,,,,,,,,,,,,,,,
0,10,2,"{'x': 663.0856655130125, 'y': 428.25753771667866, 'elapsedTime': 2580.3000000715256}",597536451488,2762100534,POINT (0.345357117454694 0.3965347571450728),,,,,,,,,,,,,,,,,,,,,,,,,,,,,,,,,,,,,,
0,10,2,"{'x': 663.0856655130125, 'y': 428.25753771667866, 'elapsedTime': 2580.3000000715256}",597536468154,2762117200,POINT (0.345357117454694 0.3965347571450728),,,,,,,,,,,,,,,,,,,,,,,,,,,,,,,,,,,,,,
0,10,2,"{'x': 663.0856655130125, 'y': 428.25753771667866, 'elapsedTime': 2580.3000000715256}",597536484822,2762133867,POINT (0.345357117454694 0.3965347571450728),,,,,,,,,,,,,,,,,,,,,,,,,,,,,,,,,,,,,,
0,10,2,"{'x': 652.0766777371274, 'y': 424.9648646305927, 'elapsedTime': 2628.3000000715256}",597536501488,2762150533,POINT (0.3396232696547539 0.3934859857690673),,,,,,,,,,,,,,,,,,,,,,,,,,,,,,,,,,,,,,
0,10,2,"{'x': 652.0766777371274, 'y': 424.9648646305927, 'elapsedTime': 2628.3000000715256}",597536518159,2762167203,POINT (0.3396232696547539 0.3934859857690673),,,,,,,,,,,,,,,,,,,,,,,,,,,,,,,,,,,,,,
0,10,2,"{'x': 670.515318644903, 'y': 408.38658892056844, 'elapsedTime': 2678.600000023842}",597536534826,2762183870,POINT (0.349226728460887 0.3781357304820078),,,,,,,,,,,,,,,,,,,,,,,,,,,,,,,,,,,,,,
0,10,2,"{'x': 670.515318644903, 'y': 408.38658892056844, 'elapsedTime': 2678.600000023842}",597536551494,2762200537,POINT (0.349226728460887 0.3781357304820078),,,,,,,,,,,,,,,,,,,,,,,,,,,,,,,,,,,,,,
0,10,2,"{'x': 670.515318644903, 'y': 408.38658892056844, 'elapsedTime': 2678.600000023842}",597536568160,2762217203,POINT (0.349226728460887 0.3781357304820078),,,,,,,,,,,,,,,,,,,,,,,,,,,,,,,,,,,,,,
0,10,2,"{'x': 670.515318644903, 'y': 408.38658892056844, 'elapsedTime': 2678.600000023842}",597536584827,2762233870,POINT (0.349226728460887 0.3781357304820078),,,,,,,,,,,,,,,,,,,,,,,,,,,,,,,,,,,,,,
0,10,2,"{'x': 678.7925410297838, 'y': 344.17666516326955, 'elapsedTime': 2726.7000000476837}",597536601494,2762250536,POINT (0.3535377817863458 0.3186820973733978),,,,,,,,,,,,,,,,,,,,,,,,,,,,,,,,,,,,,,
0,10,2,"{'x': 678.7925410297838, 'y': 344.17666516326955, 'elapsedTime': 2726.7000000476837}",597536618161,2762267203,POINT (0.3535377817863458 0.3186820973733978),,,,,,,,,,,,,,,,,,,,,,,,,,,,,,,,,,,,,,
0,10,2,"{'x': 678.7925410297838, 'y': 344.17666516326955, 'elapsedTime': 2726.7000000476837}",597536634834,2762283875,POINT (0.3535377817863458 0.3186820973733978),,,,,,,,,,,,,,,,,,,,,,,,,,,,,,,,,,,,,,
0,10,2,"{'x': 702.914580852251, 'y': 368.7668139625284, 'elapsedTime': 2777.2000000476837}",597536651500,2762300541,POINT (0.3661013441938807 0.3414507536690077),,,,,,,,,,,,,,,,,,,,,,,,,,,,,,,,,,,,,,
0,10,2,"{'x': 702.914580852251, 'y': 368.7668139625284, 'elapsedTime': 2777.2000000476837}",597536668168,2762317208,POINT (0.3661013441938807 0.3414507536690077),,,,,,,,,,,,,,,,,,,,,,,,,,,,,,,,,,,,,,
0,10,2,"{'x': 702.914580852251, 'y': 368.7668139625284, 'elapsedTime': 2777.2000000476837}",597536684835,2762333875,POINT (0.3661013441938807 0.3414507536690077),,,,,,,,,,,,,,,,,,,,,,,,,,,,,,,,,,,,,,
0,10,2,"{'x': 702.914580852251, 'y': 368.7668139625284, 'elapsedTime': 2777.2000000476837}",597536701502,2762350541,POINT (0.3661013441938807 0.3414507536690077),,,,,,,,,,,,,,,,,,,,,,,,,,,,,,,,,,,,,,
0,10,2,"{'x': 702.914580852251, 'y': 368.7668139625284, 'elapsedTime': 2777.2000000476837}",597536718169,2762367208,POINT (0.3661013441938807 0.3414507536690077),,,,,,,,,,,,,,,,,,,,,,,,,,,,,,,,,,,,,,
0,10,2,"{'x': 702.914580852251, 'y': 368.7668139625284, 'elapsedTime': 2777.2000000476837}",597536734837,2762383875,POINT (0.3661013441938807 0.3414507536690077),,,,,,,,,,,,,,,,,,,,,,,,,,,,,,,,,,,,,,
0,10,2,"{'x': 702.914580852251, 'y': 368.7668139625284, 'elapsedTime': 2777.2000000476837}",597536751503,2762400541,POINT (0.3661013441938807 0.3414507536690077),,,,,,,,,,,,,,,,,,,,,,,,,,,,,,,,,,,,,,
0,10,2,"{'x': 619.69929925735, 'y': 449.4566086725304, 'elapsedTime': 2840.399999976158}",597536768173,2762417210,POINT (0.3227600516965365 0.4161635265486393),,,,,,,,,,,,,,,,,,,,,,,,,,,,,,,,,,,,,,
0,10,2,"{'x': 619.69929925735, 'y': 449.4566086725304, 'elapsedTime': 2840.399999976158}",597536784840,2762433877,POINT (0.3227600516965365 0.4161635265486393),,,,,,,,,,,,,,,,,,,,,,,,,,,,,,,,,,,,,,
0,10,2,"{'x': 632.2381955239229, 'y': 472.7751553920636, 'elapsedTime': 2941.899999976158}",597536801507,2762450543,POINT (0.3292907268353765 0.43775477351117),,,,,,,,,,,,,,,,,,,,,,,,,,,,,,,,,,,,,,
0,10,2,"{'x': 632.2381955239229, 'y': 472.7751553920636, 'elapsedTime': 2941.899999976158}",597536818174,2762467210,POINT (0.3292907268353765 0.43775477351117),,,,,,,,,,,,,,,,,,,,,,,,,,,,,,,,,,,,,,
0,10,2,"{'x': 632.2381955239229, 'y': 472.7751553920636, 'elapsedTime': 2941.899999976158}",597536834842,2762483877,POINT (0.3292907268353765 0.43775477351117),,,,,,,,,,,,,,,,,,,,,,,,,,,,,,,,,,,,,,
0,10,2,"{'x': 632.2381955239229, 'y': 472.7751553920636, 'elapsedTime': 2941.899999976158}",597536851508,2762500543,POINT (0.3292907268353765 0.43775477351117),,,,,,,,,,,,,,,,,,,,,,,,,,,,,,,,,,,,,,
0,10,2,"{'x': 658.5601969015123, 'y': 469.91697889184576, 'elapsedTime': 2996.7000000476837}",597536868176,2762517210,POINT (0.343000102552871 0.4351083137887461),,,,,,,,,,,,,,,,,,,,,,,,,,,,,,,,,,,,,,
0,10,2,"{'x': 658.5601969015123, 'y': 469.91697889184576, 'elapsedTime': 2996.7000000476837}",597536884843,2762533877,POINT (0.343000102552871 0.4351083137887461),,,,,,,,,,,,,,,,,,,,,,,,,,,,,,,,,,,,,,
0,10,2,"{'x': 658.5601969015123, 'y': 469.91697889184576, 'elapsedTime': 2996.7000000476837}",597536901518,2762550551,POINT (0.343000102552871 0.4351083137887461),,,,,,,,,,,,,,,,,,,,,,,,,,,,,,,,,,,,,,
0,10,2,"{'x': 684.4564752259979, 'y': 485.08480245723746, 'elapsedTime': 3047}",597536918185,2762567218,POINT (0.3564877475135406 0.4491525948678124),,,,,,,,,,,,,,,,,,,,,,,,,,,,,,,,,,,,,,
0,10,2,"{'x': 684.4564752259979, 'y': 485.08480245723746, 'elapsedTime': 3047}",597536934852,2762583884,POINT (0.3564877475135406 0.4491525948678124),,,,,,,,,,,,,,,,,,,,,,,,,,,,,,,,,,,,,,
0,10,2,"{'x': 684.4564752259979, 'y': 485.08480245723746, 'elapsedTime': 3047}",597536951519,2762600551,POINT (0.3564877475135406 0.4491525948678124),,,,,,,,,,,,,,,,,,,,,,,,,,,,,,,,,,,,,,
0,10,2,"{'x': 665.2163154281161, 'y': 546.9190063829548, 'elapsedTime': 3101.600000023842}",597536968187,2762617218,POINT (0.3464668309521438 0.5064064873916247),,,,,,,,,,,,,,,,,,,,,,,,,,,,,,,,,,,,,1,
0,10,2,"{'x': 665.2163154281161, 'y': 546.9190063829548, 'elapsedTime': 3101.600000023842}",597536984853,2762633884,POINT (0.3464668309521438 0.5064064873916247),,,,,,,,,,,,,,,,,,,,,,,,,,,,,,,,,,,,,1,
0,10,2,"{'x': 665.2163154281161, 'y': 546.9190063829548, 'elapsedTime': 3101.600000023842}",597537001520,2762650551,POINT (0.3464668309521438 0.5064064873916247),,,,,,,,,,,,,,,,,,,,,,,,,,,,,,,,,,,,,1,
0,10,2,"{'x': 700.5898808504892, 'y': 513.2346275914495, 'elapsedTime': 3153.600000023842}",597537018188,2762667218,POINT (0.3648905629429631 0.4752172477698606),,,,,,,,,,,,,,,,,,,,,,,,,,,,,,,,,,,,,,
0,10,2,"{'x': 700.5898808504892, 'y': 513.2346275914495, 'elapsedTime': 3153.600000023842}",597537034857,2762683887,POINT (0.3648905629429631 0.4752172477698606),,,,,,,,,,,,,,,,,,,,,,,,,,,,,,,,,,,,,,
0,10,2,"{'x': 700.5898808504892, 'y': 513.2346275914495, 'elapsedTime': 3153.600000023842}",597537051525,2762700554,POINT (0.3648905629429631 0.4752172477698606),,,,,,,,,,,,,,,,,,,,,,,,,,,,,,,,,,,,,,
0,10,2,"{'x': 702.1566593195631, 'y': 457.64300884681256, 'elapsedTime': 3204.600000023842}",597537068192,2762717221,POINT (0.3657065933956058 0.4237435267100116),,,,,,,,,,,,,,,,,,,,,,,,,,,,,,,,,,,,,,
0,10,2,"{'x': 702.1566593195631, 'y': 457.64300884681256, 'elapsedTime': 3204.600000023842}",597537084859,2762733887,POINT (0.3657065933956058 0.4237435267100116),,,,,,,,,,,,,,,,,,,,,,,,,,,,,,,,,,,,,,
0,10,2,"{'x': 702.1566593195631, 'y': 457.64300884681256, 'elapsedTime': 3204.600000023842}",597537101526,2762750554,POINT (0.3657065933956058 0.4237435267100116),,,,,,,,,,,,,,,,,,,,,,,,,,,,,,,,,,,,,,
0,10,2,"{'x': 722.0168575218028, 'y': 462.7942661727879, 'elapsedTime': 3259.399999976158}",597537118194,2762767221,POINT (0.376050446625939 0.428513209419248),,,,,,,,,,,,,,,,,,,,,,,,,,,,,,,,,,,,,,
0,10,2,"{'x': 722.0168575218028, 'y': 462.7942661727879, 'elapsedTime': 3259.399999976158}",597537134861,2762783888,POINT (0.376050446625939 0.428513209419248),,,,,,,,,,,,,,,,,,,,,,,,,,,,,,,,,,,,,,
0,10,2,"{'x': 722.0168575218028, 'y': 462.7942661727879, 'elapsedTime': 3259.399999976158}",597537151528,2762800554,POINT (0.376050446625939 0.428513209419248),,,,,,,,,,,,,,,,,,,,,,,,,,,,,,,,,,,,,,
0,10,2,"{'x': 722.0168575218028, 'y': 462.7942661727879, 'elapsedTime': 3259.399999976158}",597537168201,2762817227,POINT (0.376050446625939 0.428513209419248),,,,,,,,,,,,,,,,,,,,,,,,,,,,,,,,,,,,,,
0,10,2,"{'x': 708.2841392975745, 'y': 513.8665281236853, 'elapsedTime': 3313}",597537184868,2762833893,POINT (0.3688979892174867 0.4758023408552641),,,,,,,,,,,,,,,,,,,,,,,,,,,,,,,,,,,,,,
0,10,2,"{'x': 708.2841392975745, 'y': 513.8665281236853, 'elapsedTime': 3313}",597537201535,2762850560,POINT (0.3688979892174867 0.4758023408552641),,,,,,,,,,,,,,,,,,,,,,,,,,,,,,,,,,,,,,
0,10,2,"{'x': 708.2841392975745, 'y': 513.8665281236853, 'elapsedTime': 3313}",597537218203,2762867227,POINT (0.3688979892174867 0.4758023408552641),,,,,,,,,,,,,,,,,,,,,,,,,,,,,,,,,,,,,,
0,10,2,"{'x': 675.6827104196661, 'y': 491.0675186229323, 'elapsedTime': 3365}",597537234869,2762883893,POINT (0.3519180783435761 0.4546921468730855),,,,,,,,,,,,,,,,,,,,,,,,,,,,,,,,,,,,,,
0,10,2,"{'x': 675.6827104196661, 'y': 491.0675186229323, 'elapsedTime': 3365}",597537251537,2762900560,POINT (0.3519180783435761 0.4546921468730855),,,,,,,,,,,,,,,,,,,,,,,,,,,,,,,,,,,,,,
0,10,2,"{'x': 675.6827104196661, 'y': 491.0675186229323, 'elapsedTime': 3365}",597537268204,2762917227,POINT (0.3519180783435761 0.4546921468730855),,,,,,,,,,,,,,,,,,,,,,,,,,,,,,,,,,,,,,
0,10,2,"{'x': 675.6827104196661, 'y': 491.0675186229323, 'elapsedTime': 3365}",597537284871,2762933893,POINT (0.3519180783435761 0.4546921468730855),,,,,,,,,,,,,,,,,,,,,,,,,,,,,,,,,,,,,,
0,10,2,"{'x': 675.6827104196661, 'y': 491.0675186229323, 'elapsedTime': 3365}",597537301542,2762950564,POINT (0.3519180783435761 0.4546921468730855),,,,,,,,,,,,,,,,,,,,,,,,,,,,,,,,,,,,,,
0,10,2,"{'x': 675.6827104196661, 'y': 491.0675186229323, 'elapsedTime': 3365}",597537318210,2762967231,POINT (0.3519180783435761 0.4546921468730855),,,,,,,,,,,,,,,,,,,,,,,,,,,,,,,,,,,,,,
0,10,2,"{'x': 648.0677407000262, 'y': 500.66129134565995, 'elapsedTime': 3428.899999976158}",597537334876,2762983897,POINT (0.337535281614597 0.4635752697645),,,,,,,,,,,,,,,,,,,,,,,,,,,,,,,,,,,,,,
0,10,2,"{'x': 648.0677407000262, 'y': 500.66129134565995, 'elapsedTime': 3428.899999976158}",597537351544,2763000564,POINT (0.337535281614597 0.4635752697645),,,,,,,,,,,,,,,,,,,,,,,,,,,,,,,,,,,,,,
0,10,2,"{'x': 648.0677407000262, 'y': 500.66129134565995, 'elapsedTime': 3428.899999976158}",597537368211,2763017231,POINT (0.337535281614597 0.4635752697645),,,,,,,,,,,,,,,,,,,,,,,,,,,,,,,,,,,,,,
0,10,2,"{'x': 637.347295893827, 'y': 499.5722437122941, 'elapsedTime': 3523.3000000715256}",597537384878,2763033897,POINT (0.3319517166113682 0.4625668923261982),,,,,,,,,,,,,,,,,,,,,,,,,,,,,,,,,,,,,,
0,10,2,"{'x': 637.347295893827, 'y': 499.5722437122941, 'elapsedTime': 3523.3000000715256}",597537401545,2763050564,POINT (0.3319517166113682 0.4625668923261982),,,,,,,,,,,,,,,,,,,,,,,,,,,,,,,,,,,,,,
0,10,2,"{'x': 637.347295893827, 'y': 499.5722437122941, 'elapsedTime': 3523.3000000715256}",597537418212,2763067231,POINT (0.3319517166113682 0.4625668923261982),,,,,,,,,,,,,,,,,,,,,,,,,,,,,,,,,,,,,,
0,10,2,"{'x': 637.347295893827, 'y': 499.5722437122941, 'elapsedTime': 3523.3000000715256}",597537434884,2763083902,POINT (0.3319517166113682 0.4625668923261982),,,,,,,,,,,,,,,,,,,,,,,,,,,,,,,,,,,,,,
0,10,2,"{'x': 657.6539534668011, 'y': 500.02276836267635, 'elapsedTime': 3579}",597537451551,2763100569,POINT (0.3425281007639589 0.4629840447802559),,,,,,,,,,,,,,,,,,,,,,,,,,,,,,,,,,,,,,
0,10,2,"{'x': 657.6539534668011, 'y': 500.02276836267635, 'elapsedTime': 3579}",597537468218,2763117235,POINT (0.3425281007639589 0.4629840447802559),,,,,,,,,,,,,,,,,,,,,,,,,,,,,,,,,,,,,,
0,10,2,"{'x': 657.6539534668011, 'y': 500.02276836267635, 'elapsedTime': 3579}",597537484885,2763133902,POINT (0.3425281007639589 0.4629840447802559),,,,,,,,,,,,,,,,,,,,,,,,,,,,,,,,,,,,,,
0,10,2,"{'x': 695.7849664755735, 'y': 433.8206207839977, 'elapsedTime': 3630.899999976158}",597537501553,2763150569,POINT (0.3623880033726945 0.4016857599851831),,,,,,,,,,,,,,,,,,,,,,,,,,,,,,,,,,,,,,
0,10,2,"{'x': 695.7849664755735, 'y': 433.8206207839977, 'elapsedTime': 3630.899999976158}",597537518219,2763167235,POINT (0.3623880033726945 0.4016857599851831),,,,,,,,,,,,,,,,,,,,,,,,,,,,,,,,,,,,,,
0,10,2,"{'x': 695.7849664755735, 'y': 433.8206207839977, 'elapsedTime': 3630.899999976158}",597537534887,2763183902,POINT (0.3623880033726945 0.4016857599851831),,,,,,,,,,,,,,,,,,,,,,,,,,,,,,,,,,,,,,
0,10,2,"{'x': 713.5443909791046, 'y': 488.9811421203914, 'elapsedTime': 3685.600000023842}",597537551559,2763200574,POINT (0.3716377036349503 0.4527603167781402),,,,,,,,,,,,,,,,,,,,,,,,,,,,,,,,,,,,,,
0,10,2,"{'x': 713.5443909791046, 'y': 488.9811421203914, 'elapsedTime': 3685.600000023842}",597537568226,2763217240,POINT (0.3716377036349503 0.4527603167781402),,,,,,,,,,,,,,,,,,,,,,,,,,,,,,,,,,,,,,
0,10,2,"{'x': 713.5443909791046, 'y': 488.9811421203914, 'elapsedTime': 3685.600000023842}",597537584893,2763233907,POINT (0.3716377036349503 0.4527603167781402),,,,,,,,,,,,,,,,,,,,,,,,,,,,,,,,,,,,,,
0,10,2,"{'x': 728.7429114517076, 'y': 491.70358102903606, 'elapsedTime': 3737.3000000715256}",597537601561,2763250574,POINT (0.3795535997144311 0.4552810935454038),,,,,,,,,,,,,,,,,,,,,,,,,,,,,,,,,,,,,,
0,10,2,"{'x': 728.7429114517076, 'y': 491.70358102903606, 'elapsedTime': 3737.3000000715256}",597537618227,2763267240,POINT (0.3795535997144311 0.4552810935454038),,,,,,,,,,,,,,,,,,,,,,,,,,,,,,,,,,,,,,
0,10,2,"{'x': 728.7429114517076, 'y': 491.70358102903606, 'elapsedTime': 3737.3000000715256}",597537634895,2763283907,POINT (0.3795535997144311 0.4552810935454038),,,,,,,,,,,,,,,,,,,,,,,,,,,,,,,,,,,,,,
0,10,2,"{'x': 728.7429114517076, 'y': 491.70358102903606, 'elapsedTime': 3737.3000000715256}",597537651562,2763300574,POINT (0.3795535997144311 0.4552810935454038),,,,,,,,,,,,,,,,,,,,,,,,,,,,,,,,,,,,,,
0,10,2,"{'x': 714.0464070981167, 'y': 534.3720993352234, 'elapsedTime': 3797.7000000476837}",597537668229,2763317240,POINT (0.3718991703636024 0.4947889808659476),,,,,,,,,,,,,,,,,,,,,,,,,,,,,,,,,,,,,1,
0,10,2,"{'x': 714.0464070981167, 'y': 534.3720993352234, 'elapsedTime': 3797.7000000476837}",597537684901,2763333912,POINT (0.3718991703636024 0.4947889808659476),,,,,,,,,,,,,,,,,,,,,,,,,,,,,,,,,,,,,1,
0,10,2,"{'x': 714.0464070981167, 'y': 534.3720993352234, 'elapsedTime': 3797.7000000476837}",597537701569,2763350579,POINT (0.3718991703636024 0.4947889808659476),,,,,,,,,,,,,,,,,,,,,,,,,,,,,,,,,,,,,1,
0,10,2,"{'x': 686.8657638933312, 'y': 559.947156700206, 'elapsedTime': 3853.2000000476837}",597537718235,2763367245,POINT (0.35774258536111 0.5184695895372278),,,,,,,,,,,,,,,,,,,,,,,,,,,,,,,,,,,,,1,
0,10,2,"{'x': 686.8657638933312, 'y': 559.947156700206, 'elapsedTime': 3853.2000000476837}",597537734903,2763383912,POINT (0.35774258536111 0.5184695895372278),,,,,,,,,,,,,,,,,,,,,,,,,,,,,,,,,,,,,1,
0,10,2,"{'x': 686.8657638933312, 'y': 559.947156700206, 'elapsedTime': 3853.2000000476837}",597537751570,2763400579,POINT (0.35774258536111 0.5184695895372278),,,,,,,,,,,,,,,,,,,,,,,,,,,,,,,,,,,,,1,
0,10,2,"{'x': 637.405689282835, 'y': 539.4198899273616, 'elapsedTime': 3902.5}",597537768237,2763417245,POINT (0.3319821298348099 0.4994628610438534),,,,,,,,,,,,,,,,,,,,,,,,,,,,,,,,,,,,,,
0,10,2,"{'x': 637.405689282835, 'y': 539.4198899273616, 'elapsedTime': 3902.5}",597537784904,2763433912,POINT (0.3319821298348099 0.4994628610438534),,,,,,,,,,,,,,,,,,,,,,,,,,,,,,,,,,,,,,
0,10,2,"{'x': 637.405689282835, 'y': 539.4198899273616, 'elapsedTime': 3902.5}",597537801572,2763450579,POINT (0.3319821298348099 0.4994628610438534),,,,,,,,,,,,,,,,,,,,,,,,,,,,,,,,,,,,,,
0,10,2,"{'x': 625.2816052057049, 'y': 529.9212096174699, 'elapsedTime': 3953.7000000476837}",597537818239,2763467246,POINT (0.3256675027113046 0.4906677866828425),,,,,,,,,,,,,,,,,,,,,,,,,,,,,,,,,,,,,,
0,10,2,"{'x': 625.2816052057049, 'y': 529.9212096174699, 'elapsedTime': 3953.7000000476837}",597537834906,2763483913,POINT (0.3256675027113046 0.4906677866828425),,,,,,,,,,,,,,,,,,,,,,,,,,,,,,,,,,,,,,
0,10,2,"{'x': 625.2816052057049, 'y': 529.9212096174699, 'elapsedTime': 3953.7000000476837}",597537851574,2763500580,POINT (0.3256675027113046 0.4906677866828425),,,,,,,,,,,,,,,,,,,,,,,,,,,,,,,,,,,,,,
0,10,2,"{'x': 610.1256059650185, 'y': 560.426812526652, 'elapsedTime': 4002.7000000476837}",597537868240,2763517246,POINT (0.3177737531067805 0.5189137153024556),,,,,,,,,,,,,,,,,,,,,,,,,,,,,,,,,,,,,1,
0,10,2,"{'x': 610.1256059650185, 'y': 560.426812526652, 'elapsedTime': 4002.7000000476837}",597537884908,2763533913,POINT (0.3177737531067805 0.5189137153024556),,,,,,,,,,,,,,,,,,,,,,,,,,,,,,,,,,,,,1,
0,10,2,"{'x': 610.1256059650185, 'y': 560.426812526652, 'elapsedTime': 4002.7000000476837}",597537901575,2763550580,POINT (0.3177737531067805 0.5189137153024556),,,,,,,,,,,,,,,,,,,,,,,,,,,,,,,,,,,,,1,
0,10,2,"{'x': 625.1757805462455, 'y': 561.6029434271866, 'elapsedTime': 4052.899999976158}",597537918242,2763567246,POINT (0.3256123857011695 0.5200027253955432),,,,,,,,,,,,,,,,,,,,,,,,,,,,,,,,,,,,,1,
0,10,2,"{'x': 625.1757805462455, 'y': 561.6029434271866, 'elapsedTime': 4052.899999976158}",597537934909,2763583913,POINT (0.3256123857011695 0.5200027253955432),,,,,,,,,,,,,,,,,,,,,,,,,,,,,,,,,,,,,1,
0,10,2,"{'x': 625.1757805462455, 'y': 561.6029434271866, 'elapsedTime': 4052.899999976158}",597537951586,2763600589,POINT (0.3256123857011695 0.5200027253955432),,,,,,,,,,,,,,,,,,,,,,,,,,,,,,,,,,,,,1,
0,10,2,"{'x': 625.1757805462455, 'y': 561.6029434271866, 'elapsedTime': 4052.899999976158}",597537968252,2763617255,POINT (0.3256123857011695 0.5200027253955432),,,,,,,,,,,,,,,,,,,,,,,,,,,,,,,,,,,,,1,
0,10,2,"{'x': 631.7259466410043, 'y': 577.4375417906958, 'elapsedTime': 4103.200000047684}",597537984920,2763633922,POINT (0.3290239305421897 0.5346643905469406),,,,,,,,,,,,,,,,,,,,,,,,,,,,,,,,,,,,,1,
0,10,2,"{'x': 631.7259466410043, 'y': 577.4375417906958, 'elapsedTime': 4103.200000047684}",597538001586,2763650588,POINT (0.3290239305421897 0.5346643905469406),,,,,,,,,,,,,,,,,,,,,,,,,,,,,,,,,,,,,1,
0,10,2,"{'x': 631.7259466410043, 'y': 577.4375417906958, 'elapsedTime': 4103.200000047684}",597538018254,2763667255,POINT (0.3290239305421897 0.5346643905469406),,,,,,,,,,,,,,,,,,,,,,,,,,,,,,,,,,,,,1,
0,10,2,"{'x': 628.2759077030079, 'y': 503.2477475040863, 'elapsedTime': 4167.5}",597538034921,2763683922,POINT (0.3272270352619833 0.4659701365778577),,,,,,,,,,,,,,,,,,,,,,,,,,,,,,,,,,,,,,
0,10,2,"{'x': 628.2759077030079, 'y': 503.2477475040863, 'elapsedTime': 4167.5}",597538051588,2763700588,POINT (0.3272270352619833 0.4659701365778577),,,,,,,,,,,,,,,,,,,,,,,,,,,,,,,,,,,,,,
0,10,2,"{'x': 628.2759077030079, 'y': 503.2477475040863, 'elapsedTime': 4167.5}",597538068255,2763717255,POINT (0.3272270352619833 0.4659701365778577),,,,,,,,,,,,,,,,,,,,,,,,,,,,,,,,,,,,,,
0,10,2,"{'x': 628.2759077030079, 'y': 503.2477475040863, 'elapsedTime': 4167.5}",597538084925,2763733924,POINT (0.3272270352619833 0.4659701365778577),,,,,,,,,,,,,,,,,,,,,,,,,,,,,,,,,,,,,,
0,10,2,"{'x': 643.0711126055583, 'y': 489.5221303618175, 'elapsedTime': 4223.100000023842}",597538101591,2763750590,POINT (0.3349328711487283 0.4532612318164977),,,,,,,,,,,,,,,,,,,,,,,,,,,,,,,,,,,,,,
0,10,2,"{'x': 643.0711126055583, 'y': 489.5221303618175, 'elapsedTime': 4223.100000023842}",597538118259,2763767257,POINT (0.3349328711487283 0.4532612318164977),,,,,,,,,,,,,,,,,,,,,,,,,,,,,,,,,,,,,,
0,10,2,"{'x': 643.0711126055583, 'y': 489.5221303618175, 'elapsedTime': 4223.100000023842}",597538134926,2763783924,POINT (0.3349328711487283 0.4532612318164977),,,,,,,,,,,,,,,,,,,,,,,,,,,,,,,,,,,,,,
0,10,2,"{'x': 636.9857338136046, 'y': 477.5525326472412, 'elapsedTime': 4286.600000023842}",597538151593,2763800590,POINT (0.3317634030279191 0.4421782709696678),,,,,,,,,,,,,,,,,,,,,,,,,,,,,,,,,,,,,,
0,10,2,"{'x': 636.9857338136046, 'y': 477.5525326472412, 'elapsedTime': 4286.600000023842}",597538168260,2763817257,POINT (0.3317634030279191 0.4421782709696678),,,,,,,,,,,,,,,,,,,,,,,,,,,,,,,,,,,,,,
0,10,2,"{'x': 636.9857338136046, 'y': 477.5525326472412, 'elapsedTime': 4286.600000023842}",597538184928,2763833924,POINT (0.3317634030279191 0.4421782709696678),,,,,,,,,,,,,,,,,,,,,,,,,,,,,,,,,,,,,,
0,10,2,"{'x': 634.2942975973102, 'y': 481.1063540704885, 'elapsedTime': 4340.300000071526}",597538201594,2763850590,POINT (0.3303616133319324 0.4454688463615634),,,,,,,,,,,,,,,,,,,,,,,,,,,,,,,,,,,,,,
0,10,2,"{'x': 634.2942975973102, 'y': 481.1063540704885, 'elapsedTime': 4340.300000071526}",597538218265,2763867260,POINT (0.3303616133319324 0.4454688463615634),,,,,,,,,,,,,,,,,,,,,,,,,,,,,,,,,,,,,,
0,10,2,"{'x': 634.2942975973102, 'y': 481.1063540704885, 'elapsedTime': 4340.300000071526}",597538234932,2763883927,POINT (0.3303616133319324 0.4454688463615634),,,,,,,,,,,,,,,,,,,,,,,,,,,,,,,,,,,,,,
0,10,2,"{'x': 634.2942975973102, 'y': 481.1063540704885, 'elapsedTime': 4340.300000071526}",597538251598,2763900593,POINT (0.3303616133319324 0.4454688463615634),,,,,,,,,,,,,,,,,,,,,,,,,,,,,,,,,,,,,,
0,10,2,"{'x': 618.606575308457, 'y': 438.2878866373523, 'elapsedTime': 4392.600000023842}",597538268266,2763917260,POINT (0.3221909246398214 0.4058221172568077),,,,,,,,,,,,,,,,,,,,,,,,,,,,,,,,,,,,,,
0,10,2,"{'x': 618.606575308457, 'y': 438.2878866373523, 'elapsedTime': 4392.600000023842}",597538284933,2763933927,POINT (0.3221909246398214 0.4058221172568077),,,,,,,,,,,,,,,,,,,,,,,,,,,,,,,,,,,,,,
0,10,2,"{'x': 618.606575308457, 'y': 438.2878866373523, 'elapsedTime': 4392.600000023842}",597538301600,2763950593,POINT (0.3221909246398214 0.4058221172568077),,,,,,,,,,,,,,,,,,,,,,,,,,,,,,,,,,,,,,
0,10,2,"{'x': 618.606575308457, 'y': 438.2878866373523, 'elapsedTime': 4392.600000023842}",597538318267,2763967260,POINT (0.3221909246398214 0.4058221172568077),,,,,,,,,,,,,,,,,,,,,,,,,,,,,,,,,,,,,,
0,10,2,"{'x': 595.0255825784784, 'y': 477.31737624435374, 'elapsedTime': 4458.200000047684}",597538334935,2763983927,POINT (0.3099091575929575 0.4419605335595868),,,,,,,,,,,,,,,,,,,,,,,,,,,,,,,,,,,,,,
0,10,2,"{'x': 595.0255825784784, 'y': 477.31737624435374, 'elapsedTime': 4458.200000047684}",597538351609,2764000601,POINT (0.3099091575929575 0.4419605335595868),,,,,,,,,,,,,,,,,,,,,,,,,,,,,,,,,,,,,,
0,10,2,"{'x': 595.0255825784784, 'y': 477.31737624435374, 'elapsedTime': 4458.200000047684}",597538368277,2764017268,POINT (0.3099091575929575 0.4419605335595868),,,,,,,,,,,,,,,,,,,,,,,,,,,,,,,,,,,,,,
0,10,2,"{'x': 603.178520842365, 'y': 527.6728397314887, 'elapsedTime': 4511.100000023842}",597538384944,2764033935,POINT (0.3141554796053984 0.4885859627143414),,,,,,,,,,,,,,,,,,,,,,,,,,,,,,,,,,,,,,
0,10,2,"{'x': 603.178520842365, 'y': 527.6728397314887, 'elapsedTime': 4511.100000023842}",597538401611,2764050601,POINT (0.3141554796053984 0.4885859627143414),,,,,,,,,,,,,,,,,,,,,,,,,,,,,,,,,,,,,,
0,10,2,"{'x': 603.178520842365, 'y': 527.6728397314887, 'elapsedTime': 4511.100000023842}",597538418278,2764067268,POINT (0.3141554796053984 0.4885859627143414),,,,,,,,,,,,,,,,,,,,,,,,,,,,,,,,,,,,,,
0,10,2,"{'x': 617.6996618408882, 'y': 535.513462549242, 'elapsedTime': 4561.300000071526}",597538434946,2764083935,POINT (0.3217185738754626 0.4958457986567056),,,,,,,,,,,,,,,,,,,,,,,,,,,,,,,,,,,,,,
0,10,2,"{'x': 617.6996618408882, 'y': 535.513462549242, 'elapsedTime': 4561.300000071526}",597538451612,2764100601,POINT (0.3217185738754626 0.4958457986567056),,,,,,,,,,,,,,,,,,,,,,,,,,,,,,,,,,,,,,
0,10,2,"{'x': 617.6996618408882, 'y': 535.513462549242, 'elapsedTime': 4561.300000071526}",597538468280,2764117268,POINT (0.3217185738754626 0.4958457986567056),,,,,,,,,,,,,,,,,,,,,,,,,,,,,,,,,,,,,,
0,10,2,"{'x': 617.6996618408882, 'y': 535.513462549242, 'elapsedTime': 4561.300000071526}",597538484950,2764133938,POINT (0.3217185738754626 0.4958457986567056),,,,,,,,,,,,,,,,,,,,,,,,,,,,,,,,,,,,,,
0,10,2,"{'x': 639.4710346148615, 'y': 567.8109815357528, 'elapsedTime': 4623.200000047684}",597538501618,2764150605,POINT (0.3330578305285737 0.5257509088294008),,,,,,,,,,,,,,,,,,,,,,,,,,,,,,,,,,,,,1,
0,10,2,"{'x': 639.4710346148615, 'y': 567.8109815357528, 'elapsedTime': 4623.200000047684}",597538518285,2764167272,POINT (0.3330578305285737 0.5257509088294008),,,,,,,,,,,,,,,,,,,,,,,,,,,,,,,,,,,,,1,
0,10,2,"{'x': 639.4710346148615, 'y': 567.8109815357528, 'elapsedTime': 4623.200000047684}",597538534952,2764183938,POINT (0.3330578305285737 0.5257509088294008),,,,,,,,,,,,,,,,,,,,,,,,,,,,,,,,,,,,,1,
0,10,2,"{'x': 648.2354172301226, 'y': 602.265071243781, 'elapsedTime': 4682.100000023842}",597538551619,2764200605,POINT (0.3376226131406889 0.5576528437442416),,,,,,,,,,,,,,,,,,,,,,,,,,,,,,,,,,,,,1,
0,10,2,"{'x': 648.2354172301226, 'y': 602.265071243781, 'elapsedTime': 4682.100000023842}",597538568287,2764217272,POINT (0.3376226131406889 0.5576528437442416),,,,,,,,,,,,,,,,,,,,,,,,,,,,,,,,,,,,,1,
0,10,2,"{'x': 648.2354172301226, 'y': 602.265071243781, 'elapsedTime': 4682.100000023842}",597538584953,2764233938,POINT (0.3376226131406889 0.5576528437442416),,,,,,,,,,,,,,,,,,,,,,,,,,,,,,,,,,,,,1,
0,10,2,"{'x': 648.2354172301226, 'y': 602.265071243781, 'elapsedTime': 4682.100000023842}",597538601627,2764250611,POINT (0.3376226131406889 0.5576528437442416),,,,,,,,,,,,,,,,,,,,,,,,,,,,,,,,,,,,,1,
0,10,2,"{'x': 678.521191805994, 'y': 641.235854203354, 'elapsedTime': 4735}",597538618294,2764267278,POINT (0.3533964540656219 0.5937369020401426),,,,,,,,,,,,,,,,,,,,,,,,,,,,,,,,,,,,,1,
0,10,2,"{'x': 678.521191805994, 'y': 641.235854203354, 'elapsedTime': 4735}",597538634960,2764283944,POINT (0.3533964540656219 0.5937369020401426),,,,,,,,,,,,,,,,,,,,,,,,,,,,,,,,,,,,,1,
0,10,2,"{'x': 678.521191805994, 'y': 641.235854203354, 'elapsedTime': 4735}",597538651628,2764300611,POINT (0.3533964540656219 0.5937369020401426),,,,,,,,,,,,,,,,,,,,,,,,,,,,,,,,,,,,,1,
0,10,2,"{'x': 678.521191805994, 'y': 641.235854203354, 'elapsedTime': 4735}",597538668295,2764317278,POINT (0.3533964540656219 0.5937369020401426),,,,,,,,,,,,,,,,,,,,,,,,,,,,,,,,,,,,,1,
0,10,2,"{'x': 686.9388956351044, 'y': 667.6563030235857, 'elapsedTime': 4811.800000071526}",597538684962,2764333944,POINT (0.3577806748099502 0.6182002805773942),,,,,,,,,,,,,,,,,,,,,,,,,,,,,,,,,,,,,,1
0,10,2,"{'x': 686.9388956351044, 'y': 667.6563030235857, 'elapsedTime': 4811.800000071526}",597538701629,2764350611,POINT (0.3577806748099502 0.6182002805773942),,,,,,,,,,,,,,,,,,,,,,,,,,,,,,,,,,,,,,1
0,10,2,"{'x': 707.9710999375787, 'y': 713.0699210739649, 'elapsedTime': 4863.700000047684}",597538718297,2764367278,POINT (0.3687349478841556 0.6602499269203379),,,,,,,,,,,,,,,,,,,,,,,,,,,,,,,,,,,,,,1
0,10,2,"{'x': 707.9710999375787, 'y': 713.0699210739649, 'elapsedTime': 4863.700000047684}",597538734965,2764383946,POINT (0.3687349478841556 0.6602499269203379),,,,,,,,,,,,,,,,,,,,,,,,,,,,,,,,,,,,,,1
0,10,2,"{'x': 707.9710999375787, 'y': 713.0699210739649, 'elapsedTime': 4863.700000047684}",597538751633,2764400613,POINT (0.3687349478841556 0.6602499269203379),,,,,,,,,,,,,,,,,,,,,,,,,,,,,,,,,,,,,,1
0,10,2,"{'x': 707.9710999375787, 'y': 713.0699210739649, 'elapsedTime': 4863.700000047684}",597538768300,2764417280,POINT (0.3687349478841556 0.6602499269203379),,,,,,,,,,,,,,,,,,,,,,,,,,,,,,,,,,,,,,1
0,10,2,"{'x': 702.2752606746186, 'y': 690.1950446527492, 'elapsedTime': 4916.399999976158}",597538784967,2764433946,POINT (0.3657683649346972 0.6390694857895826),,,,,,,,,,,,,,,,,,,,,,,,,,,,,,,,,,,,,,1
0,10,2,"{'x': 702.2752606746186, 'y': 690.1950446527492, 'elapsedTime': 4916.399999976158}",597538801634,2764450613,POINT (0.3657683649346972 0.6390694857895826),,,,,,,,,,,,,,,,,,,,,,,,,,,,,,,,,,,,,,1
0,10,2,"{'x': 702.2752606746186, 'y': 690.1950446527492, 'elapsedTime': 4916.399999976158}",597538818302,2764467280,POINT (0.3657683649346972 0.6390694857895826),,,,,,,,,,,,,,,,,,,,,,,,,,,,,,,,,,,,,,1
0,10,2,"{'x': 692.7304967408874, 'y': 653.5696603755074, 'elapsedTime': 4971.300000071526}",597538834968,2764483946,POINT (0.3607971337192122 0.6051570929402846),,,,,,,,,,,,,,,,,,,,,,,,,,,,,,,,,,,,,,
0,10,2,"{'x': 692.7304967408874, 'y': 653.5696603755074, 'elapsedTime': 4971.300000071526}",597538851636,2764500613,POINT (0.3607971337192122 0.6051570929402846),,,,,,,,,,,,,,,,,,,,,,,,,,,,,,,,,,,,,,
0,10,2,"{'x': 692.7304967408874, 'y': 653.5696603755074, 'elapsedTime': 4971.300000071526}",597538868310,2764517287,POINT (0.3607971337192122 0.6051570929402846),,,,,,,,,,,,,,,,,,,,,,,,,,,,,,,,,,,,,,
0,10,2,"{'x': 692.7304967408874, 'y': 653.5696603755074, 'elapsedTime': 4971.300000071526}",597538884977,2764533953,POINT (0.3607971337192122 0.6051570929402846),,,,,,,,,,,,,,,,,,,,,,,,,,,,,,,,,,,,,,
0,10,2,"{'x': 697.4415440727016, 'y': 609.6889312314522, 'elapsedTime': 5021.300000071526}",597538901644,2764550620,POINT (0.3632508042045321 0.5645267881772705),,,,,,,,,,,,,,,,,,,,,,,,,,,,,,,,,,,,,1,
0,10,2,"{'x': 697.4415440727016, 'y': 609.6889312314522, 'elapsedTime': 5021.300000071526}",597538918312,2764567287,POINT (0.3632508042045321 0.5645267881772705),,,,,,,,,,,,,,,,,,,,,,,,,,,,,,,,,,,,,1,
0,10,2,"{'x': 697.4415440727016, 'y': 609.6889312314522, 'elapsedTime': 5021.300000071526}",597538934978,2764583953,POINT (0.3632508042045321 0.5645267881772705),,,,,,,,,,,,,,,,,,,,,,,,,,,,,,,,,,,,,1,
0,10,2,"{'x': 697.4415440727016, 'y': 609.6889312314522, 'elapsedTime': 5021.300000071526}",597538951646,2764600620,POINT (0.3632508042045321 0.5645267881772705),,,,,,,,,,,,,,,,,,,,,,,,,,,,,,,,,,,,,1,
0,10,2,"{'x': 697.2775487431111, 'y': 609.9926123137063, 'elapsedTime': 5087.899999976158}",597538968313,2764617287,POINT (0.3631653899703703 0.5648079743645429),,,,,,,,,,,,,,,,,,,,,,,,,,,,,,,,,,,,,1,
0,10,2,"{'x': 697.2775487431111, 'y': 609.9926123137063, 'elapsedTime': 5087.899999976158}",597538984980,2764633953,POINT (0.3631653899703703 0.5648079743645429),,,,,,,,,,,,,,,,,,,,,,,,,,,,,,,,,,,,,1,
0,10,2,"{'x': 697.2775487431111, 'y': 609.9926123137063, 'elapsedTime': 5087.899999976158}",597539001651,2764650624,POINT (0.3631653899703703 0.5648079743645429),,,,,,,,,,,,,,,,,,,,,,,,,,,,,,,,,,,,,1,
0,10,2,"{'x': 697.2775487431111, 'y': 609.9926123137063, 'elapsedTime': 5087.899999976158}",597539018319,2764667291,POINT (0.3631653899703703 0.5648079743645429),,,,,,,,,,,,,,,,,,,,,,,,,,,,,,,,,,,,,1,
0,10,2,"{'x': 716.7831799075275, 'y': 605.5456618850483, 'elapsedTime': 5157.899999976158}",597539034985,2764683957,POINT (0.3733245728685039 0.560690427671341),,,,,,,,,,,,,,,,,,,,,,,,,,,,,,,,,,,,,1,
0,10,2,"{'x': 716.7831799075275, 'y': 605.5456618850483, 'elapsedTime': 5157.899999976158}",597539051652,2764700624,POINT (0.3733245728685039 0.560690427671341),,,,,,,,,,,,,,,,,,,,,,,,,,,,,,,,,,,,,1,
0,10,2,"{'x': 716.7831799075275, 'y': 605.5456618850483, 'elapsedTime': 5157.899999976158}",597539068319,2764717290,POINT (0.3733245728685039 0.560690427671341),,,,,,,,,,,,,,,,,,,,,,,,,,,,,,,,,,,,,1,
0,10,2,"{'x': 708.8572939552034, 'y': 558.0570526519642, 'elapsedTime': 5217.200000047684}",597539084986,2764733957,POINT (0.3691965072683351 0.5167194931962632),,,,,,,,,,,,,,,,,,,,,,,,,,,,,,,,,,,,,1,
0,10,2,"{'x': 708.8572939552034, 'y': 558.0570526519642, 'elapsedTime': 5217.200000047684}",597539101654,2764750624,POINT (0.3691965072683351 0.5167194931962632),,,,,,,,,,,,,,,,,,,,,,,,,,,,,,,,,,,,,1,
