,pid,stimulus_number,coordinates,current_time,current_time1,geometry,int.1,-----------.1,main.1,-----------.2,int.2,a.1,=.1,2.1,1.1,std.1,cout.1,<<.1,*.1,a.2,+.1,1.2,-----------.8,return.1,0.1,-----------.9,question,code,choices
0,25,7,"{'x': 711.2654557641803, 'y': 354.24379418708855, 'elapsedTime': 12084}",250473155827,1968666276,POINT (0.3704507582105105 0.3280035131361931),,,,,,,,,,,,,,,,,,,,,,,
0,25,7,"{'x': 711.2654557641803, 'y': 354.24379418708855, 'elapsedTime': 12084}",250473172494,1968682943,POINT (0.3704507582105105 0.3280035131361931),,,,,,,,,,,,,,,,,,,,,,,
0,25,7,"{'x': 711.2654557641803, 'y': 354.24379418708855, 'elapsedTime': 12084}",250473189162,1968699610,POINT (0.3704507582105105 0.3280035131361931),,,,,,,,,,,,,,,,,,,,,,,
0,25,7,"{'x': 711.2654557641803, 'y': 354.24379418708855, 'elapsedTime': 12084}",250473205828,1968716276,POINT (0.3704507582105105 0.3280035131361931),,,,,,,,,,,,,,,,,,,,,,,
0,25,7,"{'x': 711.2654557641803, 'y': 354.24379418708855, 'elapsedTime': 12084}",250473222496,1968732943,POINT (0.3704507582105105 0.3280035131361931),,,,,,,,,,,,,,,,,,,,,,,
0,25,7,"{'x': 711.2654557641803, 'y': 354.24379418708855, 'elapsedTime': 12084}",250473239167,1968749614,POINT (0.3704507582105105 0.3280035131361931),,,,,,,,,,,,,,,,,,,,,,,
0,25,7,"{'x': 711.2654557641803, 'y': 354.24379418708855, 'elapsedTime': 12084}",250473255834,1968766280,POINT (0.3704507582105105 0.3280035131361931),,,,,,,,,,,,,,,,,,,,,,,
0,25,7,"{'x': 711.2654557641803, 'y': 354.24379418708855, 'elapsedTime': 12084}",250473272501,1968782947,POINT (0.3704507582105105 0.3280035131361931),,,,,,,,,,,,,,,,,,,,,,,
0,25,7,"{'x': 711.2654557641803, 'y': 354.24379418708855, 'elapsedTime': 12084}",250473289168,1968799614,POINT (0.3704507582105105 0.3280035131361931),,,,,,,,,,,,,,,,,,,,,,,
0,25,7,"{'x': 711.2654557641803, 'y': 354.24379418708855, 'elapsedTime': 12084}",250473305835,1968816280,POINT (0.3704507582105105 0.3280035131361931),,,,,,,,,,,,,,,,,,,,,,,
0,25,7,"{'x': 711.2654557641803, 'y': 354.24379418708855, 'elapsedTime': 12084}",250473322502,1968832947,POINT (0.3704507582105105 0.3280035131361931),,,,,,,,,,,,,,,,,,,,,,,
0,25,7,"{'x': 711.2654557641803, 'y': 354.24379418708855, 'elapsedTime': 12084}",250473339170,1968849614,POINT (0.3704507582105105 0.3280035131361931),,,,,,,,,,,,,,,,,,,,,,,
0,25,7,"{'x': 711.2654557641803, 'y': 354.24379418708855, 'elapsedTime': 12084}",250473355836,1968866280,POINT (0.3704507582105105 0.3280035131361931),,,,,,,,,,,,,,,,,,,,,,,
0,25,7,"{'x': 711.2654557641803, 'y': 354.24379418708855, 'elapsedTime': 12084}",250473372510,1968882953,POINT (0.3704507582105105 0.3280035131361931),,,,,,,,,,,,,,,,,,,,,,,
0,25,7,"{'x': 711.2654557641803, 'y': 354.24379418708855, 'elapsedTime': 12084}",250473389177,1968899620,POINT (0.3704507582105105 0.3280035131361931),,,,,,,,,,,,,,,,,,,,,,,
0,25,7,"{'x': 711.2654557641803, 'y': 354.24379418708855, 'elapsedTime': 12084}",250473405844,1968916286,POINT (0.3704507582105105 0.3280035131361931),,,,,,,,,,,,,,,,,,,,,,,
0,25,7,"{'x': 711.2654557641803, 'y': 354.24379418708855, 'elapsedTime': 12084}",250473422511,1968932953,POINT (0.3704507582105105 0.3280035131361931),,,,,,,,,,,,,,,,,,,,,,,
0,25,7,"{'x': 711.2654557641803, 'y': 354.24379418708855, 'elapsedTime': 12084}",250473439178,1968949619,POINT (0.3704507582105105 0.3280035131361931),,,,,,,,,,,,,,,,,,,,,,,
0,25,7,"{'x': 711.2654557641803, 'y': 354.24379418708855, 'elapsedTime': 12084}",250473455845,1968966286,POINT (0.3704507582105105 0.3280035131361931),,,,,,,,,,,,,,,,,,,,,,,
0,25,7,"{'x': 711.2654557641803, 'y': 354.24379418708855, 'elapsedTime': 12084}",250473472513,1968982953,POINT (0.3704507582105105 0.3280035131361931),,,,,,,,,,,,,,,,,,,,,,,
0,25,7,"{'x': 711.2654557641803, 'y': 354.24379418708855, 'elapsedTime': 12084}",250473489179,1968999619,POINT (0.3704507582105105 0.3280035131361931),,,,,,,,,,,,,,,,,,,,,,,
0,25,7,"{'x': 711.2654557641803, 'y': 354.24379418708855, 'elapsedTime': 12084}",250473505850,1969016289,POINT (0.3704507582105105 0.3280035131361931),,,,,,,,,,,,,,,,,,,,,,,
0,25,7,"{'x': 711.2654557641803, 'y': 354.24379418708855, 'elapsedTime': 12084}",250473522517,1969032956,POINT (0.3704507582105105 0.3280035131361931),,,,,,,,,,,,,,,,,,,,,,,
0,25,7,"{'x': 711.2654557641803, 'y': 354.24379418708855, 'elapsedTime': 12084}",250473539184,1969049622,POINT (0.3704507582105105 0.3280035131361931),,,,,,,,,,,,,,,,,,,,,,,
0,25,7,"{'x': 711.2654557641803, 'y': 354.24379418708855, 'elapsedTime': 12084}",250473555851,1969066289,POINT (0.3704507582105105 0.3280035131361931),,,,,,,,,,,,,,,,,,,,,,,
0,25,7,"{'x': 711.2654557641803, 'y': 354.24379418708855, 'elapsedTime': 12084}",250473572518,1969082956,POINT (0.3704507582105105 0.3280035131361931),,,,,,,,,,,,,,,,,,,,,,,
0,25,7,"{'x': 711.2654557641803, 'y': 354.24379418708855, 'elapsedTime': 12084}",250473589185,1969099622,POINT (0.3704507582105105 0.3280035131361931),,,,,,,,,,,,,,,,,,,,,,,
0,25,7,"{'x': 711.2654557641803, 'y': 354.24379418708855, 'elapsedTime': 12084}",250473605852,1969116289,POINT (0.3704507582105105 0.3280035131361931),,,,,,,,,,,,,,,,,,,,,,,
0,25,7,"{'x': 711.2654557641803, 'y': 354.24379418708855, 'elapsedTime': 12084}",250473622520,1969132956,POINT (0.3704507582105105 0.3280035131361931),,,,,,,,,,,,,,,,,,,,,,,
0,25,7,"{'x': 711.2654557641803, 'y': 354.24379418708855, 'elapsedTime': 12084}",250473639191,1969149627,POINT (0.3704507582105105 0.3280035131361931),,,,,,,,,,,,,,,,,,,,,,,
0,25,7,"{'x': 711.2654557641803, 'y': 354.24379418708855, 'elapsedTime': 12084}",250473655859,1969166294,POINT (0.3704507582105105 0.3280035131361931),,,,,,,,,,,,,,,,,,,,,,,
0,25,7,"{'x': 711.2654557641803, 'y': 354.24379418708855, 'elapsedTime': 12084}",250473672526,1969182961,POINT (0.3704507582105105 0.3280035131361931),,,,,,,,,,,,,,,,,,,,,,,
0,25,7,"{'x': 711.2654557641803, 'y': 354.24379418708855, 'elapsedTime': 12084}",250473689193,1969199627,POINT (0.3704507582105105 0.3280035131361931),,,,,,,,,,,,,,,,,,,,,,,
0,25,7,"{'x': 711.2654557641803, 'y': 354.24379418708855, 'elapsedTime': 12084}",250473705860,1969216294,POINT (0.3704507582105105 0.3280035131361931),,,,,,,,,,,,,,,,,,,,,,,
0,25,7,"{'x': 711.2654557641803, 'y': 354.24379418708855, 'elapsedTime': 12084}",250473722536,1969232969,POINT (0.3704507582105105 0.3280035131361931),,,,,,,,,,,,,,,,,,,,,,,
0,25,7,"{'x': 711.2654557641803, 'y': 354.24379418708855, 'elapsedTime': 12084}",250473739203,1969249636,POINT (0.3704507582105105 0.3280035131361931),,,,,,,,,,,,,,,,,,,,,,,
0,25,7,"{'x': 711.2654557641803, 'y': 354.24379418708855, 'elapsedTime': 12084}",250473755862,1969266294,POINT (0.3704507582105105 0.3280035131361931),,,,,,,,,,,,,,,,,,,,,,,
0,25,7,"{'x': 711.2654557641803, 'y': 354.24379418708855, 'elapsedTime': 12084}",250473772542,1969282974,POINT (0.3704507582105105 0.3280035131361931),,,,,,,,,,,,,,,,,,,,,,,
0,25,7,"{'x': 711.2654557641803, 'y': 354.24379418708855, 'elapsedTime': 12084}",250473789210,1969299641,POINT (0.3704507582105105 0.3280035131361931),,,,,,,,,,,,,,,,,,,,,,,
0,25,7,"{'x': 711.2654557641803, 'y': 354.24379418708855, 'elapsedTime': 12084}",250473805868,1969316299,POINT (0.3704507582105105 0.3280035131361931),,,,,,,,,,,,,,,,,,,,,,,
0,25,7,"{'x': 711.2654557641803, 'y': 354.24379418708855, 'elapsedTime': 12084}",250473822544,1969332974,POINT (0.3704507582105105 0.3280035131361931),,,,,,,,,,,,,,,,,,,,,,,
0,25,7,"{'x': 711.2654557641803, 'y': 354.24379418708855, 'elapsedTime': 12084}",250473839202,1969349632,POINT (0.3704507582105105 0.3280035131361931),,,,,,,,,,,,,,,,,,,,,,,
0,25,7,"{'x': 711.2654557641803, 'y': 354.24379418708855, 'elapsedTime': 12084}",250473855877,1969366307,POINT (0.3704507582105105 0.3280035131361931),,,,,,,,,,,,,,,,,,,,,,,
0,25,7,"{'x': 711.2654557641803, 'y': 354.24379418708855, 'elapsedTime': 12084}",250473872545,1969382974,POINT (0.3704507582105105 0.3280035131361931),,,,,,,,,,,,,,,,,,,,,,,
0,25,7,"{'x': 711.2654557641803, 'y': 354.24379418708855, 'elapsedTime': 12084}",250473889212,1969399641,POINT (0.3704507582105105 0.3280035131361931),,,,,,,,,,,,,,,,,,,,,,,
0,25,7,"{'x': 711.2654557641803, 'y': 354.24379418708855, 'elapsedTime': 12084}",250473905877,1969416305,POINT (0.3704507582105105 0.3280035131361931),,,,,,,,,,,,,,,,,,,,,,,
0,25,7,"{'x': 711.2654557641803, 'y': 354.24379418708855, 'elapsedTime': 12084}",250473922552,1969432980,POINT (0.3704507582105105 0.3280035131361931),,,,,,,,,,,,,,,,,,,,,,,
0,25,7,"{'x': 711.2654557641803, 'y': 354.24379418708855, 'elapsedTime': 12084}",250473939220,1969449647,POINT (0.3704507582105105 0.3280035131361931),,,,,,,,,,,,,,,,,,,,,,,
0,25,7,"{'x': 711.2654557641803, 'y': 354.24379418708855, 'elapsedTime': 12084}",250473955886,1969466313,POINT (0.3704507582105105 0.3280035131361931),,,,,,,,,,,,,,,,,,,,,,,
0,25,7,"{'x': 711.2654557641803, 'y': 354.24379418708855, 'elapsedTime': 12084}",250473972554,1969482980,POINT (0.3704507582105105 0.3280035131361931),,,,,,,,,,,,,,,,,,,,,,,
0,25,7,"{'x': 711.2654557641803, 'y': 354.24379418708855, 'elapsedTime': 12084}",250473989220,1969499646,POINT (0.3704507582105105 0.3280035131361931),,,,,,,,,,,,,,,,,,,,,,,
0,25,7,"{'x': 711.2654557641803, 'y': 354.24379418708855, 'elapsedTime': 12084}",250474005888,1969516313,POINT (0.3704507582105105 0.3280035131361931),,,,,,,,,,,,,,,,,,,,,,,
0,25,7,"{'x': 711.2654557641803, 'y': 354.24379418708855, 'elapsedTime': 12084}",250474022556,1969532981,POINT (0.3704507582105105 0.3280035131361931),,,,,,,,,,,,,,,,,,,,,,,
0,25,7,"{'x': 711.2654557641803, 'y': 354.24379418708855, 'elapsedTime': 12084}",250474039224,1969549648,POINT (0.3704507582105105 0.3280035131361931),,,,,,,,,,,,,,,,,,,,,,,
0,25,7,"{'x': 711.2654557641803, 'y': 354.24379418708855, 'elapsedTime': 12084}",250474055890,1969566314,POINT (0.3704507582105105 0.3280035131361931),,,,,,,,,,,,,,,,,,,,,,,
0,25,7,"{'x': 711.2654557641803, 'y': 354.24379418708855, 'elapsedTime': 12084}",250474072557,1969582980,POINT (0.3704507582105105 0.3280035131361931),,,,,,,,,,,,,,,,,,,,,,,
0,25,7,"{'x': 711.2654557641803, 'y': 354.24379418708855, 'elapsedTime': 12084}",250474089224,1969599647,POINT (0.3704507582105105 0.3280035131361931),,,,,,,,,,,,,,,,,,,,,,,
0,25,7,"{'x': 711.2654557641803, 'y': 354.24379418708855, 'elapsedTime': 12084}",250474105892,1969616314,POINT (0.3704507582105105 0.3280035131361931),,,,,,,,,,,,,,,,,,,,,,,
0,25,7,"{'x': 711.2654557641803, 'y': 354.24379418708855, 'elapsedTime': 12084}",250474122558,1969632980,POINT (0.3704507582105105 0.3280035131361931),,,,,,,,,,,,,,,,,,,,,,,
0,25,7,"{'x': 711.2654557641803, 'y': 354.24379418708855, 'elapsedTime': 12084}",250474139226,1969649648,POINT (0.3704507582105105 0.3280035131361931),,,,,,,,,,,,,,,,,,,,,,,
0,25,7,"{'x': 711.2654557641803, 'y': 354.24379418708855, 'elapsedTime': 12084}",250474155892,1969666313,POINT (0.3704507582105105 0.3280035131361931),,,,,,,,,,,,,,,,,,,,,,,
0,25,7,"{'x': 711.2654557641803, 'y': 354.24379418708855, 'elapsedTime': 12084}",250474172558,1969682979,POINT (0.3704507582105105 0.3280035131361931),,,,,,,,,,,,,,,,,,,,,,,
0,25,7,"{'x': 711.2654557641803, 'y': 354.24379418708855, 'elapsedTime': 12084}",250474189226,1969699646,POINT (0.3704507582105105 0.3280035131361931),,,,,,,,,,,,,,,,,,,,,,,
0,25,7,"{'x': 711.2654557641803, 'y': 354.24379418708855, 'elapsedTime': 12084}",250474205893,1969716313,POINT (0.3704507582105105 0.3280035131361931),,,,,,,,,,,,,,,,,,,,,,,
0,25,7,"{'x': 711.2654557641803, 'y': 354.24379418708855, 'elapsedTime': 12084}",250474222560,1969732979,POINT (0.3704507582105105 0.3280035131361931),,,,,,,,,,,,,,,,,,,,,,,
0,25,7,"{'x': 711.2654557641803, 'y': 354.24379418708855, 'elapsedTime': 12084}",250474239226,1969749645,POINT (0.3704507582105105 0.3280035131361931),,,,,,,,,,,,,,,,,,,,,,,
0,25,7,"{'x': 711.2654557641803, 'y': 354.24379418708855, 'elapsedTime': 12084}",250474255903,1969766321,POINT (0.3704507582105105 0.3280035131361931),,,,,,,,,,,,,,,,,,,,,,,
0,25,7,"{'x': 711.2654557641803, 'y': 354.24379418708855, 'elapsedTime': 12084}",250474272561,1969782979,POINT (0.3704507582105105 0.3280035131361931),,,,,,,,,,,,,,,,,,,,,,,
0,25,7,"{'x': 711.2654557641803, 'y': 354.24379418708855, 'elapsedTime': 12084}",250474289232,1969799649,POINT (0.3704507582105105 0.3280035131361931),,,,,,,,,,,,,,,,,,,,,,,
0,25,7,"{'x': 711.2654557641803, 'y': 354.24379418708855, 'elapsedTime': 12084}",250474305898,1969816315,POINT (0.3704507582105105 0.3280035131361931),,,,,,,,,,,,,,,,,,,,,,,
0,25,7,"{'x': 711.2654557641803, 'y': 354.24379418708855, 'elapsedTime': 12084}",250474322566,1969832982,POINT (0.3704507582105105 0.3280035131361931),,,,,,,,,,,,,,,,,,,,,,,
0,25,7,"{'x': 711.2654557641803, 'y': 354.24379418708855, 'elapsedTime': 12084}",250474339233,1969849649,POINT (0.3704507582105105 0.3280035131361931),,,,,,,,,,,,,,,,,,,,,,,
0,25,7,"{'x': 711.2654557641803, 'y': 354.24379418708855, 'elapsedTime': 12084}",250474355901,1969866316,POINT (0.3704507582105105 0.3280035131361931),,,,,,,,,,,,,,,,,,,,,,,
0,25,7,"{'x': 711.2654557641803, 'y': 354.24379418708855, 'elapsedTime': 12084}",250474372567,1969882982,POINT (0.3704507582105105 0.3280035131361931),,,,,,,,,,,,,,,,,,,,,,,
0,25,7,"{'x': 711.2654557641803, 'y': 354.24379418708855, 'elapsedTime': 12084}",250474389235,1969899649,POINT (0.3704507582105105 0.3280035131361931),,,,,,,,,,,,,,,,,,,,,,,
0,25,7,"{'x': 711.2654557641803, 'y': 354.24379418708855, 'elapsedTime': 12084}",250474405902,1969916316,POINT (0.3704507582105105 0.3280035131361931),,,,,,,,,,,,,,,,,,,,,,,
0,25,7,"{'x': 711.2654557641803, 'y': 354.24379418708855, 'elapsedTime': 12084}",250474422576,1969932990,POINT (0.3704507582105105 0.3280035131361931),,,,,,,,,,,,,,,,,,,,,,,
0,25,7,"{'x': 711.2654557641803, 'y': 354.24379418708855, 'elapsedTime': 12084}",250474439244,1969949657,POINT (0.3704507582105105 0.3280035131361931),,,,,,,,,,,,,,,,,,,,,,,
0,25,7,"{'x': 711.2654557641803, 'y': 354.24379418708855, 'elapsedTime': 12084}",250474455910,1969966323,POINT (0.3704507582105105 0.3280035131361931),,,,,,,,,,,,,,,,,,,,,,,
0,25,7,"{'x': 711.2654557641803, 'y': 354.24379418708855, 'elapsedTime': 12084}",250474472578,1969982990,POINT (0.3704507582105105 0.3280035131361931),,,,,,,,,,,,,,,,,,,,,,,
0,25,7,"{'x': 711.2654557641803, 'y': 354.24379418708855, 'elapsedTime': 12084}",250474489245,1969999657,POINT (0.3704507582105105 0.3280035131361931),,,,,,,,,,,,,,,,,,,,,,,
0,25,7,"{'x': 711.2654557641803, 'y': 354.24379418708855, 'elapsedTime': 12084}",250474505912,1970016323,POINT (0.3704507582105105 0.3280035131361931),,,,,,,,,,,,,,,,,,,,,,,
0,25,7,"{'x': 711.2654557641803, 'y': 354.24379418708855, 'elapsedTime': 12084}",250474522579,1970032990,POINT (0.3704507582105105 0.3280035131361931),,,,,,,,,,,,,,,,,,,,,,,
0,25,7,"{'x': 711.2654557641803, 'y': 354.24379418708855, 'elapsedTime': 12084}",250474539247,1970049657,POINT (0.3704507582105105 0.3280035131361931),,,,,,,,,,,,,,,,,,,,,,,
0,25,7,"{'x': 711.2654557641803, 'y': 354.24379418708855, 'elapsedTime': 12084}",250474555915,1970066325,POINT (0.3704507582105105 0.3280035131361931),,,,,,,,,,,,,,,,,,,,,,,
0,25,7,"{'x': 711.2654557641803, 'y': 354.24379418708855, 'elapsedTime': 12084}",250474572583,1970082992,POINT (0.3704507582105105 0.3280035131361931),,,,,,,,,,,,,,,,,,,,,,,
0,25,7,"{'x': 711.2654557641803, 'y': 354.24379418708855, 'elapsedTime': 12084}",250474589249,1970099658,POINT (0.3704507582105105 0.3280035131361931),,,,,,,,,,,,,,,,,,,,,,,
0,25,7,"{'x': 711.2654557641803, 'y': 354.24379418708855, 'elapsedTime': 12084}",250474605917,1970116325,POINT (0.3704507582105105 0.3280035131361931),,,,,,,,,,,,,,,,,,,,,,,
0,25,7,"{'x': 711.2654557641803, 'y': 354.24379418708855, 'elapsedTime': 12084}",250474622584,1970132992,POINT (0.3704507582105105 0.3280035131361931),,,,,,,,,,,,,,,,,,,,,,,
0,25,7,"{'x': 499.91104344053826, 'y': 500.3751180218266, 'elapsedTime': 22}",250474639260,1970149667,POINT (0.2603703351252804 0.4633102944646543),,,,,,,,,,,,,,,,,,,,,,,
0,25,7,"{'x': 499.91104344053826, 'y': 500.3751180218266, 'elapsedTime': 22}",250474655918,1970166325,POINT (0.2603703351252804 0.4633102944646543),,,,,,,,,,,,,,,,,,,,,,,
0,25,7,"{'x': 499.91104344053826, 'y': 500.3751180218266, 'elapsedTime': 22}",250474672586,1970182992,POINT (0.2603703351252804 0.4633102944646543),,,,,,,,,,,,,,,,,,,,,,,
0,25,7,"{'x': 499.91104344053826, 'y': 500.3751180218266, 'elapsedTime': 22}",250474689257,1970199663,POINT (0.2603703351252804 0.4633102944646543),,,,,,,,,,,,,,,,,,,,,,,
0,25,7,"{'x': 500.19131124533936, 'y': 500.63803943546964, 'elapsedTime': 667.5}",250474705923,1970216329,POINT (0.2605163079402809 0.4635537402180274),,,,,,,,,,,,,,,,,,,,,,,
0,25,7,"{'x': 500.19131124533936, 'y': 500.63803943546964, 'elapsedTime': 667.5}",250474722590,1970232995,POINT (0.2605163079402809 0.4635537402180274),,,,,,,,,,,,,,,,,,,,,,,
0,25,7,"{'x': 500.19131124533936, 'y': 500.63803943546964, 'elapsedTime': 667.5}",250474739258,1970249663,POINT (0.2605163079402809 0.4635537402180274),,,,,,,,,,,,,,,,,,,,,,,
0,25,7,"{'x': 505.87000876754786, 'y': 497.95813466401523, 'elapsedTime': 726.3000000119209}",250474755925,1970266329,POINT (0.2634739628997645 0.4610723469111252),,,,,,,,,,,,,,,,,,,,,,,
0,25,7,"{'x': 505.87000876754786, 'y': 497.95813466401523, 'elapsedTime': 726.3000000119209}",250474772600,1970283004,POINT (0.2634739628997645 0.4610723469111252),,,,,,,,,,,,,,,,,,,,,,,
0,25,7,"{'x': 505.87000876754786, 'y': 497.95813466401523, 'elapsedTime': 726.3000000119209}",250474789268,1970299671,POINT (0.2634739628997645 0.4610723469111252),,,,,,,,,,,,,,,,,,,,,,,
0,25,7,"{'x': 518.1069738810376, 'y': 487.7129316396701, 'elapsedTime': 778.6000000238419}",250474805926,1970316329,POINT (0.2698473822297071 0.4515860478145093),,,,,,,,,,,,,,,,,,,,,,,
0,25,7,"{'x': 518.1069738810376, 'y': 487.7129316396701, 'elapsedTime': 778.6000000238419}",250474822609,1970333011,POINT (0.2698473822297071 0.4515860478145093),,,,,,,,,,,,,,,,,,,,,,,
0,25,7,"{'x': 518.1069738810376, 'y': 487.7129316396701, 'elapsedTime': 778.6000000238419}",250474839268,1970349670,POINT (0.2698473822297071 0.4515860478145093),,,,,,,,,,,,,,,,,,,,,,,
0,25,7,"{'x': 550.3010622473726, 'y': 469.3207819328525, 'elapsedTime': 833.2000000178814}",250474855935,1970366336,POINT (0.2866151365871732 0.434556279567456),,,,,,,,,,,,,,,,,,,,,,,
0,25,7,"{'x': 550.3010622473726, 'y': 469.3207819328525, 'elapsedTime': 833.2000000178814}",250474872601,1970383002,POINT (0.2866151365871732 0.434556279567456),,,,,,,,,,,,,,,,,,,,,,,
0,25,7,"{'x': 550.3010622473726, 'y': 469.3207819328525, 'elapsedTime': 833.2000000178814}",250474889278,1970399678,POINT (0.2866151365871732 0.434556279567456),,,,,,,,,,,,,,,,,,,,,,,
0,25,7,"{'x': 594.6521356728242, 'y': 410.39018779839313, 'elapsedTime': 885.5}",250474905945,1970416345,POINT (0.3097146539962626 0.3799909146281418),,,,,,,,,,,,,,,,,,,,,,,
0,25,7,"{'x': 594.6521356728242, 'y': 410.39018779839313, 'elapsedTime': 885.5}",250474922603,1970433002,POINT (0.3097146539962626 0.3799909146281418),,,,,,,,,,,,,,,,,,,,,,,
0,25,7,"{'x': 594.6521356728242, 'y': 410.39018779839313, 'elapsedTime': 885.5}",250474939270,1970449669,POINT (0.3097146539962626 0.3799909146281418),,,,,,,,,,,,,,,,,,,,,,,
0,25,7,"{'x': 629.917997747559, 'y': 385.2829925923721, 'elapsedTime': 939}",250474955953,1970466351,POINT (0.3280822904935203 0.3567435116596038),,,,,,,,,,,,,,,,,,,,,,,
0,25,7,"{'x': 629.917997747559, 'y': 385.2829925923721, 'elapsedTime': 939}",250474972610,1970483008,POINT (0.3280822904935203 0.3567435116596038),,,,,,,,,,,,,,,,,,,,,,,
0,25,7,"{'x': 629.917997747559, 'y': 385.2829925923721, 'elapsedTime': 939}",250474989277,1970499675,POINT (0.3280822904935203 0.3567435116596038),,,,,,,,,,,,,,,,,,,,,,,
0,25,7,"{'x': 629.917997747559, 'y': 385.2829925923721, 'elapsedTime': 939}",250475005954,1970516351,POINT (0.3280822904935203 0.3567435116596038),,,,,,,,,,,,,,,,,,,,,,,
0,25,7,"{'x': 667.7360684855197, 'y': 334.31905726769037, 'elapsedTime': 996.3000000119209}",250475022611,1970533008,POINT (0.3477792023362082 0.3095546826552689),,,,,,,,,,,,,,,,,,,,,,1,
0,25,7,"{'x': 667.7360684855197, 'y': 334.31905726769037, 'elapsedTime': 996.3000000119209}",250475039279,1970549675,POINT (0.3477792023362082 0.3095546826552689),,,,,,,,,,,,,,,,,,,,,,1,
0,25,7,"{'x': 667.7360684855197, 'y': 334.31905726769037, 'elapsedTime': 996.3000000119209}",250475055946,1970566342,POINT (0.3477792023362082 0.3095546826552689),,,,,,,,,,,,,,,,,,,,,,1,
0,25,7,"{'x': 741.5789437934286, 'y': 204.36623519570026, 'elapsedTime': 1049.7000000178814}",250475072616,1970583011,POINT (0.386239033225744 0.1892279955515743),,,,,,,,,,,,,,,,,,,,,,,
0,25,7,"{'x': 741.5789437934286, 'y': 204.36623519570026, 'elapsedTime': 1049.7000000178814}",250475089291,1970599686,POINT (0.386239033225744 0.1892279955515743),,,,,,,,,,,,,,,,,,,,,,,
0,25,7,"{'x': 741.5789437934286, 'y': 204.36623519570026, 'elapsedTime': 1049.7000000178814}",250475105951,1970616345,POINT (0.386239033225744 0.1892279955515743),,,,,,,,,,,,,,,,,,,,,,,
0,25,7,"{'x': 756.6098014389968, 'y': 164.11058450677325, 'elapsedTime': 1100.1000000238419}",250475122626,1970633020,POINT (0.3940676049161442 0.1519542449136789),,,,,,,,,,,,,,,,,,,,,1,,
0,25,7,"{'x': 756.6098014389968, 'y': 164.11058450677325, 'elapsedTime': 1100.1000000238419}",250475139293,1970649686,POINT (0.3940676049161442 0.1519542449136789),,,,,,,,,,,,,,,,,,,,,1,,
0,25,7,"{'x': 756.6098014389968, 'y': 164.11058450677325, 'elapsedTime': 1100.1000000238419}",250475155952,1970666345,POINT (0.3940676049161442 0.1519542449136789),,,,,,,,,,,,,,,,,,,,,1,,
0,25,7,"{'x': 756.6098014389968, 'y': 164.11058450677325, 'elapsedTime': 1100.1000000238419}",250475172628,1970683020,POINT (0.3940676049161442 0.1519542449136789),,,,,,,,,,,,,,,,,,,,,1,,
0,25,7,"{'x': 764.3525071407009, 'y': 111.54309149698815, 'elapsedTime': 1152.2000000178814}",250475189295,1970699687,POINT (0.3981002641357818 0.103280640274989),,,,,,,,,,,,,,,,,,,,,,,
0,25,7,"{'x': 764.3525071407009, 'y': 111.54309149698815, 'elapsedTime': 1152.2000000178814}",250475205967,1970716358,POINT (0.3981002641357818 0.103280640274989),,,,,,,,,,,,,,,,,,,,,,,
0,25,7,"{'x': 764.3525071407009, 'y': 111.54309149698815, 'elapsedTime': 1152.2000000178814}",250475222633,1970733024,POINT (0.3981002641357818 0.103280640274989),,,,,,,,,,,,,,,,,,,,,,,
0,25,7,"{'x': 760.0338503929963, 'y': 162.34960323573526, 'elapsedTime': 1206.4000000059605}",250475239301,1970749691,POINT (0.3958509637463523 0.1503237066997549),,,,,,,,,,,,,,,,,,,,,1,,
0,25,7,"{'x': 760.0338503929963, 'y': 162.34960323573526, 'elapsedTime': 1206.4000000059605}",250475255968,1970766358,POINT (0.3958509637463523 0.1503237066997549),,,,,,,,,,,,,,,,,,,,,1,,
0,25,7,"{'x': 730.6634347092378, 'y': 182.74052407031317, 'elapsedTime': 1256.800000011921}",250475272634,1970783024,POINT (0.3805538722443947 0.1692041889539937),,,,,,,,,,,,,,,,,,,,,1,,
0,25,7,"{'x': 730.6634347092378, 'y': 182.74052407031317, 'elapsedTime': 1256.800000011921}",250475289302,1970799691,POINT (0.3805538722443947 0.1692041889539937),,,,,,,,,,,,,,,,,,,,,1,,
0,25,7,"{'x': 730.6634347092378, 'y': 182.74052407031317, 'elapsedTime': 1256.800000011921}",250475305968,1970816357,POINT (0.3805538722443947 0.1692041889539937),,,,,,,,,,,,,,,,,,,,,1,,
0,25,7,"{'x': 730.6634347092378, 'y': 182.74052407031317, 'elapsedTime': 1256.800000011921}",250475322636,1970833024,POINT (0.3805538722443947 0.1692041889539937),,,,,,,,,,,,,,,,,,,,,1,,
0,25,7,"{'x': 716.145151395762, 'y': 229.13318625425904, 'elapsedTime': 1307.1000000238419}",250475339308,1970849696,POINT (0.3729922663519594 0.2121603576428324),,,,,,,,,,,,,,,,,,,,,,,
0,25,7,"{'x': 716.145151395762, 'y': 229.13318625425904, 'elapsedTime': 1307.1000000238419}",250475355975,1970866362,POINT (0.3729922663519594 0.2121603576428324),,,,,,,,,,,,,,,,,,,,,,,
0,25,7,"{'x': 716.145151395762, 'y': 229.13318625425904, 'elapsedTime': 1307.1000000238419}",250475372642,1970883029,POINT (0.3729922663519594 0.2121603576428324),,,,,,,,,,,,,,,,,,,,,,,
0,25,7,"{'x': 691.460423540355, 'y': 305.16231513511894, 'elapsedTime': 1358}",250475389310,1970899696,POINT (0.3601356372606016 0.2825576991991842),,,,,,,,,,,,,,,,,,,,,1,1,
0,25,7,"{'x': 691.460423540355, 'y': 305.16231513511894, 'elapsedTime': 1358}",250475405976,1970916362,POINT (0.3601356372606016 0.2825576991991842),,,,,,,,,,,,,,,,,,,,,1,1,
0,25,7,"{'x': 691.460423540355, 'y': 305.16231513511894, 'elapsedTime': 1358}",250475422644,1970933029,POINT (0.3601356372606016 0.2825576991991842),,,,,,,,,,,,,,,,,,,,,1,1,
0,25,7,"{'x': 691.1169525659894, 'y': 340.2598296003575, 'elapsedTime': 1413.9000000059605}",250475439310,1970949695,POINT (0.3599567461281195 0.3150553977781088),,,,,,,,,,,,,,,,,,,,,,1,
0,25,7,"{'x': 691.1169525659894, 'y': 340.2598296003575, 'elapsedTime': 1413.9000000059605}",250475455978,1970966362,POINT (0.3599567461281195 0.3150553977781088),,,,,,,,,,,,,,,,,,,,,,1,
0,25,7,"{'x': 691.1169525659894, 'y': 340.2598296003575, 'elapsedTime': 1413.9000000059605}",250475472650,1970983034,POINT (0.3599567461281195 0.3150553977781088),,,,,,,,,,,,,,,,,,,,,,1,
0,25,7,"{'x': 698.4546547641592, 'y': 344.1397097347211, 'elapsedTime': 1468.5}",250475489318,1970999701,POINT (0.3637784660229996 0.318647879384001),,,,,,,,,,,,,,,,,,,,,,1,
0,25,7,"{'x': 698.4546547641592, 'y': 344.1397097347211, 'elapsedTime': 1468.5}",250475505984,1971016367,POINT (0.3637784660229996 0.318647879384001),,,,,,,,,,,,,,,,,,,,,,1,
0,25,7,"{'x': 698.4546547641592, 'y': 344.1397097347211, 'elapsedTime': 1468.5}",250475522652,1971033034,POINT (0.3637784660229996 0.318647879384001),,,,,,,,,,,,,,,,,,,,,,1,
0,25,7,"{'x': 682.5152674887993, 'y': 334.72992413227325, 'elapsedTime': 1520.300000011921}",250475539319,1971049701,POINT (0.355476701817083 0.30993511493729),,,,,,,,,,,,,,,,,,,,,,1,
0,25,7,"{'x': 682.5152674887993, 'y': 334.72992413227325, 'elapsedTime': 1520.300000011921}",250475555977,1971066359,POINT (0.355476701817083 0.30993511493729),,,,,,,,,,,,,,,,,,,,,,1,
0,25,7,"{'x': 682.5152674887993, 'y': 334.72992413227325, 'elapsedTime': 1520.300000011921}",250475572644,1971083025,POINT (0.355476701817083 0.30993511493729),,,,,,,,,,,,,,,,,,,,,,1,
0,25,7,"{'x': 702.4393216904867, 'y': 306.74083332173745, 'elapsedTime': 1574.300000011921}",250475589311,1971099692,POINT (0.3658538133804619 0.2840192901127199),,,,,,,,,,,,,,,,,,,,,1,1,
0,25,7,"{'x': 702.4393216904867, 'y': 306.74083332173745, 'elapsedTime': 1574.300000011921}",250475605985,1971116365,POINT (0.3658538133804619 0.2840192901127199),,,,,,,,,,,,,,,,,,,,,1,1,
0,25,7,"{'x': 702.4393216904867, 'y': 306.74083332173745, 'elapsedTime': 1574.300000011921}",250475622651,1971133031,POINT (0.3658538133804619 0.2840192901127199),,,,,,,,,,,,,,,,,,,,,1,1,
0,25,7,"{'x': 702.4393216904867, 'y': 306.74083332173745, 'elapsedTime': 1574.300000011921}",250475639319,1971149698,POINT (0.3658538133804619 0.2840192901127199),,,,,,,,,,,,,,,,,,,,,1,1,
0,25,7,"{'x': 688.9502342515184, 'y': 355.75875152725604, 'elapsedTime': 1625.1000000238419}",250475655986,1971166365,POINT (0.3588282470059992 0.3294062514141259),,,,,,,,,,,,,,,,,,,,,,,
0,25,7,"{'x': 688.9502342515184, 'y': 355.75875152725604, 'elapsedTime': 1625.1000000238419}",250475672653,1971183031,POINT (0.3588282470059992 0.3294062514141259),,,,,,,,,,,,,,,,,,,,,,,
0,25,7,"{'x': 688.9502342515184, 'y': 355.75875152725604, 'elapsedTime': 1625.1000000238419}",250475689320,1971199698,POINT (0.3588282470059992 0.3294062514141259),,,,,,,,,,,,,,,,,,,,,,,
0,25,7,"{'x': 721.7696293810488, 'y': 355.025630027062, 'elapsedTime': 1677.1000000238419}",250475705989,1971216366,POINT (0.3759216819692963 0.3287274352102426),,,,,,,,,,,,,,,,,,,,,,,
0,25,7,"{'x': 721.7696293810488, 'y': 355.025630027062, 'elapsedTime': 1677.1000000238419}",250475722654,1971233031,POINT (0.3759216819692963 0.3287274352102426),,,,,,,,,,,,,,,,,,,,,,,
0,25,7,"{'x': 721.7696293810488, 'y': 355.025630027062, 'elapsedTime': 1677.1000000238419}",250475739328,1971249704,POINT (0.3759216819692963 0.3287274352102426),,,,,,,,,,,,,,,,,,,,,,,
0,25,7,"{'x': 698.6415569858394, 'y': 338.13506971194283, 'elapsedTime': 1728.2000000178814}",250475755994,1971266370,POINT (0.3638758109301247 0.3130880275110582),,,,,,,,,,,,,,,,,,,,,,1,
0,25,7,"{'x': 698.6415569858394, 'y': 338.13506971194283, 'elapsedTime': 1728.2000000178814}",250475772661,1971283036,POINT (0.3638758109301247 0.3130880275110582),,,,,,,,,,,,,,,,,,,,,,1,
0,25,7,"{'x': 698.6415569858394, 'y': 338.13506971194283, 'elapsedTime': 1728.2000000178814}",250475789328,1971299703,POINT (0.3638758109301247 0.3130880275110582),,,,,,,,,,,,,,,,,,,,,,1,
0,25,7,"{'x': 701.3245832602252, 'y': 281.7763635043225, 'elapsedTime': 1778.300000011921}",250475805996,1971316370,POINT (0.365273220448034 0.2609040402817801),,,,,,,,,,,,,,,,,,,,,1,1,
0,25,7,"{'x': 701.3245832602252, 'y': 281.7763635043225, 'elapsedTime': 1778.300000011921}",250475822671,1971333045,POINT (0.365273220448034 0.2609040402817801),,,,,,,,,,,,,,,,,,,,,1,1,
0,25,7,"{'x': 701.3245832602252, 'y': 281.7763635043225, 'elapsedTime': 1778.300000011921}",250475839328,1971349702,POINT (0.365273220448034 0.2609040402817801),,,,,,,,,,,,,,,,,,,,,1,1,
0,25,7,"{'x': 701.3245832602252, 'y': 281.7763635043225, 'elapsedTime': 1778.300000011921}",250475855997,1971366370,POINT (0.365273220448034 0.2609040402817801),,,,,,,,,,,,,,,,,,,,,1,1,
0,25,7,"{'x': 729.9641373965566, 'y': 267.4216300412031, 'elapsedTime': 1832.4000000059605}",250475872677,1971383050,POINT (0.3801896548940399 0.2476126204085214),,,,,,,,,,,,,,,,,,,,,1,1,
0,25,7,"{'x': 729.9641373965566, 'y': 267.4216300412031, 'elapsedTime': 1832.4000000059605}",250475889344,1971399716,POINT (0.3801896548940399 0.2476126204085214),,,,,,,,,,,,,,,,,,,,,1,1,
0,25,7,"{'x': 729.9641373965566, 'y': 267.4216300412031, 'elapsedTime': 1832.4000000059605}",250475906011,1971416383,POINT (0.3801896548940399 0.2476126204085214),,,,,,,,,,,,,,,,,,,,,1,1,
0,25,7,"{'x': 756.7325394596879, 'y': 230.9438462290775, 'elapsedTime': 1896.6000000238419}",250475922679,1971433050,POINT (0.3941315309685874 0.2138368946565533),,,,,,,,,,,,,,,,,,,,,,1,
0,25,7,"{'x': 756.7325394596879, 'y': 230.9438462290775, 'elapsedTime': 1896.6000000238419}",250475939345,1971449716,POINT (0.3941315309685874 0.2138368946565533),,,,,,,,,,,,,,,,,,,,,,1,
0,25,7,"{'x': 754.014520704799, 'y': 264.8086083672416, 'elapsedTime': 1949}",250475956013,1971466383,POINT (0.3927158962004161 0.2451931558955941),,,,,,,,,,,,,,,,,,,,,1,1,
0,25,7,"{'x': 754.014520704799, 'y': 264.8086083672416, 'elapsedTime': 1949}",250475972680,1971483050,POINT (0.3927158962004161 0.2451931558955941),,,,,,,,,,,,,,,,,,,,,1,1,
0,25,7,"{'x': 754.014520704799, 'y': 264.8086083672416, 'elapsedTime': 1949}",250475989351,1971499720,POINT (0.3927158962004161 0.2451931558955941),,,,,,,,,,,,,,,,,,,,,1,1,
0,25,7,"{'x': 754.014520704799, 'y': 264.8086083672416, 'elapsedTime': 1949}",250476006018,1971516387,POINT (0.3927158962004161 0.2451931558955941),,,,,,,,,,,,,,,,,,,,,1,1,
0,25,7,"{'x': 754.014520704799, 'y': 264.8086083672416, 'elapsedTime': 1949}",250476022677,1971533045,POINT (0.3927158962004161 0.2451931558955941),,,,,,,,,,,,,,,,,,,,,1,1,
0,25,7,"{'x': 742.0263947411711, 'y': 280.66771131138506, 'elapsedTime': 2000.800000011921}",250476039343,1971549711,POINT (0.38647208059436 0.2598775104735047),,,,,,,,,,,,,,,,,,,,,1,1,
0,25,7,"{'x': 742.0263947411711, 'y': 280.66771131138506, 'elapsedTime': 2000.800000011921}",250476056020,1971566387,POINT (0.38647208059436 0.2598775104735047),,,,,,,,,,,,,,,,,,,,,1,1,
0,25,7,"{'x': 742.0263947411711, 'y': 280.66771131138506, 'elapsedTime': 2000.800000011921}",250476072678,1971583045,POINT (0.38647208059436 0.2598775104735047),,,,,,,,,,,,,,,,,,,,,1,1,
0,25,7,"{'x': 765.767622175137, 'y': 247.7044996402616, 'elapsedTime': 2069}",250476089354,1971599720,POINT (0.3988373032162172 0.2293560181854274),,,,,,,,,,,,,,,,,,,,,,1,
0,25,7,"{'x': 765.767622175137, 'y': 247.7044996402616, 'elapsedTime': 2069}",250476106012,1971616378,POINT (0.3988373032162172 0.2293560181854274),,,,,,,,,,,,,,,,,,,,,,1,
0,25,7,"{'x': 765.767622175137, 'y': 247.7044996402616, 'elapsedTime': 2069}",250476122683,1971633049,POINT (0.3988373032162172 0.2293560181854274),,,,,,,,,,,,,,,,,,,,,,1,
0,25,7,"{'x': 765.767622175137, 'y': 247.7044996402616, 'elapsedTime': 2069}",250476139351,1971649716,POINT (0.3988373032162172 0.2293560181854274),,,,,,,,,,,,,,,,,,,,,,1,
0,25,7,"{'x': 755.8912646624041, 'y': 250.78923340549622, 'elapsedTime': 2123.9000000059605}",250476156017,1971666382,POINT (0.3936933670116688 0.2322122531532372),,,,,,,,,,,,,,,,,,,,,,1,
0,25,7,"{'x': 755.8912646624041, 'y': 250.78923340549622, 'elapsedTime': 2123.9000000059605}",250476172684,1971683048,POINT (0.3936933670116688 0.2322122531532372),,,,,,,,,,,,,,,,,,,,,,1,
0,25,7,"{'x': 755.8912646624041, 'y': 250.78923340549622, 'elapsedTime': 2123.9000000059605}",250476189352,1971699716,POINT (0.3936933670116688 0.2322122531532372),,,,,,,,,,,,,,,,,,,,,,1,
0,25,7,"{'x': 761.3110432989648, 'y': 210.75149523923602, 'elapsedTime': 2173.100000023842}",250476206018,1971716381,POINT (0.3965161683848775 0.195140273369663),,,,,,,,,,,,,,,,,,,,,,,
0,25,7,"{'x': 761.3110432989648, 'y': 210.75149523923602, 'elapsedTime': 2173.100000023842}",250476222685,1971733048,POINT (0.3965161683848775 0.195140273369663),,,,,,,,,,,,,,,,,,,,,,,
0,25,7,"{'x': 761.3110432989648, 'y': 210.75149523923602, 'elapsedTime': 2173.100000023842}",250476239352,1971749714,POINT (0.3965161683848775 0.195140273369663),,,,,,,,,,,,,,,,,,,,,,,
0,25,7,"{'x': 737.1171114411163, 'y': 226.24884032446965, 'elapsedTime': 2225.7000000178814}",250476256024,1971766386,POINT (0.3839151622089148 0.2094896669671015),,,,,,,,,,,,,,,,,,,,,,,
0,25,7,"{'x': 737.1171114411163, 'y': 226.24884032446965, 'elapsedTime': 2225.7000000178814}",250476272692,1971783053,POINT (0.3839151622089148 0.2094896669671015),,,,,,,,,,,,,,,,,,,,,,,
0,25,7,"{'x': 737.1171114411163, 'y': 226.24884032446965, 'elapsedTime': 2225.7000000178814}",250476289358,1971799719,POINT (0.3839151622089148 0.2094896669671015),,,,,,,,,,,,,,,,,,,,,,,
0,25,7,"{'x': 746.879725042925, 'y': 243.75559662571533, 'elapsedTime': 2276.7000000178814}",250476306026,1971816386,POINT (0.3889998567931901 0.225699626505292),,,,,,,,,,,,,,,,,,,,,,1,
0,25,7,"{'x': 746.879725042925, 'y': 243.75559662571533, 'elapsedTime': 2276.7000000178814}",250476322692,1971833052,POINT (0.3889998567931901 0.225699626505292),,,,,,,,,,,,,,,,,,,,,,1,
0,25,7,"{'x': 746.879725042925, 'y': 243.75559662571533, 'elapsedTime': 2276.7000000178814}",250476339360,1971849719,POINT (0.3889998567931901 0.225699626505292),,,,,,,,,,,,,,,,,,,,,,1,
0,25,7,"{'x': 751.4588413425338, 'y': 262.78836096280025, 'elapsedTime': 2326.9000000059605}",250476356027,1971866386,POINT (0.3913848131992364 0.2433225564470373),,,,,,,,,,,,,,,,,,,,,,1,
0,25,7,"{'x': 751.4588413425338, 'y': 262.78836096280025, 'elapsedTime': 2326.9000000059605}",250476372694,1971883052,POINT (0.3913848131992364 0.2433225564470373),,,,,,,,,,,,,,,,,,,,,,1,
0,25,7,"{'x': 774.7672503138155, 'y': 250.51684931926954, 'elapsedTime': 2377.300000011921}",250476389375,1971899733,POINT (0.4035246095384455 0.2319600456659903),,,,,,,,,,,,,,,,,,,,,,1,
0,25,7,"{'x': 774.7672503138155, 'y': 250.51684931926954, 'elapsedTime': 2377.300000011921}",250476406041,1971916399,POINT (0.4035246095384455 0.2319600456659903),,,,,,,,,,,,,,,,,,,,,,1,
0,25,7,"{'x': 774.7672503138155, 'y': 250.51684931926954, 'elapsedTime': 2377.300000011921}",250476422709,1971933066,POINT (0.4035246095384455 0.2319600456659903),,,,,,,,,,,,,,,,,,,,,,1,
0,25,7,"{'x': 774.7672503138155, 'y': 250.51684931926954, 'elapsedTime': 2377.300000011921}",250476439376,1971949733,POINT (0.4035246095384455 0.2319600456659903),,,,,,,,,,,,,,,,,,,,,,1,
0,25,7,"{'x': 808.1940651119372, 'y': 231.41267168925216, 'elapsedTime': 2427.4000000059605}",250476456035,1971966391,POINT (0.4209344089124673 0.2142709923048631),,,,,,,,,,,,,,,,,,,,,,1,
0,25,7,"{'x': 808.1940651119372, 'y': 231.41267168925216, 'elapsedTime': 2427.4000000059605}",250476472701,1971983057,POINT (0.4209344089124673 0.2142709923048631),,,,,,,,,,,,,,,,,,,,,,1,
0,25,7,"{'x': 808.1940651119372, 'y': 231.41267168925216, 'elapsedTime': 2427.4000000059605}",250476489369,1971999724,POINT (0.4209344089124673 0.2142709923048631),,,,,,,,,,,,,,,,,,,,,,1,
0,25,7,"{'x': 826.0503081886983, 'y': 238.11967169157487, 'elapsedTime': 2484.9000000059605}",250476506036,1972016391,POINT (0.430234535514947 0.220481177492199),,,,,,,,,,,,,,,,,,,,,,1,
0,25,7,"{'x': 826.0503081886983, 'y': 238.11967169157487, 'elapsedTime': 2484.9000000059605}",250476522709,1972033063,POINT (0.430234535514947 0.220481177492199),,,,,,,,,,,,,,,,,,,,,,1,
0,25,7,"{'x': 829.6739980021714, 'y': 265.4943584978088, 'elapsedTime': 2534.600000023842}",250476539375,1972049729,POINT (0.4321218739594643 0.2458281097201933),,,,,,,,,,,,,,,,,,,,,1,1,
0,25,7,"{'x': 829.6739980021714, 'y': 265.4943584978088, 'elapsedTime': 2534.600000023842}",250476556043,1972066396,POINT (0.4321218739594643 0.2458281097201933),,,,,,,,,,,,,,,,,,,,,1,1,
0,25,7,"{'x': 829.6739980021714, 'y': 265.4943584978088, 'elapsedTime': 2534.600000023842}",250476572709,1972083062,POINT (0.4321218739594643 0.2458281097201933),,,,,,,,,,,,,,,,,,,,,1,1,
0,25,7,"{'x': 829.6739980021714, 'y': 265.4943584978088, 'elapsedTime': 2534.600000023842}",250476589377,1972099729,POINT (0.4321218739594643 0.2458281097201933),,,,,,,,,,,,,,,,,,,,,1,1,
0,25,7,"{'x': 770.8111468068453, 'y': 241.68247419460295, 'elapsedTime': 2584.100000023842}",250476606044,1972116396,POINT (0.4014641389618986 0.2237800686987064),,,,,,,,,,,,,,,,,,,,,,1,
0,25,7,"{'x': 770.8111468068453, 'y': 241.68247419460295, 'elapsedTime': 2584.100000023842}",250476622711,1972133062,POINT (0.4014641389618986 0.2237800686987064),,,,,,,,,,,,,,,,,,,,,,1,
0,25,7,"{'x': 770.8111468068453, 'y': 241.68247419460295, 'elapsedTime': 2584.100000023842}",250476639386,1972149737,POINT (0.4014641389618986 0.2237800686987064),,,,,,,,,,,,,,,,,,,,,,1,
0,25,7,"{'x': 770.8111468068453, 'y': 241.68247419460295, 'elapsedTime': 2584.100000023842}",250476656058,1972166408,POINT (0.4014641389618986 0.2237800686987064),,,,,,,,,,,,,,,,,,,,,,1,
0,25,7,"{'x': 770.8111468068453, 'y': 241.68247419460295, 'elapsedTime': 2584.100000023842}",250476672725,1972183075,POINT (0.4014641389618986 0.2237800686987064),,,,,,,,,,,,,,,,,,,,,,1,
0,25,7,"{'x': 827.5012478687256, 'y': 239.0190237412443, 'elapsedTime': 2634}",250476689383,1972199733,POINT (0.4309902332649613 0.2213139108715225),,,,,,,,,,,,,,,,,,,,,,1,
0,25,7,"{'x': 827.5012478687256, 'y': 239.0190237412443, 'elapsedTime': 2634}",250476706051,1972216400,POINT (0.4309902332649613 0.2213139108715225),,,,,,,,,,,,,,,,,,,,,,1,
0,25,7,"{'x': 827.5012478687256, 'y': 239.0190237412443, 'elapsedTime': 2634}",250476722717,1972233066,POINT (0.4309902332649613 0.2213139108715225),,,,,,,,,,,,,,,,,,,,,,1,
0,25,7,"{'x': 827.5012478687256, 'y': 239.0190237412443, 'elapsedTime': 2634}",250476739386,1972249733,POINT (0.4309902332649613 0.2213139108715225),,,,,,,,,,,,,,,,,,,,,,1,
0,25,7,"{'x': 854.032191244729, 'y': 222.3162932531622, 'elapsedTime': 2724}",250476756053,1972266400,POINT (0.444808432939963 0.2058484196788539),,,,,,,,,,,,,,,,,,,,,,,
0,25,7,"{'x': 854.032191244729, 'y': 222.3162932531622, 'elapsedTime': 2724}",250476772724,1972283070,POINT (0.444808432939963 0.2058484196788539),,,,,,,,,,,,,,,,,,,,,,,
0,25,7,"{'x': 834.0653752227213, 'y': 179.81991403417527, 'elapsedTime': 2776.5}",250476789391,1972299737,POINT (0.4344090495951674 0.1664999204020141),,,,,,,,,,,,,,,,,,,,,1,,
0,25,7,"{'x': 834.0653752227213, 'y': 179.81991403417527, 'elapsedTime': 2776.5}",250476806060,1972316404,POINT (0.4344090495951674 0.1664999204020141),,,,,,,,,,,,,,,,,,,,,1,,
0,25,7,"{'x': 834.0653752227213, 'y': 179.81991403417527, 'elapsedTime': 2776.5}",250476822726,1972333070,POINT (0.4344090495951674 0.1664999204020141),,,,,,,,,,,,,,,,,,,,,1,,
0,25,7,"{'x': 834.0653752227213, 'y': 179.81991403417527, 'elapsedTime': 2776.5}",250476839394,1972349737,POINT (0.4344090495951674 0.1664999204020141),,,,,,,,,,,,,,,,,,,,,1,,
0,25,7,"{'x': 849.3740732207646, 'y': 148.3600711273224, 'elapsedTime': 2826.100000023842}",250476856061,1972366404,POINT (0.4423823298024815 0.1373704362290022),,,,,,,,,,,,,,,,,,,,,,,
0,25,7,"{'x': 849.3740732207646, 'y': 148.3600711273224, 'elapsedTime': 2826.100000023842}",250476872729,1972383070,POINT (0.4423823298024815 0.1373704362290022),,,,,,,,,,,,,,,,,,,,,,,
0,25,7,"{'x': 849.3740732207646, 'y': 148.3600711273224, 'elapsedTime': 2826.100000023842}",250476889404,1972399745,POINT (0.4423823298024815 0.1373704362290022),,,,,,,,,,,,,,,,,,,,,,,
0,25,7,"{'x': 824.7888101875277, 'y': 157.02744606085193, 'elapsedTime': 2879.100000023842}",250476906066,1972416406,POINT (0.429577505306004 0.1453957833896777),,,,,,,,,,,,,,,,,,,,,1,,
0,25,7,"{'x': 824.7888101875277, 'y': 157.02744606085193, 'elapsedTime': 2879.100000023842}",250476922733,1972433073,POINT (0.429577505306004 0.1453957833896777),,,,,,,,,,,,,,,,,,,,,1,,
0,25,7,"{'x': 824.7888101875277, 'y': 157.02744606085193, 'elapsedTime': 2879.100000023842}",250476939410,1972449748,POINT (0.429577505306004 0.1453957833896777),,,,,,,,,,,,,,,,,,,,,1,,
0,25,7,"{'x': 829.4739228353385, 'y': 209.32874924166282, 'elapsedTime': 2938.600000023842}",250476956068,1972466406,POINT (0.4320176681434055 0.1938229159645026),,,,,,,,,,,,,,,,,,,,,1,,
0,25,7,"{'x': 829.4739228353385, 'y': 209.32874924166282, 'elapsedTime': 2938.600000023842}",250476972744,1972483082,POINT (0.4320176681434055 0.1938229159645026),,,,,,,,,,,,,,,,,,,,,1,,
0,25,7,"{'x': 829.4739228353385, 'y': 209.32874924166282, 'elapsedTime': 2938.600000023842}",250476989403,1972499740,POINT (0.4320176681434055 0.1938229159645026),,,,,,,,,,,,,,,,,,,,,1,,
0,25,7,"{'x': 829.4739228353385, 'y': 209.32874924166282, 'elapsedTime': 2938.600000023842}",250477006070,1972516406,POINT (0.4320176681434055 0.1938229159645026),,,,,,,,,,,,,,,,,,,,,1,,
0,25,7,"{'x': 799.6510863712891, 'y': 202.559089634811, 'elapsedTime': 2988.300000011921}",250477022738,1972533073,POINT (0.4164849408183798 0.187554712624825),,,,,,,,,,,,,,,,,,,,,1,,
0,25,7,"{'x': 799.6510863712891, 'y': 202.559089634811, 'elapsedTime': 2988.300000011921}",250477039412,1972549747,POINT (0.4164849408183798 0.187554712624825),,,,,,,,,,,,,,,,,,,,,1,,
0,25,7,"{'x': 799.6510863712891, 'y': 202.559089634811, 'elapsedTime': 2988.300000011921}",250477056079,1972566413,POINT (0.4164849408183798 0.187554712624825),,,,,,,,,,,,,,,,,,,,,1,,
0,25,7,"{'x': 784.4305387372898, 'y': 162.05583416355137, 'elapsedTime': 3054.5}",250477072747,1972583080,POINT (0.4085575722590051 0.1500516982995846),,,,,,,,,,,,,,,,,,,,,1,,
0,25,7,"{'x': 784.4305387372898, 'y': 162.05583416355137, 'elapsedTime': 3054.5}",250477089415,1972599747,POINT (0.4085575722590051 0.1500516982995846),,,,,,,,,,,,,,,,,,,,,1,,
0,25,7,"{'x': 784.4305387372898, 'y': 162.05583416355137, 'elapsedTime': 3054.5}",250477106081,1972616413,POINT (0.4085575722590051 0.1500516982995846),,,,,,,,,,,,,,,,,,,,,1,,
0,25,7,"{'x': 784.4305387372898, 'y': 162.05583416355137, 'elapsedTime': 3054.5}",250477122749,1972633080,POINT (0.4085575722590051 0.1500516982995846),,,,,,,,,,,,,,,,,,,,,1,,
0,25,7,"{'x': 784.4305387372898, 'y': 162.05583416355137, 'elapsedTime': 3054.5}",250477139417,1972649747,POINT (0.4085575722590051 0.1500516982995846),,,,,,,,,,,,,,,,,,,,,1,,
0,25,7,"{'x': 784.4305387372898, 'y': 162.05583416355137, 'elapsedTime': 3054.5}",250477156084,1972666413,POINT (0.4085575722590051 0.1500516982995846),,,,,,,,,,,,,,,,,,,,,1,,
0,25,7,"{'x': 812.0158363932036, 'y': 155.27259455673138, 'elapsedTime': 3099.100000023842}",250477172753,1972683082,POINT (0.4229249147881269 0.1437709208858624),,,,,,,,,,,,,,,,,,,,,1,,
0,25,7,"{'x': 812.0158363932036, 'y': 155.27259455673138, 'elapsedTime': 3099.100000023842}",250477189421,1972699749,POINT (0.4229249147881269 0.1437709208858624),,,,,,,,,,,,,,,,,,,,,1,,
0,25,7,"{'x': 812.0158363932036, 'y': 155.27259455673138, 'elapsedTime': 3099.100000023842}",250477206088,1972716415,POINT (0.4229249147881269 0.1437709208858624),,,,,,,,,,,,,,,,,,,,,1,,
0,25,7,"{'x': 786.965358451345, 'y': 115.26189363690472, 'elapsedTime': 3193.5}",250477222756,1972733082,POINT (0.4098777908600755 0.1067239755897266),,,,,,,,,,,,,,,,,,,,,,,
0,25,7,"{'x': 786.965358451345, 'y': 115.26189363690472, 'elapsedTime': 3193.5}",250477239423,1972749749,POINT (0.4098777908600755 0.1067239755897266),,,,,,,,,,,,,,,,,,,,,,,
0,25,7,"{'x': 786.965358451345, 'y': 115.26189363690472, 'elapsedTime': 3193.5}",250477256090,1972766415,POINT (0.4098777908600755 0.1067239755897266),,,,,,,,,,,,,,,,,,,,,,,
0,25,7,"{'x': 805.3617453917348, 'y': 107.19208645648872, 'elapsedTime': 3242.9000000059605}",250477272758,1972783082,POINT (0.4194592423915285 0.0992519319041562),,,,,,,,,,,,,,,,,,,,,,,
0,25,7,"{'x': 805.3617453917348, 'y': 107.19208645648872, 'elapsedTime': 3242.9000000059605}",250477289425,1972799749,POINT (0.4194592423915285 0.0992519319041562),,,,,,,,,,,,,,,,,,,,,,,
0,25,7,"{'x': 805.3617453917348, 'y': 107.19208645648872, 'elapsedTime': 3242.9000000059605}",250477306100,1972816423,POINT (0.4194592423915285 0.0992519319041562),,,,,,,,,,,,,,,,,,,,,,,
0,25,7,"{'x': 805.3617453917348, 'y': 107.19208645648872, 'elapsedTime': 3242.9000000059605}",250477322768,1972833090,POINT (0.4194592423915285 0.0992519319041562),,,,,,,,,,,,,,,,,,,,,,,
0,25,7,"{'x': 783.6580336883483, 'y': 104.84306295465998, 'elapsedTime': 3308.600000023842}",250477339436,1972849757,POINT (0.408155225879348 0.0970769101432037),,,,,,,,,,,,,,,,,,,,,,,
0,25,7,"{'x': 783.6580336883483, 'y': 104.84306295465998, 'elapsedTime': 3308.600000023842}",250477356102,1972866423,POINT (0.408155225879348 0.0970769101432037),,,,,,,,,,,,,,,,,,,,,,,
0,25,7,"{'x': 786.6526007329445, 'y': 121.15774083270044, 'elapsedTime': 3360}",250477372770,1972883090,POINT (0.4097148962150753 0.1121830933636115),,,,,,,,,,,,,,,,,,,,,,,
0,25,7,"{'x': 786.6526007329445, 'y': 121.15774083270044, 'elapsedTime': 3360}",250477389437,1972899756,POINT (0.4097148962150753 0.1121830933636115),,,,,,,,,,,,,,,,,,,,,,,
0,25,7,"{'x': 786.6526007329445, 'y': 121.15774083270044, 'elapsedTime': 3360}",250477406105,1972916423,POINT (0.4097148962150753 0.1121830933636115),,,,,,,,,,,,,,,,,,,,,,,
0,25,7,"{'x': 821.7432923944987, 'y': 169.66966276425433, 'elapsedTime': 3403.800000011921}",250477422772,1972933090,POINT (0.4279912981221347 0.1571015395965318),,,,,,,,,,,,,,,,,,,,,1,,
0,25,7,"{'x': 821.7432923944987, 'y': 169.66966276425433, 'elapsedTime': 3403.800000011921}",250477439441,1972949758,POINT (0.4279912981221347 0.1571015395965318),,,,,,,,,,,,,,,,,,,,,1,,
0,25,7,"{'x': 882.7052101449968, 'y': 145.64629307461217, 'elapsedTime': 3442}",250477456109,1972966425,POINT (0.4597422969505192 0.1348576787727891),,,,,,,,,,,,,,,,,,,,,,,
0,25,7,"{'x': 882.7052101449968, 'y': 145.64629307461217, 'elapsedTime': 3442}",250477472785,1972983100,POINT (0.4597422969505192 0.1348576787727891),,,,,,,,,,,,,,,,,,,,,,,
0,25,7,"{'x': 833.1176517155959, 'y': 126.82371601711728, 'elapsedTime': 3481.300000011921}",250477489452,1972999767,POINT (0.4339154436018729 0.117429366682516),,,,,,,,,,,,,,,,,,,,,,,
0,25,7,"{'x': 833.1176517155959, 'y': 126.82371601711728, 'elapsedTime': 3481.300000011921}",250477506120,1973016434,POINT (0.4339154436018729 0.117429366682516),,,,,,,,,,,,,,,,,,,,,,,
0,25,7,"{'x': 833.1176517155959, 'y': 126.82371601711728, 'elapsedTime': 3481.300000011921}",250477522787,1973033100,POINT (0.4339154436018729 0.117429366682516),,,,,,,,,,,,,,,,,,,,,,,
0,25,7,"{'x': 806.3581108493074, 'y': 239.53977706568568, 'elapsedTime': 3521.7000000178814}",250477539454,1973049767,POINT (0.4199781827340143 0.2217960898756349),,,,,,,,,,,,,,,,,,,,,,1,
0,25,7,"{'x': 806.3581108493074, 'y': 239.53977706568568, 'elapsedTime': 3521.7000000178814}",250477556113,1973066425,POINT (0.4199781827340143 0.2217960898756349),,,,,,,,,,,,,,,,,,,,,,1,
0,25,7,"{'x': 823.866094678705, 'y': 279.0576401338, 'elapsedTime': 3561.600000023842}",250477572787,1973083099,POINT (0.4290969243118256 0.2583867038275926),,,,,,,,,,,,,,,,,,,,,1,1,
0,25,7,"{'x': 823.866094678705, 'y': 279.0576401338, 'elapsedTime': 3561.600000023842}",250477589455,1973099765,POINT (0.4290969243118256 0.2583867038275926),,,,,,,,,,,,,,,,,,,,,1,1,
0,25,7,"{'x': 804.3893886238993, 'y': 254.10684549833258, 'elapsedTime': 3599.100000023842}",250477606122,1973116432,POINT (0.4189528065749475 0.2352841162021598),,,,,,,,,,,,,,,,,,,,,,1,
0,25,7,"{'x': 804.3893886238993, 'y': 254.10684549833258, 'elapsedTime': 3599.100000023842}",250477622790,1973133099,POINT (0.4189528065749475 0.2352841162021598),,,,,,,,,,,,,,,,,,,,,,1,
0,25,7,"{'x': 822.7674333917656, 'y': 178.35872772488426, 'elapsedTime': 3636.9000000059605}",250477639456,1973149765,POINT (0.4285247048915446 0.1651469701156336),,,,,,,,,,,,,,,,,,,,,1,,
0,25,7,"{'x': 822.7674333917656, 'y': 178.35872772488426, 'elapsedTime': 3636.9000000059605}",250477656125,1973166432,POINT (0.4285247048915446 0.1651469701156336),,,,,,,,,,,,,,,,,,,,,1,,
0,25,7,"{'x': 822.7674333917656, 'y': 178.35872772488426, 'elapsedTime': 3636.9000000059605}",250477672792,1973183099,POINT (0.4285247048915446 0.1651469701156336),,,,,,,,,,,,,,,,,,,,,1,,
0,25,7,"{'x': 807.7200504460772, 'y': 143.37315838550023, 'elapsedTime': 3676.600000023842}",250477689459,1973199765,POINT (0.4206875262739985 0.1327529244310187),,,,,,,,,,,,,,,,,,,,,,,
0,25,7,"{'x': 807.7200504460772, 'y': 143.37315838550023, 'elapsedTime': 3676.600000023842}",250477706132,1973216438,POINT (0.4206875262739985 0.1327529244310187),,,,,,,,,,,,,,,,,,,,,,,
0,25,7,"{'x': 790.8730346342396, 'y': 74.10076982310599, 'elapsedTime': 3715.600000023842}",250477722801,1973233105,POINT (0.4119130388719998 0.0686118239102833),,,,,,,,,,,,,,,,,,,,,,,
0,25,7,"{'x': 790.8730346342396, 'y': 74.10076982310599, 'elapsedTime': 3715.600000023842}",250477739467,1973249771,POINT (0.4119130388719998 0.0686118239102833),,,,,,,,,,,,,,,,,,,,,,,
0,25,7,"{'x': 790.8730346342396, 'y': 74.10076982310599, 'elapsedTime': 3715.600000023842}",250477756135,1973266438,POINT (0.4119130388719998 0.0686118239102833),,,,,,,,,,,,,,,,,,,,,,,
0,25,7,"{'x': 797.3728863932014, 'y': 50.82860126691665, 'elapsedTime': 3757.600000023842}",250477772802,1973283105,POINT (0.4152983783297924 0.0470635196915895),,,,,,,,,,,,,,,,,,,,,,,
0,25,7,"{'x': 797.3728863932014, 'y': 50.82860126691665, 'elapsedTime': 3757.600000023842}",250477789470,1973299771,POINT (0.4152983783297924 0.0470635196915895),,,,,,,,,,,,,,,,,,,,,,,
0,25,7,"{'x': 800.6888762365375, 'y': 38.65911776029417, 'elapsedTime': 3799.7000000178814}",250477806137,1973316438,POINT (0.4170254563731966 0.0357954794076798),,,,,,,,,,,,,,,,,,,,,,,
0,25,7,"{'x': 800.6888762365375, 'y': 38.65911776029417, 'elapsedTime': 3799.7000000178814}",250477822805,1973333106,POINT (0.4170254563731966 0.0357954794076798),,,,,,,,,,,,,,,,,,,,,,,
0,25,7,"{'x': 800.6888762365375, 'y': 38.65911776029417, 'elapsedTime': 3799.7000000178814}",250477839475,1973349775,POINT (0.4170254563731966 0.0357954794076798),,,,,,,,,,,,,,,,,,,,,,,
0,25,7,"{'x': 817.6153152175071, 'y': 35.77897442203505, 'elapsedTime': 3840.9000000059605}",250477856143,1973366442,POINT (0.4258413100091183 0.0331286800204028),,,,,,,,,,,,,,,,,,,,,,,
0,25,7,"{'x': 817.6153152175071, 'y': 35.77897442203505, 'elapsedTime': 3840.9000000059605}",250477872811,1973383109,POINT (0.4258413100091183 0.0331286800204028),,,,,,,,,,,,,,,,,,,,,,,
0,25,7,"{'x': 836.8592757881436, 'y': 48.293420117424034, 'elapsedTime': 3880.600000023842}",250477889477,1973399775,POINT (0.4358642061396581 0.0447161297383556),,,,,,,,,,,,,,,,,,,,,,,
0,25,7,"{'x': 836.8592757881436, 'y': 48.293420117424034, 'elapsedTime': 3880.600000023842}",250477906145,1973416442,POINT (0.4358642061396581 0.0447161297383556),,,,,,,,,,,,,,,,,,,,,,,
0,25,7,"{'x': 836.8592757881436, 'y': 48.293420117424034, 'elapsedTime': 3880.600000023842}",250477922813,1973433109,POINT (0.4358642061396581 0.0447161297383556),,,,,,,,,,,,,,,,,,,,,,,
0,25,7,"{'x': 827.4046307615413, 'y': 40.94315194323573, 'elapsedTime': 3921.7000000178814}",250477939480,1973449775,POINT (0.4309399118549694 0.0379103258733664),,,,,,,,,,,,,,,,,,,,,,,
0,25,7,"{'x': 827.4046307615413, 'y': 40.94315194323573, 'elapsedTime': 3921.7000000178814}",250477956158,1973466453,POINT (0.4309399118549694 0.0379103258733664),,,,,,,,,,,,,,,,,,,,,,,
0,25,7,"{'x': 827.4046307615413, 'y': 40.94315194323573, 'elapsedTime': 3921.7000000178814}",250477972817,1973483111,POINT (0.4309399118549694 0.0379103258733664),,,,,,,,,,,,,,,,,,,,,,,
0,25,7,"{'x': 813.9296133442323, 'y': 160.71911333639446, 'elapsedTime': 3962}",250477989485,1973499778,POINT (0.4239216736167876 0.1488139938299949),,,,,,,,,,,,,,,,,,,,,1,,
0,25,7,"{'x': 813.9296133442323, 'y': 160.71911333639446, 'elapsedTime': 3962}",250478006153,1973516445,POINT (0.4239216736167876 0.1488139938299949),,,,,,,,,,,,,,,,,,,,,1,,
0,25,7,"{'x': 836.7881826873781, 'y': 192.73557198931942, 'elapsedTime': 4007.300000011921}",250478022819,1973533111,POINT (0.4358271784830094 0.1784588629530735),,,,,,,,,,,,,,,,,,,,,1,,
0,25,7,"{'x': 836.7881826873781, 'y': 192.73557198931942, 'elapsedTime': 4007.300000011921}",250478039487,1973549778,POINT (0.4358271784830094 0.1784588629530735),,,,,,,,,,,,,,,,,,,,,1,,
0,25,7,"{'x': 836.7881826873781, 'y': 192.73557198931942, 'elapsedTime': 4007.300000011921}",250478056155,1973566445,POINT (0.4358271784830094 0.1784588629530735),,,,,,,,,,,,,,,,,,,,,1,,
0,25,7,"{'x': 853.6313517334614, 'y': 328.0197827730317, 'elapsedTime': 4055.600000023842}",250478072823,1973583112,POINT (0.4445996623611778 0.3037220210861404),,,,,,,,,,,,,,,,,,,,,,1,
0,25,7,"{'x': 853.6313517334614, 'y': 328.0197827730317, 'elapsedTime': 4055.600000023842}",250478089494,1973599783,POINT (0.4445996623611778 0.3037220210861404),,,,,,,,,,,,,,,,,,,,,,1,
0,25,7,"{'x': 840.890793930521, 'y': 320.6516035334636, 'elapsedTime': 4101.300000011921}",250478106162,1973616450,POINT (0.4379639551721464 0.2968996329013552),,,,,,,,,,,,,,,,,,,,,,1,
0,25,7,"{'x': 840.890793930521, 'y': 320.6516035334636, 'elapsedTime': 4101.300000011921}",250478122829,1973633116,POINT (0.4379639551721464 0.2968996329013552),,,,,,,,,,,,,,,,,,,,,,1,
0,25,7,"{'x': 840.890793930521, 'y': 320.6516035334636, 'elapsedTime': 4101.300000011921}",250478139496,1973649783,POINT (0.4379639551721464 0.2968996329013552),,,,,,,,,,,,,,,,,,,,,,1,
0,25,7,"{'x': 830.7764416683937, 'y': 329.972053062497, 'elapsedTime': 4140}",250478156174,1973666459,POINT (0.432696063368955 0.3055296787615713),,,,,,,,,,,,,,,,,,,,,,1,
0,25,7,"{'x': 830.7764416683937, 'y': 329.972053062497, 'elapsedTime': 4140}",250478172831,1973683116,POINT (0.432696063368955 0.3055296787615713),,,,,,,,,,,,,,,,,,,,,,1,
0,25,7,"{'x': 830.7764416683937, 'y': 329.972053062497, 'elapsedTime': 4140}",250478189499,1973699783,POINT (0.432696063368955 0.3055296787615713),,,,,,,,,,,,,,,,,,,,,,1,
0,25,7,"{'x': 857.2244175569178, 'y': 297.60418932047, 'elapsedTime': 4181.800000011921}",250478206166,1973716450,POINT (0.4464710508108947 0.2755594345559908),,,,,,,,,,,,,,,,,,,,,1,1,
0,25,7,"{'x': 857.2244175569178, 'y': 297.60418932047, 'elapsedTime': 4181.800000011921}",250478222840,1973733122,POINT (0.4464710508108947 0.2755594345559908),,,,,,,,,,,,,,,,,,,,,1,1,
0,25,7,"{'x': 850.8446815654036, 'y': 328.22165577047826, 'elapsedTime': 4224.300000011921}",250478239516,1973749798,POINT (0.4431482716486477 0.3039089405282206),,,,,,,,,,,,,,,,,,,,,,1,
0,25,7,"{'x': 850.8446815654036, 'y': 328.22165577047826, 'elapsedTime': 4224.300000011921}",250478256175,1973766456,POINT (0.4431482716486477 0.3039089405282206),,,,,,,,,,,,,,,,,,,,,,1,
0,25,7,"{'x': 850.8446815654036, 'y': 328.22165577047826, 'elapsedTime': 4224.300000011921}",250478272841,1973783122,POINT (0.4431482716486477 0.3039089405282206),,,,,,,,,,,,,,,,,,,,,,1,
0,25,7,"{'x': 861.400982831064, 'y': 269.6331465419662, 'elapsedTime': 4266.300000011921}",250478289510,1973799789,POINT (0.4486463452245125 0.2496603208721909),,,,,,,,,,,,,,,,,,,,,1,1,
0,25,7,"{'x': 861.400982831064, 'y': 269.6331465419662, 'elapsedTime': 4266.300000011921}",250478306178,1973816457,POINT (0.4486463452245125 0.2496603208721909),,,,,,,,,,,,,,,,,,,,,1,1,
0,25,7,"{'x': 820.8458865874339, 'y': 221.05254094487898, 'elapsedTime': 4310.800000011921}",250478322845,1973833123,POINT (0.4275238992642885 0.2046782786526657),,,,,,,,,,,,,,,,,,,,,,,
0,25,7,"{'x': 820.8458865874339, 'y': 221.05254094487898, 'elapsedTime': 4310.800000011921}",250478339512,1973849790,POINT (0.4275238992642885 0.2046782786526657),,,,,,,,,,,,,,,,,,,,,,,
0,25,7,"{'x': 820.8458865874339, 'y': 221.05254094487898, 'elapsedTime': 4310.800000011921}",250478356184,1973866460,POINT (0.4275238992642885 0.2046782786526657),,,,,,,,,,,,,,,,,,,,,,,
0,25,7,"{'x': 816.5394452227338, 'y': 207.12552556210105, 'elapsedTime': 4351.9000000059605}",250478372851,1973883127,POINT (0.4252809610535072 0.1917828940389824),,,,,,,,,,,,,,,,,,,,,1,,
0,25,7,"{'x': 816.5394452227338, 'y': 207.12552556210105, 'elapsedTime': 4351.9000000059605}",250478389525,1973899801,POINT (0.4252809610535072 0.1917828940389824),,,,,,,,,,,,,,,,,,,,,1,,
0,25,7,"{'x': 832.5479581723631, 'y': 205.25421828013182, 'elapsedTime': 4393.600000023842}",250478406185,1973916460,POINT (0.4336187282147724 0.1900502021112332),,,,,,,,,,,,,,,,,,,,,1,,
0,25,7,"{'x': 832.5479581723631, 'y': 205.25421828013182, 'elapsedTime': 4393.600000023842}",250478422853,1973933127,POINT (0.4336187282147724 0.1900502021112332),,,,,,,,,,,,,,,,,,,,,1,,
0,25,7,"{'x': 803.8236859428965, 'y': 277.16171982374425, 'elapsedTime': 4434.200000017881}",250478439520,1973949793,POINT (0.4186581697619253 0.2566312220590224),,,,,,,,,,,,,,,,,,,,,1,1,
0,25,7,"{'x': 803.8236859428965, 'y': 277.16171982374425, 'elapsedTime': 4434.200000017881}",250478456187,1973966460,POINT (0.4186581697619253 0.2566312220590224),,,,,,,,,,,,,,,,,,,,,1,1,
0,25,7,"{'x': 803.8236859428965, 'y': 277.16171982374425, 'elapsedTime': 4434.200000017881}",250478472863,1973983135,POINT (0.4186581697619253 0.2566312220590224),,,,,,,,,,,,,,,,,,,,,1,1,
0,25,7,"{'x': 823.3840544580391, 'y': 326.1613628149308, 'elapsedTime': 4475}",250478489534,1973999805,POINT (0.4288458616968954 0.3020012618656767),,,,,,,,,,,,,,,,,,,,,,1,
0,25,7,"{'x': 823.3840544580391, 'y': 326.1613628149308, 'elapsedTime': 4475}",250478506202,1974016472,POINT (0.4288458616968954 0.3020012618656767),,,,,,,,,,,,,,,,,,,,,,1,
0,25,7,"{'x': 821.398765758101, 'y': 384.76459720449384, 'elapsedTime': 4517.5}",250478522861,1974033130,POINT (0.4278118571656776 0.3562635159300869),,,,,,,,,,,,,,,,,,,,,,,
0,25,7,"{'x': 821.398765758101, 'y': 384.76459720449384, 'elapsedTime': 4517.5}",250478539537,1974049806,POINT (0.4278118571656776 0.3562635159300869),,,,,,,,,,,,,,,,,,,,,,,
0,25,7,"{'x': 821.398765758101, 'y': 384.76459720449384, 'elapsedTime': 4517.5}",250478556204,1974066472,POINT (0.4278118571656776 0.3562635159300869),,,,,,,,,,,,,,,,,,,,,,,
0,25,7,"{'x': 821.398765758101, 'y': 384.76459720449384, 'elapsedTime': 4517.5}",250478572863,1974083130,POINT (0.4278118571656776 0.3562635159300869),,,,,,,,,,,,,,,,,,,,,,,
0,25,7,"{'x': 806.1885998300735, 'y': 368.90995305721776, 'elapsedTime': 4561.700000017881}",250478589531,1974099797,POINT (0.4198898957448299 0.3415832898677942),,,,,,,,,,,,,,,,,,,,,,1,
0,25,7,"{'x': 806.1885998300735, 'y': 368.90995305721776, 'elapsedTime': 4561.700000017881}",250478606197,1974116463,POINT (0.4198898957448299 0.3415832898677942),,,,,,,,,,,,,,,,,,,,,,1,
0,25,7,"{'x': 812.4725629589267, 'y': 330.8794837981544, 'elapsedTime': 4608.9000000059605}",250478622869,1974133134,POINT (0.4231627932077743 0.3063698924056985),,,,,,,,,,,,,,,,,,,,,,1,
0,25,7,"{'x': 812.4725629589267, 'y': 330.8794837981544, 'elapsedTime': 4608.9000000059605}",250478639536,1974149800,POINT (0.4231627932077743 0.3063698924056985),,,,,,,,,,,,,,,,,,,,,,1,
0,25,7,"{'x': 812.4725629589267, 'y': 330.8794837981544, 'elapsedTime': 4608.9000000059605}",250478656203,1974166466,POINT (0.4231627932077743 0.3063698924056985),,,,,,,,,,,,,,,,,,,,,,1,
0,25,7,"{'x': 825.7532825233169, 'y': 312.56597017149426, 'elapsedTime': 4650}",250478672871,1974183134,POINT (0.4300798346475609 0.2894129353439762),,,,,,,,,,,,,,,,,,,,,1,1,
0,25,7,"{'x': 825.7532825233169, 'y': 312.56597017149426, 'elapsedTime': 4650}",250478689538,1974199800,POINT (0.4300798346475609 0.2894129353439762),,,,,,,,,,,,,,,,,,,,,1,1,
0,25,7,"{'x': 825.7532825233169, 'y': 312.56597017149426, 'elapsedTime': 4650}",250478706204,1974216466,POINT (0.4300798346475609 0.2894129353439762),,,,,,,,,,,,,,,,,,,,,1,1,
0,25,7,"{'x': 786.1958025814009, 'y': 316.100405888243, 'elapsedTime': 4699.800000011921}",250478722872,1974233133,POINT (0.4094769805111463 0.2926855610076324),,,,,,,,,,,,,,,,,,,,,1,1,
0,25,7,"{'x': 786.1958025814009, 'y': 316.100405888243, 'elapsedTime': 4699.800000011921}",250478739540,1974249800,POINT (0.4094769805111463 0.2926855610076324),,,,,,,,,,,,,,,,,,,,,1,1,
0,25,7,"{'x': 801.1863643231911, 'y': 248.60275018821915, 'elapsedTime': 4744.5}",250478756216,1974266475,POINT (0.417284564751662 0.2301877316557585),,,,,,,,,,,,,,,,,,,,,,1,
0,25,7,"{'x': 801.1863643231911, 'y': 248.60275018821915, 'elapsedTime': 4744.5}",250478772882,1974283141,POINT (0.417284564751662 0.2301877316557585),,,,,,,,,,,,,,,,,,,,,,1,
0,25,7,"{'x': 801.1863643231911, 'y': 248.60275018821915, 'elapsedTime': 4744.5}",250478789550,1974299808,POINT (0.417284564751662 0.2301877316557585),,,,,,,,,,,,,,,,,,,,,,1,
0,25,7,"{'x': 741.7848874783351, 'y': 223.31419066531473, 'elapsedTime': 4789.100000023842}",250478806218,1974316475,POINT (0.3863462955616329 0.2067723987641803),,,,,,,,,,,,,,,,,,,,,,,
0,25,7,"{'x': 741.7848874783351, 'y': 223.31419066531473, 'elapsedTime': 4789.100000023842}",250478822885,1974333141,POINT (0.3863462955616329 0.2067723987641803),,,,,,,,,,,,,,,,,,,,,,,
0,25,7,"{'x': 709.6170457878563, 'y': 288.496478334912, 'elapsedTime': 4830.700000017881}",250478839552,1974349808,POINT (0.3695922113478419 0.2671263688286222),,,,,,,,,,,,,,,,,,,,,1,1,
0,25,7,"{'x': 709.6170457878563, 'y': 288.496478334912, 'elapsedTime': 4830.700000017881}",250478856228,1974366483,POINT (0.3695922113478419 0.2671263688286222),,,,,,,,,,,,,,,,,,,,,1,1,
0,25,7,"{'x': 709.6170457878563, 'y': 288.496478334912, 'elapsedTime': 4830.700000017881}",250478872898,1974383152,POINT (0.3695922113478419 0.2671263688286222),,,,,,,,,,,,,,,,,,,,,1,1,
0,25,7,"{'x': 700.517781355371, 'y': 301.0709984199913, 'elapsedTime': 4871.5}",250478889558,1974399811,POINT (0.364853011122589 0.2787694429814734),,,,,,,,,,,,,,,,,,,,,1,1,
0,25,7,"{'x': 700.517781355371, 'y': 301.0709984199913, 'elapsedTime': 4871.5}",250478906225,1974416477,POINT (0.364853011122589 0.2787694429814734),,,,,,,,,,,,,,,,,,,,,1,1,
0,25,7,"{'x': 718.7145728988567, 'y': 352.9726640357259, 'elapsedTime': 4911.5}",250478922901,1974433153,POINT (0.3743305067181545 0.3268265407738203),,,,,,,,,,,,,,,,,,,,,,,
0,25,7,"{'x': 718.7145728988567, 'y': 352.9726640357259, 'elapsedTime': 4911.5}",250478939568,1974449819,POINT (0.3743305067181545 0.3268265407738203),,,,,,,,,,,,,,,,,,,,,,,
0,25,7,"{'x': 718.7145728988567, 'y': 352.9726640357259, 'elapsedTime': 4911.5}",250478956226,1974466477,POINT (0.3743305067181545 0.3268265407738203),,,,,,,,,,,,,,,,,,,,,,,
0,25,7,"{'x': 725.4801229154348, 'y': 361.6894181231304, 'elapsedTime': 4951.800000011921}",250478972895,1974483144,POINT (0.3778542306851223 0.3348976093732689),,,,,,,,,,,,,,,,,,,,,,,
0,25,7,"{'x': 725.4801229154348, 'y': 361.6894181231304, 'elapsedTime': 4951.800000011921}",250478989562,1974499811,POINT (0.3778542306851223 0.3348976093732689),,,,,,,,,,,,,,,,,,,,,,,
0,25,7,"{'x': 725.4801229154348, 'y': 361.6894181231304, 'elapsedTime': 4951.800000011921}",250479006236,1974516484,POINT (0.3778542306851223 0.3348976093732689),,,,,,,,,,,,,,,,,,,,,,,
0,25,7,"{'x': 742.1453891163267, 'y': 342.8131704908455, 'elapsedTime': 4994}",250479022910,1974533158,POINT (0.3865340568314201 0.3174196023063384),,,,,,,,,,,,,,,,,,,,,,1,
0,25,7,"{'x': 742.1453891163267, 'y': 342.8131704908455, 'elapsedTime': 4994}",250479039579,1974549825,POINT (0.3865340568314201 0.3174196023063384),,,,,,,,,,,,,,,,,,,,,,1,
0,25,7,"{'x': 729.538035730587, 'y': 327.2051728449984, 'elapsedTime': 5050}",250479056246,1974566492,POINT (0.3799677269430141 0.3029677526342578),,,,,,,,,,,,,,,,,,,,,,1,
0,25,7,"{'x': 729.538035730587, 'y': 327.2051728449984, 'elapsedTime': 5050}",250479072905,1974583150,POINT (0.3799677269430141 0.3029677526342578),,,,,,,,,,,,,,,,,,,,,,1,
0,25,7,"{'x': 729.538035730587, 'y': 327.2051728449984, 'elapsedTime': 5050}",250479089572,1974599817,POINT (0.3799677269430141 0.3029677526342578),,,,,,,,,,,,,,,,,,,,,,1,
0,25,7,"{'x': 699.7711806366597, 'y': 341.56253135593056, 'elapsedTime': 5090.100000023842}",250479106240,1974616483,POINT (0.3644641565815936 0.3162616031073431),,,,,,,,,,,,,,,,,,,,,,1,
0,25,7,"{'x': 699.7711806366597, 'y': 341.56253135593056, 'elapsedTime': 5090.100000023842}",250479122907,1974633150,POINT (0.3644641565815936 0.3162616031073431),,,,,,,,,,,,,,,,,,,,,,1,
0,25,7,"{'x': 660.8173450433115, 'y': 312.13464510484937, 'elapsedTime': 5130.600000023842}",250479139580,1974649822,POINT (0.3441757005433914 0.2890135602822679),,,,,,,,,,,,,,,,,,,,,1,1,
0,25,7,"{'x': 660.8173450433115, 'y': 312.13464510484937, 'elapsedTime': 5130.600000023842}",250479156246,1974666488,POINT (0.3441757005433914 0.2890135602822679),,,,,,,,,,,,,,,,,,,,,1,1,
0,25,7,"{'x': 653.743644586629, 'y': 254.44596574000462, 'elapsedTime': 5169.600000023842}",250479172915,1974683155,POINT (0.3404914815555359 0.2355981164259302),,,,,,,,,,,,,,,,,,,,,,1,
0,25,7,"{'x': 653.743644586629, 'y': 254.44596574000462, 'elapsedTime': 5169.600000023842}",250479189581,1974699821,POINT (0.3404914815555359 0.2355981164259302),,,,,,,,,,,,,,,,,,,,,,1,
0,25,7,"{'x': 653.743644586629, 'y': 254.44596574000462, 'elapsedTime': 5169.600000023842}",250479206249,1974716488,POINT (0.3404914815555359 0.2355981164259302),,,,,,,,,,,,,,,,,,,,,,1,
0,25,7,"{'x': 699.1553638264659, 'y': 321.18003739205983, 'elapsedTime': 5209.700000017881}",250479222925,1974733164,POINT (0.3641434186596176 0.2973889235111665),,,,,,,,,,,,,,,,,,,,,,1,
0,25,7,"{'x': 699.1553638264659, 'y': 321.18003739205983, 'elapsedTime': 5209.700000017881}",250479239592,1974749830,POINT (0.3641434186596176 0.2973889235111665),,,,,,,,,,,,,,,,,,,,,,1,
0,25,7,"{'x': 699.1553638264659, 'y': 321.18003739205983, 'elapsedTime': 5209.700000017881}",250479256252,1974766489,POINT (0.3641434186596176 0.2973889235111665),,,,,,,,,,,,,,,,,,,,,,1,
0,25,7,"{'x': 726.5331944174424, 'y': 356.1918494807216, 'elapsedTime': 5250.700000017881}",250479272932,1974783168,POINT (0.3784027054257512 0.3298072680377052),,,,,,,,,,,,,,,,,,,,,,,
0,25,7,"{'x': 726.5331944174424, 'y': 356.1918494807216, 'elapsedTime': 5250.700000017881}",250479289599,1974799835,POINT (0.3784027054257512 0.3298072680377052),,,,,,,,,,,,,,,,,,,,,,,
0,25,7,"{'x': 781.3179314223194, 'y': 301.4425145590315, 'elapsedTime': 5295}",250479306267,1974816502,POINT (0.4069364226157913 0.2791134394065107),,,,,,,,,,,,,,,,,,,,,1,1,
0,25,7,"{'x': 781.3179314223194, 'y': 301.4425145590315, 'elapsedTime': 5295}",250479322934,1974833168,POINT (0.4069364226157913 0.2791134394065107),,,,,,,,,,,,,,,,,,,,,1,1,
0,25,7,"{'x': 781.3179314223194, 'y': 301.4425145590315, 'elapsedTime': 5295}",250479339602,1974849835,POINT (0.4069364226157913 0.2791134394065107),,,,,,,,,,,,,,,,,,,,,1,1,
0,25,7,"{'x': 802.3486079026089, 'y': 300.43438712060976, 'elapsedTime': 5337.200000017881}",250479356269,1974866501,POINT (0.4178898999492755 0.2781799880746387),,,,,,,,,,,,,,,,,,,,,1,1,
0,25,7,"{'x': 802.3486079026089, 'y': 300.43438712060976, 'elapsedTime': 5337.200000017881}",250479372936,1974883168,POINT (0.4178898999492755 0.2781799880746387),,,,,,,,,,,,,,,,,,,,,1,1,
0,25,7,"{'x': 811.8407401405907, 'y': 309.77703543039706, 'elapsedTime': 5382.700000017881}",250479389604,1974899835,POINT (0.4228337188232244 0.2868305883614788),,,,,,,,,,,,,,,,,,,,,1,1,
0,25,7,"{'x': 811.8407401405907, 'y': 309.77703543039706, 'elapsedTime': 5382.700000017881}",250479406276,1974916506,POINT (0.4228337188232244 0.2868305883614788),,,,,,,,,,,,,,,,,,,,,1,1,
0,25,7,"{'x': 811.8407401405907, 'y': 309.77703543039706, 'elapsedTime': 5382.700000017881}",250479422945,1974933174,POINT (0.4228337188232244 0.2868305883614788),,,,,,,,,,,,,,,,,,,,,1,1,
0,25,7,"{'x': 798.5037389446486, 'y': 295.7048177665929, 'elapsedTime': 5423.100000023842}",250479439611,1974949840,POINT (0.4158873640336712 0.2738007571912897),,,,,,,,,,,,,,,,,,,,,1,1,
0,25,7,"{'x': 798.5037389446486, 'y': 295.7048177665929, 'elapsedTime': 5423.100000023842}",250479456278,1974966506,POINT (0.4158873640336712 0.2738007571912897),,,,,,,,,,,,,,,,,,,,,1,1,
0,25,7,"{'x': 793.0089720299032, 'y': 274.62124797048983, 'elapsedTime': 5468.600000023842}",250479472947,1974983174,POINT (0.4130255062655746 0.2542789333060091),,,,,,,,,,,,,,,,,,,,,1,1,
0,25,7,"{'x': 793.0089720299032, 'y': 274.62124797048983, 'elapsedTime': 5468.600000023842}",250479489614,1974999840,POINT (0.4130255062655746 0.2542789333060091),,,,,,,,,,,,,,,,,,,,,1,1,
0,25,7,"{'x': 793.0089720299032, 'y': 274.62124797048983, 'elapsedTime': 5468.600000023842}",250479506281,1975016507,POINT (0.4130255062655746 0.2542789333060091),,,,,,,,,,,,,,,,,,,,,1,1,
0,25,7,"{'x': 806.631209479362, 'y': 303.03411097328086, 'elapsedTime': 5505.700000017881}",250479522940,1975033165,POINT (0.4201204216038344 0.2805871397900749),,,,,,,,,,,,,,,,,,,,,1,1,
0,25,7,"{'x': 806.631209479362, 'y': 303.03411097328086, 'elapsedTime': 5505.700000017881}",250479539609,1975049833,POINT (0.4201204216038344 0.2805871397900749),,,,,,,,,,,,,,,,,,,,,1,1,
0,25,7,"{'x': 836.9820858768458, 'y': 251.0885319075926, 'elapsedTime': 5547.100000023842}",250479556285,1975066509,POINT (0.4359281697275238 0.2324893813959191),,,,,,,,,,,,,,,,,,,,,,1,
0,25,7,"{'x': 836.9820858768458, 'y': 251.0885319075926, 'elapsedTime': 5547.100000023842}",250479572952,1975083175,POINT (0.4359281697275238 0.2324893813959191),,,,,,,,,,,,,,,,,,,,,,1,
0,25,7,"{'x': 836.9820858768458, 'y': 251.0885319075926, 'elapsedTime': 5547.100000023842}",250479589620,1975099842,POINT (0.4359281697275238 0.2324893813959191),,,,,,,,,,,,,,,,,,,,,,1,
0,25,7,"{'x': 798.9693973167329, 'y': 196.47946309642498, 'elapsedTime': 5590.300000011921}",250479606279,1975116500,POINT (0.4161298944357983 0.1819254287929861),,,,,,,,,,,,,,,,,,,,,1,,
0,25,7,"{'x': 798.9693973167329, 'y': 196.47946309642498, 'elapsedTime': 5590.300000011921}",250479622954,1975133175,POINT (0.4161298944357983 0.1819254287929861),,,,,,,,,,,,,,,,,,,,,1,,
0,25,7,"{'x': 764.4698195761193, 'y': 306.4175876442746, 'elapsedTime': 5632.800000011921}",250479639615,1975149834,POINT (0.3981613643625622 0.2837199885595135),,,,,,,,,,,,,,,,,,,,,1,1,
0,25,7,"{'x': 764.4698195761193, 'y': 306.4175876442746, 'elapsedTime': 5632.800000011921}",250479656281,1975166500,POINT (0.3981613643625622 0.2837199885595135),,,,,,,,,,,,,,,,,,,,,1,1,
0,25,7,"{'x': 764.4698195761193, 'y': 306.4175876442746, 'elapsedTime': 5632.800000011921}",250479672955,1975183173,POINT (0.3981613643625622 0.2837199885595135),,,,,,,,,,,,,,,,,,,,,1,1,
0,25,7,"{'x': 674.622497285545, 'y': 321.46768946892905, 'elapsedTime': 5673.100000023842}",250479689621,1975199839,POINT (0.351365884002888 0.2976552680267862),,,,,,,,,,,,,,,,,,,,,,1,
0,25,7,"{'x': 674.622497285545, 'y': 321.46768946892905, 'elapsedTime': 5673.100000023842}",250479706290,1975216506,POINT (0.351365884002888 0.2976552680267862),,,,,,,,,,,,,,,,,,,,,,1,
0,25,7,"{'x': 716.3326822009649, 'y': 274.15487781782076, 'elapsedTime': 5718.800000011921}",250479722957,1975233173,POINT (0.3730899386463359 0.2538471090905748),,,,,,,,,,,,,,,,,,,,,1,1,
0,25,7,"{'x': 716.3326822009649, 'y': 274.15487781782076, 'elapsedTime': 5718.800000011921}",250479739624,1975249839,POINT (0.3730899386463359 0.2538471090905748),,,,,,,,,,,,,,,,,,,,,1,1,
0,25,7,"{'x': 716.3326822009649, 'y': 274.15487781782076, 'elapsedTime': 5718.800000011921}",250479756291,1975266506,POINT (0.3730899386463359 0.2538471090905748),,,,,,,,,,,,,,,,,,,,,1,1,
0,25,7,"{'x': 772.417548069587, 'y': 205.5705833367639, 'elapsedTime': 5758.5}",250479772959,1975283172,POINT (0.4023008062862433 0.1903431327192258),,,,,,,,,,,,,,,,,,,,,1,,
0,25,7,"{'x': 772.417548069587, 'y': 205.5705833367639, 'elapsedTime': 5758.5}",250479789629,1975299842,POINT (0.4023008062862433 0.1903431327192258),,,,,,,,,,,,,,,,,,,,,1,,
0,25,7,"{'x': 772.417548069587, 'y': 205.5705833367639, 'elapsedTime': 5758.5}",250479806297,1975316509,POINT (0.4023008062862433 0.1903431327192258),,,,,,,,,,,,,,,,,,,,,1,,
0,25,7,"{'x': 833.46419422928, 'y': 169.2655096687952, 'elapsedTime': 5796.100000023842}",250479822963,1975333175,POINT (0.4340959344944167 0.156727323767403),,,,,,,,,,,,,,,,,,,,,1,,
0,25,7,"{'x': 833.46419422928, 'y': 169.2655096687952, 'elapsedTime': 5796.100000023842}",250479839631,1975349842,POINT (0.4340959344944167 0.156727323767403),,,,,,,,,,,,,,,,,,,,,1,,
0,25,7,"{'x': 833.46419422928, 'y': 169.2655096687952, 'elapsedTime': 5796.100000023842}",250479856299,1975366509,POINT (0.4340959344944167 0.156727323767403),,,,,,,,,,,,,,,,,,,,,1,,
0,25,7,"{'x': 833.46419422928, 'y': 169.2655096687952, 'elapsedTime': 5796.100000023842}",250479872966,1975383175,POINT (0.4340959344944167 0.156727323767403),,,,,,,,,,,,,,,,,,,,,1,,
0,25,7,"{'x': 833.46419422928, 'y': 169.2655096687952, 'elapsedTime': 5796.100000023842}",250479889633,1975399842,POINT (0.4340959344944167 0.156727323767403),,,,,,,,,,,,,,,,,,,,,1,,
0,25,7,"{'x': 773.8602972811555, 'y': 170.41847846927905, 'elapsedTime': 5844.300000011921}",250479906301,1975416509,POINT (0.4030522381672685 0.1577948874715547),,,,,,,,,,,,,,,,,,,,,1,,
0,25,7,"{'x': 773.8602972811555, 'y': 170.41847846927905, 'elapsedTime': 5844.300000011921}",250479922985,1975433192,POINT (0.4030522381672685 0.1577948874715547),,,,,,,,,,,,,,,,,,,,,1,,
0,25,7,"{'x': 773.8602972811555, 'y': 170.41847846927905, 'elapsedTime': 5844.300000011921}",250479939652,1975449858,POINT (0.4030522381672685 0.1577948874715547),,,,,,,,,,,,,,,,,,,,,1,,
0,25,7,"{'x': 773.8602972811555, 'y': 170.41847846927905, 'elapsedTime': 5844.300000011921}",250479956320,1975466525,POINT (0.4030522381672685 0.1577948874715547),,,,,,,,,,,,,,,,,,,,,1,,
0,25,7,"{'x': 771.1397767065388, 'y': 252.75997089729464, 'elapsedTime': 5936.4000000059605}",250479972987,1975483192,POINT (0.401635300367989 0.2340370100900876),,,,,,,,,,,,,,,,,,,,,,1,
0,25,7,"{'x': 771.1397767065388, 'y': 252.75997089729464, 'elapsedTime': 5936.4000000059605}",250479989654,1975499858,POINT (0.401635300367989 0.2340370100900876),,,,,,,,,,,,,,,,,,,,,,1,
0,25,7,"{'x': 771.1397767065388, 'y': 252.75997089729464, 'elapsedTime': 5936.4000000059605}",250480006323,1975516526,POINT (0.401635300367989 0.2340370100900876),,,,,,,,,,,,,,,,,,,,,,1,
0,25,7,"{'x': 700.4584445047475, 'y': 287.8810307326884, 'elapsedTime': 5997.9000000059605}",250480022990,1975533192,POINT (0.3648221065128893 0.2665565099376744),,,,,,,,,,,,,,,,,,,,,1,1,
0,25,7,"{'x': 700.4584445047475, 'y': 287.8810307326884, 'elapsedTime': 5997.9000000059605}",250480039649,1975549850,POINT (0.3648221065128893 0.2665565099376744),,,,,,,,,,,,,,,,,,,,,1,1,
0,25,7,"{'x': 700.4584445047475, 'y': 287.8810307326884, 'elapsedTime': 5997.9000000059605}",250480056327,1975566528,POINT (0.3648221065128893 0.2665565099376744),,,,,,,,,,,,,,,,,,,,,1,1,
0,25,7,"{'x': 684.8645970790515, 'y': 306.1035235315773, 'elapsedTime': 6054.9000000059605}",250480072995,1975583195,POINT (0.3567003109786727 0.2834291884551642),,,,,,,,,,,,,,,,,,,,,1,1,
0,25,7,"{'x': 684.8645970790515, 'y': 306.1035235315773, 'elapsedTime': 6054.9000000059605}",250480089662,1975599862,POINT (0.3567003109786727 0.2834291884551642),,,,,,,,,,,,,,,,,,,,,1,1,
0,25,7,"{'x': 684.8645970790515, 'y': 306.1035235315773, 'elapsedTime': 6054.9000000059605}",250480106330,1975616528,POINT (0.3567003109786727 0.2834291884551642),,,,,,,,,,,,,,,,,,,,,1,1,
0,25,7,"{'x': 738.4959131665281, 'y': 274.31282654732325, 'elapsedTime': 6100}",250480122997,1975633195,POINT (0.3846332881075668 0.2539933579141882),,,,,,,,,,,,,,,,,,,,,1,1,
0,25,7,"{'x': 738.4959131665281, 'y': 274.31282654732325, 'elapsedTime': 6100}",250480139665,1975649862,POINT (0.3846332881075668 0.2539933579141882),,,,,,,,,,,,,,,,,,,,,1,1,
0,25,7,"{'x': 738.4959131665281, 'y': 274.31282654732325, 'elapsedTime': 6100}",250480156322,1975666519,POINT (0.3846332881075668 0.2539933579141882),,,,,,,,,,,,,,,,,,,,,1,1,
0,25,7,"{'x': 686.6924854737043, 'y': 336.94862668743554, 'elapsedTime': 6145.5}",250480172992,1975683187,POINT (0.357652336184221 0.3119894691550329),,,,,,,,,,,,,,,,,,,,,,1,
0,25,7,"{'x': 686.6924854737043, 'y': 336.94862668743554, 'elapsedTime': 6145.5}",250480189663,1975699858,POINT (0.357652336184221 0.3119894691550329),,,,,,,,,,,,,,,,,,,,,,1,
0,25,7,"{'x': 686.6924854737043, 'y': 336.94862668743554, 'elapsedTime': 6145.5}",250480206339,1975716533,POINT (0.357652336184221 0.3119894691550329),,,,,,,,,,,,,,,,,,,,,,1,
0,25,7,"{'x': 711.9274351928813, 'y': 328.98803932186684, 'elapsedTime': 6195.300000011921}",250480223006,1975733200,POINT (0.370795539162959 0.3046185549276545),,,,,,,,,,,,,,,,,,,,,,1,
0,25,7,"{'x': 711.9274351928813, 'y': 328.98803932186684, 'elapsedTime': 6195.300000011921}",250480239666,1975749858,POINT (0.370795539162959 0.3046185549276545),,,,,,,,,,,,,,,,,,,,,,1,
0,25,7,"{'x': 741.209920371074, 'y': 333.2723700062992, 'elapsedTime': 6240.100000023842}",250480256333,1975766525,POINT (0.386046833526601 0.3085855277836104),,,,,,,,,,,,,,,,,,,,,,1,
0,25,7,"{'x': 741.209920371074, 'y': 333.2723700062992, 'elapsedTime': 6240.100000023842}",250480273009,1975783200,POINT (0.386046833526601 0.3085855277836104),,,,,,,,,,,,,,,,,,,,,,1,
0,25,7,"{'x': 741.209920371074, 'y': 333.2723700062992, 'elapsedTime': 6240.100000023842}",250480289668,1975799858,POINT (0.386046833526601 0.3085855277836104),,,,,,,,,,,,,,,,,,,,,,1,
0,25,7,"{'x': 741.209920371074, 'y': 333.2723700062992, 'elapsedTime': 6240.100000023842}",250480306336,1975816525,POINT (0.386046833526601 0.3085855277836104),,,,,,,,,,,,,,,,,,,,,,1,
0,25,7,"{'x': 717.8644898812939, 'y': 356.665007254086, 'elapsedTime': 6295.300000011921}",250480323013,1975833202,POINT (0.3738877551465072 0.3302453770871166),,,,,,,,,,,,,,,,,,,,,,,
0,25,7,"{'x': 717.8644898812939, 'y': 356.665007254086, 'elapsedTime': 6295.300000011921}",250480339682,1975849870,POINT (0.3738877551465072 0.3302453770871166),,,,,,,,,,,,,,,,,,,,,,,
0,25,7,"{'x': 734.8032825245361, 'y': 356.3245548179893, 'elapsedTime': 6341.300000011921}",250480356349,1975866536,POINT (0.3827100429815292 0.3299301433499901),,,,,,,,,,,,,,,,,,,,,,,
0,25,7,"{'x': 734.8032825245361, 'y': 356.3245548179893, 'elapsedTime': 6341.300000011921}",250480373007,1975883194,POINT (0.3827100429815292 0.3299301433499901),,,,,,,,,,,,,,,,,,,,,,,
0,25,7,"{'x': 734.8032825245361, 'y': 356.3245548179893, 'elapsedTime': 6341.300000011921}",250480389684,1975899870,POINT (0.3827100429815292 0.3299301433499901),,,,,,,,,,,,,,,,,,,,,,,
0,25,7,"{'x': 754.4691731538801, 'y': 340.2542988003834, 'elapsedTime': 6386.5}",250480406350,1975916536,POINT (0.3929526943509792 0.3150502766670217),,,,,,,,,,,,,,,,,,,,,,1,
0,25,7,"{'x': 754.4691731538801, 'y': 340.2542988003834, 'elapsedTime': 6386.5}",250480423018,1975933202,POINT (0.3929526943509792 0.3150502766670217),,,,,,,,,,,,,,,,,,,,,,1,
0,25,7,"{'x': 754.4691731538801, 'y': 340.2542988003834, 'elapsedTime': 6386.5}",250480439685,1975949869,POINT (0.3929526943509792 0.3150502766670217),,,,,,,,,,,,,,,,,,,,,,1,
0,25,7,"{'x': 735.2926896941404, 'y': 461.2195844188622, 'elapsedTime': 6429.4000000059605}",250480456358,1975966541,POINT (0.3829649425490315 0.4270551707582058),,,,,,,,,,,,,,,,,,,,,,,
0,25,7,"{'x': 735.2926896941404, 'y': 461.2195844188622, 'elapsedTime': 6429.4000000059605}",250480473025,1975983208,POINT (0.3829649425490315 0.4270551707582058),,,,,,,,,,,,,,,,,,,,,,,
0,25,7,"{'x': 735.2926896941404, 'y': 461.2195844188622, 'elapsedTime': 6429.4000000059605}",250480489693,1975999874,POINT (0.3829649425490315 0.4270551707582058),,,,,,,,,,,,,,,,,,,,,,,
0,25,7,"{'x': 700.3058522110646, 'y': 474.79079070136237, 'elapsedTime': 6479.4000000059605}",250480506360,1976016541,POINT (0.3647426313599295 0.4396211025012615),,,,,,,,,,,,,,,,,,,,,,,
0,25,7,"{'x': 700.3058522110646, 'y': 474.79079070136237, 'elapsedTime': 6479.4000000059605}",250480523027,1976033207,POINT (0.3647426313599295 0.4396211025012615),,,,,,,,,,,,,,,,,,,,,,,
0,25,7,"{'x': 674.7674381990545, 'y': 458.7017739067188, 'elapsedTime': 6524.4000000059605}",250480539695,1976049874,POINT (0.3514413740620075 0.4247238647284434),,,,,,,,,,,,,,,,,,,,,,,
0,25,7,"{'x': 674.7674381990545, 'y': 458.7017739067188, 'elapsedTime': 6524.4000000059605}",250480556363,1976066541,POINT (0.3514413740620075 0.4247238647284434),,,,,,,,,,,,,,,,,,,,,,,
0,25,7,"{'x': 639.2682694645429, 'y': 565.1619874274762, 'elapsedTime': 6569.9000000059605}",250480573029,1976083207,POINT (0.3329522236794494 0.5232981365069225),,,,,,,,,,,,,,,,,,,,,,1,
0,25,7,"{'x': 639.2682694645429, 'y': 565.1619874274762, 'elapsedTime': 6569.9000000059605}",250480589703,1976099880,POINT (0.3329522236794494 0.5232981365069225),,,,,,,,,,,,,,,,,,,,,,1,
0,25,7,"{'x': 639.2682694645429, 'y': 565.1619874274762, 'elapsedTime': 6569.9000000059605}",250480606371,1976116547,POINT (0.3329522236794494 0.5232981365069225),,,,,,,,,,,,,,,,,,,,,,1,
0,25,7,"{'x': 639.2682694645429, 'y': 565.1619874274762, 'elapsedTime': 6569.9000000059605}",250480623038,1976133213,POINT (0.3329522236794494 0.5232981365069225),,,,,,,,,,,,,,,,,,,,,,1,
0,25,7,"{'x': 659.2419861994107, 'y': 442.463097095176, 'elapsedTime': 6620.600000023842}",250480639705,1976149880,POINT (0.3433552011455264 0.4096880528659037),,,,,,,,,,,,,,,,,,,,,,,
0,25,7,"{'x': 659.2419861994107, 'y': 442.463097095176, 'elapsedTime': 6620.600000023842}",250480656373,1976166547,POINT (0.3433552011455264 0.4096880528659037),,,,,,,,,,,,,,,,,,,,,,,
0,25,7,"{'x': 659.2419861994107, 'y': 442.463097095176, 'elapsedTime': 6620.600000023842}",250480673040,1976183213,POINT (0.3433552011455264 0.4096880528659037),,,,,,,,,,,,,,,,,,,,,,,
0,25,7,"{'x': 632.346044765719, 'y': 464.45096105832346, 'elapsedTime': 6666.700000017881}",250480689708,1976199880,POINT (0.3293468983154786 0.4300471861651143),,,,,,,,,,,,,,,,,,,,,,,
0,25,7,"{'x': 632.346044765719, 'y': 464.45096105832346, 'elapsedTime': 6666.700000017881}",250480706375,1976216547,POINT (0.3293468983154786 0.4300471861651143),,,,,,,,,,,,,,,,,,,,,,,
0,25,7,"{'x': 606.6714018023486, 'y': 480.61755749932644, 'elapsedTime': 6709.9000000059605}",250480723048,1976233219,POINT (0.3159746884387232 0.4450162569438208),,,,,,,,,,,,,,,,,,,,,,,
0,25,7,"{'x': 606.6714018023486, 'y': 480.61755749932644, 'elapsedTime': 6709.9000000059605}",250480739715,1976249885,POINT (0.3159746884387232 0.4450162569438208),,,,,,,,,,,,,,,,,,,,,,,
0,25,7,"{'x': 606.6714018023486, 'y': 480.61755749932644, 'elapsedTime': 6709.9000000059605}",250480756383,1976266552,POINT (0.3159746884387232 0.4450162569438208),,,,,,,,,,,,,,,,,,,,,,,
0,25,7,"{'x': 606.6714018023486, 'y': 480.61755749932644, 'elapsedTime': 6709.9000000059605}",250480773050,1976283219,POINT (0.3159746884387232 0.4450162569438208),,,,,,,,,,,,,,,,,,,,,,,
0,25,7,"{'x': 594.6622586568177, 'y': 496.27937473195084, 'elapsedTime': 6760}",250480789717,1976299885,POINT (0.3097199263837592 0.4595179395666211),,,,,,,,,,,,,,,,,,,,,,,
0,25,7,"{'x': 594.6622586568177, 'y': 496.27937473195084, 'elapsedTime': 6760}",250480806385,1976316552,POINT (0.3097199263837592 0.4595179395666211),,,,,,,,,,,,,,,,,,,,,,,
0,25,7,"{'x': 594.6622586568177, 'y': 496.27937473195084, 'elapsedTime': 6760}",250480823052,1976333218,POINT (0.3097199263837592 0.4595179395666211),,,,,,,,,,,,,,,,,,,,,,,
0,25,7,"{'x': 594.7875777379269, 'y': 492.80118554250157, 'elapsedTime': 6813.4000000059605}",250480839721,1976349887,POINT (0.3097851967385036 0.4562973940208348),,,,,,,,,,,,,,,,,,,,,,,
0,25,7,"{'x': 594.7875777379269, 'y': 492.80118554250157, 'elapsedTime': 6813.4000000059605}",250480856389,1976366554,POINT (0.3097851967385036 0.4562973940208348),,,,,,,,,,,,,,,,,,,,,,,
0,25,7,"{'x': 564.6464125576451, 'y': 377.6838631002209, 'elapsedTime': 6859.5}",250480873056,1976383220,POINT (0.2940866732071068 0.3497072806483527),,,,,,,,,,,,,,,,,,,,,,,
0,25,7,"{'x': 564.6464125576451, 'y': 377.6838631002209, 'elapsedTime': 6859.5}",250480889724,1976399887,POINT (0.2940866732071068 0.3497072806483527),,,,,,,,,,,,,,,,,,,,,,,
0,25,7,"{'x': 564.6464125576451, 'y': 377.6838631002209, 'elapsedTime': 6859.5}",250480906390,1976416553,POINT (0.2940866732071068 0.3497072806483527),,,,,,,,,,,,,,,,,,,,,,,
0,25,7,"{'x': 593.3586429295053, 'y': 329.651245719922, 'elapsedTime': 6906.100000023842}",250480923059,1976433220,POINT (0.3090409598591173 0.3052326349258537),,,,,,,,,,,,,,,,,,,,,,,
0,25,7,"{'x': 593.3586429295053, 'y': 329.651245719922, 'elapsedTime': 6906.100000023842}",250480939726,1976449887,POINT (0.3090409598591173 0.3052326349258537),,,,,,,,,,,,,,,,,,,,,,,
0,25,7,"{'x': 593.3586429295053, 'y': 329.651245719922, 'elapsedTime': 6906.100000023842}",250480956393,1976466553,POINT (0.3090409598591173 0.3052326349258537),,,,,,,,,,,,,,,,,,,,,,,
0,25,7,"{'x': 595.4807918542356, 'y': 365.078591735735, 'elapsedTime': 6956.200000017881}",250480973067,1976483227,POINT (0.3101462457574143 0.3380357330886435),,,,,,,,,,,,,,,,,,,,,,,
0,25,7,"{'x': 595.4807918542356, 'y': 365.078591735735, 'elapsedTime': 6956.200000017881}",250480989735,1976499893,POINT (0.3101462457574143 0.3380357330886435),,,,,,,,,,,,,,,,,,,,,,,
0,25,7,"{'x': 595.4807918542356, 'y': 365.078591735735, 'elapsedTime': 6956.200000017881}",250481006401,1976516559,POINT (0.3101462457574143 0.3380357330886435),,,,,,,,,,,,,,,,,,,,,,,
0,25,7,"{'x': 595.4807918542356, 'y': 365.078591735735, 'elapsedTime': 6956.200000017881}",250481023070,1976533227,POINT (0.3101462457574143 0.3380357330886435),,,,,,,,,,,,,,,,,,,,,,,
0,25,7,"{'x': 609.8762512344474, 'y': 258.2623498370995, 'elapsedTime': 7003.600000023842}",250481039736,1976549893,POINT (0.3176438808512747 0.2391318054047218),,,,,,,,,,,,,,,,,,,,,,1,
0,25,7,"{'x': 609.8762512344474, 'y': 258.2623498370995, 'elapsedTime': 7003.600000023842}",250481056405,1976566560,POINT (0.3176438808512747 0.2391318054047218),,,,,,,,,,,,,,,,,,,,,,1,
0,25,7,"{'x': 609.8762512344474, 'y': 258.2623498370995, 'elapsedTime': 7003.600000023842}",250481073071,1976583226,POINT (0.3176438808512747 0.2391318054047218),,,,,,,,,,,,,,,,,,,,,,1,
0,25,7,"{'x': 624.8618497143242, 'y': 214.1764316543731, 'elapsedTime': 7062}",250481089739,1976599893,POINT (0.3254488800595439 0.1983115107910862),,,,,,,,,,,,,,,,,,,,,,,
0,25,7,"{'x': 624.8618497143242, 'y': 214.1764316543731, 'elapsedTime': 7062}",250481106414,1976616567,POINT (0.3254488800595439 0.1983115107910862),,,,,,,,,,,,,,,,,,,,,,,
0,25,7,"{'x': 660.944386681899, 'y': 171.95526930024508, 'elapsedTime': 7112.100000023842}",250481123081,1976633233,POINT (0.344241868063489 0.1592178419446714),,,,,,,,,,,,,,,,,,,,,1,,
0,25,7,"{'x': 660.944386681899, 'y': 171.95526930024508, 'elapsedTime': 7112.100000023842}",250481139748,1976649900,POINT (0.344241868063489 0.1592178419446714),,,,,,,,,,,,,,,,,,,,,1,,
0,25,7,"{'x': 660.944386681899, 'y': 171.95526930024508, 'elapsedTime': 7112.100000023842}",250481156415,1976666566,POINT (0.344241868063489 0.1592178419446714),,,,,,,,,,,,,,,,,,,,,1,,
0,25,7,"{'x': 723.8203191092718, 'y': 174.5975763884365, 'elapsedTime': 7156.300000011921}",250481173083,1976683233,POINT (0.3769897495360791 0.1616644225818856),,,,,,,,,,,,,,,,1,,,,,1,,
0,25,7,"{'x': 723.8203191092718, 'y': 174.5975763884365, 'elapsedTime': 7156.300000011921}",250481189751,1976699900,POINT (0.3769897495360791 0.1616644225818856),,,,,,,,,,,,,,,,1,,,,,1,,
0,25,7,"{'x': 723.8203191092718, 'y': 174.5975763884365, 'elapsedTime': 7156.300000011921}",250481206417,1976716566,POINT (0.3769897495360791 0.1616644225818856),,,,,,,,,,,,,,,,1,,,,,1,,
0,25,7,"{'x': 754.1591899048435, 'y': 229.78002391120796, 'elapsedTime': 7204.100000023842}",250481223085,1976733233,POINT (0.392791244742106 0.2127592813992666),,,,,,,,,,,,,,,,,,,,,,,
0,25,7,"{'x': 754.1591899048435, 'y': 229.78002391120796, 'elapsedTime': 7204.100000023842}",250481239754,1976749901,POINT (0.392791244742106 0.2127592813992666),,,,,,,,,,,,,,,,,,,,,,,
0,25,7,"{'x': 732.310539968656, 'y': 173.89093759644834, 'elapsedTime': 7249.300000011921}",250481256421,1976766567,POINT (0.3814117395670084 0.1610101274041188),,,,,,,,,,,,,,,,,,,,,1,,
0,25,7,"{'x': 732.310539968656, 'y': 173.89093759644834, 'elapsedTime': 7249.300000011921}",250481273088,1976783234,POINT (0.3814117395670084 0.1610101274041188),,,,,,,,,,,,,,,,,,,,,1,,
0,25,7,"{'x': 732.310539968656, 'y': 173.89093759644834, 'elapsedTime': 7249.300000011921}",250481289756,1976799901,POINT (0.3814117395670084 0.1610101274041188),,,,,,,,,,,,,,,,,,,,,1,,
0,25,7,"{'x': 742.5095558785879, 'y': 182.4201318761128, 'elapsedTime': 7293.300000011921}",250481306424,1976816568,POINT (0.3867237270200979 0.1689075295149193),,,,,,,,,,,,,,,,,,,,,1,,
0,25,7,"{'x': 742.5095558785879, 'y': 182.4201318761128, 'elapsedTime': 7293.300000011921}",250481323091,1976833234,POINT (0.3867237270200979 0.1689075295149193),,,,,,,,,,,,,,,,,,,,,1,,
0,25,7,"{'x': 742.5095558785879, 'y': 182.4201318761128, 'elapsedTime': 7293.300000011921}",250481339758,1976849901,POINT (0.3867237270200979 0.1689075295149193),,,,,,,,,,,,,,,,,,,,,1,,
0,25,7,"{'x': 742.5095558785879, 'y': 182.4201318761128, 'elapsedTime': 7293.300000011921}",250481356426,1976866568,POINT (0.3867237270200979 0.1689075295149193),,,,,,,,,,,,,,,,,,,,,1,,
0,25,7,"{'x': 742.5095558785879, 'y': 182.4201318761128, 'elapsedTime': 7293.300000011921}",250481373100,1976883241,POINT (0.3867237270200979 0.1689075295149193),,,,,,,,,,,,,,,,,,,,,1,,
0,25,7,"{'x': 758.092911003553, 'y': 149.3524339887954, 'elapsedTime': 7354.800000011921}",250481389768,1976899908,POINT (0.3948400578143506 0.1382892907303661),,,,,,,,,,,,,,,,,,,,,,,
0,25,7,"{'x': 758.092911003553, 'y': 149.3524339887954, 'elapsedTime': 7354.800000011921}",250481406434,1976916574,POINT (0.3948400578143506 0.1382892907303661),,,,,,,,,,,,,,,,,,,,,,,
0,25,7,"{'x': 758.092911003553, 'y': 149.3524339887954, 'elapsedTime': 7354.800000011921}",250481423103,1976933241,POINT (0.3948400578143506 0.1382892907303661),,,,,,,,,,,,,,,,,,,,,,,
0,25,7,"{'x': 728.0109137679922, 'y': 223.10576241242052, 'elapsedTime': 7415.600000023842}",250481439770,1976949908,POINT (0.3791723509208292 0.2065794096411301),,,,,,,,,,,,,,,,,,,,,,,
0,25,7,"{'x': 728.0109137679922, 'y': 223.10576241242052, 'elapsedTime': 7415.600000023842}",250481456437,1976966574,POINT (0.3791723509208292 0.2065794096411301),,,,,,,,,,,,,,,,,,,,,,,
0,25,7,"{'x': 728.0109137679922, 'y': 223.10576241242052, 'elapsedTime': 7415.600000023842}",250481473104,1976983241,POINT (0.3791723509208292 0.2065794096411301),,,,,,,,,,,,,,,,,,,,,,,
0,25,7,"{'x': 718.4385938567663, 'y': 277.00666341253583, 'elapsedTime': 7461.300000011921}",250481489772,1976999907,POINT (0.3741867676337324 0.2564876513079035),,,,,,,,,,,,,,,,,,,,,1,1,
0,25,7,"{'x': 718.4385938567663, 'y': 277.00666341253583, 'elapsedTime': 7461.300000011921}",250481506443,1977016578,POINT (0.3741867676337324 0.2564876513079035),,,,,,,,,,,,,,,,,,,,,1,1,
0,25,7,"{'x': 705.80336018551, 'y': 336.56864483902666, 'elapsedTime': 7509.4000000059605}",250481523111,1977033245,POINT (0.3676059167632865 0.3116376341102099),,,,,,,,,,,,,,,,,,,,,,1,
0,25,7,"{'x': 705.80336018551, 'y': 336.56864483902666, 'elapsedTime': 7509.4000000059605}",250481539777,1977049911,POINT (0.3676059167632865 0.3116376341102099),,,,,,,,,,,,,,,,,,,,,,1,
0,25,7,"{'x': 705.80336018551, 'y': 336.56864483902666, 'elapsedTime': 7509.4000000059605}",250481556447,1977066579,POINT (0.3676059167632865 0.3116376341102099),,,,,,,,,,,,,,,,,,,,,,1,
0,25,7,"{'x': 668.3046598041466, 'y': 323.80831460552474, 'elapsedTime': 7554.200000017881}",250481573113,1977083245,POINT (0.348075343647993 0.299822513523634),,,,,,,,,,,,,,,,,,,,,,1,
0,25,7,"{'x': 668.3046598041466, 'y': 323.80831460552474, 'elapsedTime': 7554.200000017881}",250481589780,1977099911,POINT (0.348075343647993 0.299822513523634),,,,,,,,,,,,,,,,,,,,,,1,
0,25,7,"{'x': 668.3046598041466, 'y': 323.80831460552474, 'elapsedTime': 7554.200000017881}",250481606449,1977116579,POINT (0.348075343647993 0.299822513523634),,,,,,,,,,,,,,,,,,,,,,1,
0,25,7,"{'x': 668.3046598041466, 'y': 323.80831460552474, 'elapsedTime': 7554.200000017881}",250481623116,1977133245,POINT (0.348075343647993 0.299822513523634),,,,,,,,,,,,,,,,,,,,,,1,
0,25,7,"{'x': 668.3046598041466, 'y': 323.80831460552474, 'elapsedTime': 7554.200000017881}",250481639789,1977149918,POINT (0.348075343647993 0.299822513523634),,,,,,,,,,,,,,,,,,,,,,1,
0,25,7,"{'x': 725.0927967981481, 'y': 345.225149421732, 'elapsedTime': 7600.9000000059605}",250481656456,1977166584,POINT (0.3776524983323688 0.3196529161312333),,,,,,,,,,,,,,,,,,,,,,1,
0,25,7,"{'x': 725.0927967981481, 'y': 345.225149421732, 'elapsedTime': 7600.9000000059605}",250481673124,1977183251,POINT (0.3776524983323688 0.3196529161312333),,,,,,,,,,,,,,,,,,,,,,1,
0,25,7,"{'x': 725.0927967981481, 'y': 345.225149421732, 'elapsedTime': 7600.9000000059605}",250481689792,1977199918,POINT (0.3776524983323688 0.3196529161312333),,,,,,,,,,,,,,,,,,,,,,1,
0,25,7,"{'x': 671.8768000848501, 'y': 386.1923465990816, 'elapsedTime': 7664.700000017881}",250481706458,1977216584,POINT (0.3499358333775261 0.3575855061102607),,,,,,,,,,,,,,,,,,,,,,,
0,25,7,"{'x': 671.8768000848501, 'y': 386.1923465990816, 'elapsedTime': 7664.700000017881}",250481723126,1977233251,POINT (0.3499358333775261 0.3575855061102607),,,,,,,,,,,,,,,,,,,,,,,
0,25,7,"{'x': 671.8768000848501, 'y': 386.1923465990816, 'elapsedTime': 7664.700000017881}",250481739792,1977249917,POINT (0.3499358333775261 0.3575855061102607),,,,,,,,,,,,,,,,,,,,,,,
0,25,7,"{'x': 671.8768000848501, 'y': 386.1923465990816, 'elapsedTime': 7664.700000017881}",250481756463,1977266587,POINT (0.3499358333775261 0.3575855061102607),,,,,,,,,,,,,,,,,,,,,,,
0,25,7,"{'x': 663.0765634486255, 'y': 442.790842492158, 'elapsedTime': 7742.700000017881}",250481773130,1977283254,POINT (0.3453523767961591 0.4099915208260722),,,,,,,,,,,,,,,,,,,,,,,
0,25,7,"{'x': 663.0765634486255, 'y': 442.790842492158, 'elapsedTime': 7742.700000017881}",250481789797,1977299920,POINT (0.3453523767961591 0.4099915208260722),,,,,,,,,,,,,,,,,,,,,,,
0,25,7,"{'x': 663.0765634486255, 'y': 442.790842492158, 'elapsedTime': 7742.700000017881}",250481806464,1977316587,POINT (0.3453523767961591 0.4099915208260722),,,,,,,,,,,,,,,,,,,,,,,
0,25,7,"{'x': 641.1825401173417, 'y': 461.1373977530152, 'elapsedTime': 7805}",250481823132,1977333254,POINT (0.3339492396444488 0.4269790719935326),,,,,,,,,,,,,,,,,,,,,,,
0,25,7,"{'x': 641.1825401173417, 'y': 461.1373977530152, 'elapsedTime': 7805}",250481839798,1977349920,POINT (0.3339492396444488 0.4269790719935326),,,,,,,,,,,,,,,,,,,,,,,
0,25,7,"{'x': 641.1825401173417, 'y': 461.1373977530152, 'elapsedTime': 7805}",250481856466,1977366587,POINT (0.3339492396444488 0.4269790719935326),,,,,,,,,,,,,,,,,,,,,,,
0,25,7,"{'x': 656.911477018805, 'y': 439.7325040347626, 'elapsedTime': 7856.9000000059605}",250481873133,1977383254,POINT (0.3421413942806276 0.4071597259581135),,,,,,,,,,,,,,,,,,,,,,,
0,25,7,"{'x': 656.911477018805, 'y': 439.7325040347626, 'elapsedTime': 7856.9000000059605}",250481889805,1977399925,POINT (0.3421413942806276 0.4071597259581135),,,,,,,,,,,,,,,,,,,,,,,
0,25,7,"{'x': 656.911477018805, 'y': 439.7325040347626, 'elapsedTime': 7856.9000000059605}",250481906471,1977416591,POINT (0.3421413942806276 0.4071597259581135),,,,,,,,,,,,,,,,,,,,,,,
0,25,7,"{'x': 693.6515133312968, 'y': 470.18147405846776, 'elapsedTime': 7906.4000000059605}",250481923130,1977433249,POINT (0.3612768298600504 0.4353532167208035),,,,,,,,,,,,,,,,,,,,,,,
0,25,7,"{'x': 693.6515133312968, 'y': 470.18147405846776, 'elapsedTime': 7906.4000000059605}",250481939797,1977449916,POINT (0.3612768298600504 0.4353532167208035),,,,,,,,,,,,,,,,,,,,,,,
0,25,7,"{'x': 693.6515133312968, 'y': 470.18147405846776, 'elapsedTime': 7906.4000000059605}",250481956463,1977466582,POINT (0.3612768298600504 0.4353532167208035),,,,,,,,,,,,,,,,,,,,,,,
0,25,7,"{'x': 693.6515133312968, 'y': 470.18147405846776, 'elapsedTime': 7906.4000000059605}",250481973140,1977483258,POINT (0.3612768298600504 0.4353532167208035),,,,,,,,,,,,,,,,,,,,,,,
0,25,7,"{'x': 709.9054851450672, 'y': 495.96817257340905, 'elapsedTime': 7957.600000023842}",250481989806,1977499924,POINT (0.3697424401797225 0.4592297894198232),,,,,,,,,,,,,,,,,,,,,,,
0,25,7,"{'x': 709.9054851450672, 'y': 495.96817257340905, 'elapsedTime': 7957.600000023842}",250482006474,1977516591,POINT (0.3697424401797225 0.4592297894198232),,,,,,,,,,,,,,,,,,,,,,,
0,25,7,"{'x': 709.9054851450672, 'y': 495.96817257340905, 'elapsedTime': 7957.600000023842}",250482023146,1977533263,POINT (0.3697424401797225 0.4592297894198232),,,,,,,,,,,,,,,,,,,,,,,
0,25,7,"{'x': 700.7242370227472, 'y': 487.43008581585894, 'elapsedTime': 8013.600000023842}",250482039813,1977549929,POINT (0.3649605401160141 0.4513241535332027),,,,,,,,,,,,,,,,,,,,,,,
0,25,7,"{'x': 700.7242370227472, 'y': 487.43008581585894, 'elapsedTime': 8013.600000023842}",250482056480,1977566596,POINT (0.3649605401160141 0.4513241535332027),,,,,,,,,,,,,,,,,,,,,,,
0,25,7,"{'x': 700.7242370227472, 'y': 487.43008581585894, 'elapsedTime': 8013.600000023842}",250482073139,1977583254,POINT (0.3649605401160141 0.4513241535332027),,,,,,,,,,,,,,,,,,,,,,,
0,25,7,"{'x': 709.7247762054817, 'y': 461.34697615960437, 'elapsedTime': 8068.600000023842}",250482089806,1977599921,POINT (0.369648320940355 0.4271731260737077),,,,,,,,,,,,,,,,,,,,,,,
0,25,7,"{'x': 709.7247762054817, 'y': 461.34697615960437, 'elapsedTime': 8068.600000023842}",250482106474,1977616588,POINT (0.369648320940355 0.4271731260737077),,,,,,,,,,,,,,,,,,,,,,,
0,25,7,"{'x': 709.7247762054817, 'y': 461.34697615960437, 'elapsedTime': 8068.600000023842}",250482123140,1977633254,POINT (0.369648320940355 0.4271731260737077),,,,,,,,,,,,,,,,,,,,,,,
0,25,7,"{'x': 707.9731500806552, 'y': 423.425335076014, 'elapsedTime': 8116}",250482139808,1977649921,POINT (0.3687360156670079 0.3920604954407537),,,,,,,,,,,,,,,,,,,,,,,
0,25,7,"{'x': 707.9731500806552, 'y': 423.425335076014, 'elapsedTime': 8116}",250482156481,1977666594,POINT (0.3687360156670079 0.3920604954407537),,,,,,,,,,,,,,,,,,,,,,,
