,pid,stimulus_number,coordinates,current_time,current_time1,geometry,-----------.1,Breadth-first.1,BFS.1,is.1,equivalent.1,which.1,type.1,traversal.1,in.1,trees.1,question,code,choices
0,37,8,"{'x': 651.4360959825747, 'y': 577.4999863832572, 'elapsedTime': 87328.79999995232}",764721824644,698688247,POINT (0.3392896333242577 0.5347222096141271),,,,,,,,,,,,1,
0,37,8,"{'x': 651.4360959825747, 'y': 577.4999863832572, 'elapsedTime': 87328.79999995232}",764721841309,698704911,POINT (0.3392896333242577 0.5347222096141271),,,,,,,,,,,,1,
0,37,8,"{'x': 651.4360959825747, 'y': 577.4999863832572, 'elapsedTime': 87328.79999995232}",764721857976,698721578,POINT (0.3392896333242577 0.5347222096141271),,,,,,,,,,,,1,
0,37,8,"{'x': 651.4360959825747, 'y': 577.4999863832572, 'elapsedTime': 87328.79999995232}",764721874644,698738245,POINT (0.3392896333242577 0.5347222096141271),,,,,,,,,,,,1,
0,37,8,"{'x': 651.4360959825747, 'y': 577.4999863832572, 'elapsedTime': 87328.79999995232}",764721891313,698754914,POINT (0.3392896333242577 0.5347222096141271),,,,,,,,,,,,1,
0,37,8,"{'x': 651.4360959825747, 'y': 577.4999863832572, 'elapsedTime': 87328.79999995232}",764721907981,698771581,POINT (0.3392896333242577 0.5347222096141271),,,,,,,,,,,,1,
0,37,8,"{'x': 651.4360959825747, 'y': 577.4999863832572, 'elapsedTime': 87328.79999995232}",764721924649,698788248,POINT (0.3392896333242577 0.5347222096141271),,,,,,,,,,,,1,
0,37,8,"{'x': 651.4360959825747, 'y': 577.4999863832572, 'elapsedTime': 87328.79999995232}",764721941316,698804914,POINT (0.3392896333242577 0.5347222096141271),,,,,,,,,,,,1,
0,37,8,"{'x': 651.4360959825747, 'y': 577.4999863832572, 'elapsedTime': 87328.79999995232}",764721957983,698821581,POINT (0.3392896333242577 0.5347222096141271),,,,,,,,,,,,1,
0,37,8,"{'x': 651.4360959825747, 'y': 577.4999863832572, 'elapsedTime': 87328.79999995232}",764721974651,698838248,POINT (0.3392896333242577 0.5347222096141271),,,,,,,,,,,,1,
0,37,8,"{'x': 651.4360959825747, 'y': 577.4999863832572, 'elapsedTime': 87328.79999995232}",764721991317,698854914,POINT (0.3392896333242577 0.5347222096141271),,,,,,,,,,,,1,
0,37,8,"{'x': 651.4360959825747, 'y': 577.4999863832572, 'elapsedTime': 87328.79999995232}",764722007985,698871581,POINT (0.3392896333242577 0.5347222096141271),,,,,,,,,,,,1,
0,37,8,"{'x': 651.4360959825747, 'y': 577.4999863832572, 'elapsedTime': 87328.79999995232}",764722024659,698888254,POINT (0.3392896333242577 0.5347222096141271),,,,,,,,,,,,1,
0,37,8,"{'x': 651.4360959825747, 'y': 577.4999863832572, 'elapsedTime': 87328.79999995232}",764722041325,698904920,POINT (0.3392896333242577 0.5347222096141271),,,,,,,,,,,,1,
0,37,8,"{'x': 651.4360959825747, 'y': 577.4999863832572, 'elapsedTime': 87328.79999995232}",764722057993,698921587,POINT (0.3392896333242577 0.5347222096141271),,,,,,,,,,,,1,
0,37,8,"{'x': 651.4360959825747, 'y': 577.4999863832572, 'elapsedTime': 87328.79999995232}",764722074660,698938253,POINT (0.3392896333242577 0.5347222096141271),,,,,,,,,,,,1,
0,37,8,"{'x': 651.4360959825747, 'y': 577.4999863832572, 'elapsedTime': 87328.79999995232}",764722091327,698954920,POINT (0.3392896333242577 0.5347222096141271),,,,,,,,,,,,1,
0,37,8,"{'x': 651.4360959825747, 'y': 577.4999863832572, 'elapsedTime': 87328.79999995232}",764722107995,698971587,POINT (0.3392896333242577 0.5347222096141271),,,,,,,,,,,,1,
0,37,8,"{'x': 651.4360959825747, 'y': 577.4999863832572, 'elapsedTime': 87328.79999995232}",764722124662,698988254,POINT (0.3392896333242577 0.5347222096141271),,,,,,,,,,,,1,
0,37,8,"{'x': 651.4360959825747, 'y': 577.4999863832572, 'elapsedTime': 87328.79999995232}",764722141330,699004921,POINT (0.3392896333242577 0.5347222096141271),,,,,,,,,,,,1,
0,37,8,"{'x': 651.4360959825747, 'y': 577.4999863832572, 'elapsedTime': 87328.79999995232}",764722157998,699021589,POINT (0.3392896333242577 0.5347222096141271),,,,,,,,,,,,1,
0,37,8,"{'x': 651.4360959825747, 'y': 577.4999863832572, 'elapsedTime': 87328.79999995232}",764722174667,699038256,POINT (0.3392896333242577 0.5347222096141271),,,,,,,,,,,,1,
0,37,8,"{'x': 651.4360959825747, 'y': 577.4999863832572, 'elapsedTime': 87328.79999995232}",764722191332,699054921,POINT (0.3392896333242577 0.5347222096141271),,,,,,,,,,,,1,
0,37,8,"{'x': 651.4360959825747, 'y': 577.4999863832572, 'elapsedTime': 87328.79999995232}",764722207998,699071587,POINT (0.3392896333242577 0.5347222096141271),,,,,,,,,,,,1,
0,37,8,"{'x': 651.4360959825747, 'y': 577.4999863832572, 'elapsedTime': 87328.79999995232}",764722224666,699088254,POINT (0.3392896333242577 0.5347222096141271),,,,,,,,,,,,1,
0,37,8,"{'x': 651.4360959825747, 'y': 577.4999863832572, 'elapsedTime': 87328.79999995232}",764722241332,699104920,POINT (0.3392896333242577 0.5347222096141271),,,,,,,,,,,,1,
0,37,8,"{'x': 651.4360959825747, 'y': 577.4999863832572, 'elapsedTime': 87328.79999995232}",764722258000,699121587,POINT (0.3392896333242577 0.5347222096141271),,,,,,,,,,,,1,
0,37,8,"{'x': 651.4360959825747, 'y': 577.4999863832572, 'elapsedTime': 87328.79999995232}",764722274676,699138262,POINT (0.3392896333242577 0.5347222096141271),,,,,,,,,,,,1,
0,37,8,"{'x': 651.4360959825747, 'y': 577.4999863832572, 'elapsedTime': 87328.79999995232}",764722291343,699154928,POINT (0.3392896333242577 0.5347222096141271),,,,,,,,,,,,1,
0,37,8,"{'x': 651.4360959825747, 'y': 577.4999863832572, 'elapsedTime': 87328.79999995232}",764722308010,699171595,POINT (0.3392896333242577 0.5347222096141271),,,,,,,,,,,,1,
0,37,8,"{'x': 651.4360959825747, 'y': 577.4999863832572, 'elapsedTime': 87328.79999995232}",764722324677,699188261,POINT (0.3392896333242577 0.5347222096141271),,,,,,,,,,,,1,
0,37,8,"{'x': 651.4360959825747, 'y': 577.4999863832572, 'elapsedTime': 87328.79999995232}",764722341344,699204928,POINT (0.3392896333242577 0.5347222096141271),,,,,,,,,,,,1,
0,37,8,"{'x': 651.4360959825747, 'y': 577.4999863832572, 'elapsedTime': 87328.79999995232}",764722358012,699221595,POINT (0.3392896333242577 0.5347222096141271),,,,,,,,,,,,1,
0,37,8,"{'x': 651.4360959825747, 'y': 577.4999863832572, 'elapsedTime': 87328.79999995232}",764722374678,699238261,POINT (0.3392896333242577 0.5347222096141271),,,,,,,,,,,,1,
0,37,8,"{'x': 651.4360959825747, 'y': 577.4999863832572, 'elapsedTime': 87328.79999995232}",764722391346,699254928,POINT (0.3392896333242577 0.5347222096141271),,,,,,,,,,,,1,
0,37,8,"{'x': 651.4360959825747, 'y': 577.4999863832572, 'elapsedTime': 87328.79999995232}",764722408017,699271598,POINT (0.3392896333242577 0.5347222096141271),,,,,,,,,,,,1,
0,37,8,"{'x': 651.4360959825747, 'y': 577.4999863832572, 'elapsedTime': 87328.79999995232}",764722424685,699288265,POINT (0.3392896333242577 0.5347222096141271),,,,,,,,,,,,1,
0,37,8,"{'x': 651.4360959825747, 'y': 577.4999863832572, 'elapsedTime': 87328.79999995232}",764722441351,699304931,POINT (0.3392896333242577 0.5347222096141271),,,,,,,,,,,,1,
0,37,8,"{'x': 651.4360959825747, 'y': 577.4999863832572, 'elapsedTime': 87328.79999995232}",764722458019,699321598,POINT (0.3392896333242577 0.5347222096141271),,,,,,,,,,,,1,
0,37,8,"{'x': 651.4360959825747, 'y': 577.4999863832572, 'elapsedTime': 87328.79999995232}",764722474685,699338264,POINT (0.3392896333242577 0.5347222096141271),,,,,,,,,,,,1,
0,37,8,"{'x': 651.4360959825747, 'y': 577.4999863832572, 'elapsedTime': 87328.79999995232}",764722491353,699354931,POINT (0.3392896333242577 0.5347222096141271),,,,,,,,,,,,1,
0,37,8,"{'x': 651.4360959825747, 'y': 577.4999863832572, 'elapsedTime': 87328.79999995232}",764722508020,699371598,POINT (0.3392896333242577 0.5347222096141271),,,,,,,,,,,,1,
0,37,8,"{'x': 651.4360959825747, 'y': 577.4999863832572, 'elapsedTime': 87328.79999995232}",764722524688,699388265,POINT (0.3392896333242577 0.5347222096141271),,,,,,,,,,,,1,
0,37,8,"{'x': 651.4360959825747, 'y': 577.4999863832572, 'elapsedTime': 87328.79999995232}",764722541360,699404936,POINT (0.3392896333242577 0.5347222096141271),,,,,,,,,,,,1,
0,37,8,"{'x': 651.4360959825747, 'y': 577.4999863832572, 'elapsedTime': 87328.79999995232}",764722558027,699421602,POINT (0.3392896333242577 0.5347222096141271),,,,,,,,,,,,1,
0,37,8,"{'x': 651.4360959825747, 'y': 577.4999863832572, 'elapsedTime': 87328.79999995232}",764722574694,699438269,POINT (0.3392896333242577 0.5347222096141271),,,,,,,,,,,,1,
0,37,8,"{'x': 651.4360959825747, 'y': 577.4999863832572, 'elapsedTime': 87328.79999995232}",764722591362,699454936,POINT (0.3392896333242577 0.5347222096141271),,,,,,,,,,,,1,
0,37,8,"{'x': 651.4360959825747, 'y': 577.4999863832572, 'elapsedTime': 87328.79999995232}",764722608029,699471603,POINT (0.3392896333242577 0.5347222096141271),,,,,,,,,,,,1,
0,37,8,"{'x': 651.4360959825747, 'y': 577.4999863832572, 'elapsedTime': 87328.79999995232}",764722624696,699488269,POINT (0.3392896333242577 0.5347222096141271),,,,,,,,,,,,1,
0,37,8,"{'x': 651.4360959825747, 'y': 577.4999863832572, 'elapsedTime': 87328.79999995232}",764722641363,699504936,POINT (0.3392896333242577 0.5347222096141271),,,,,,,,,,,,1,
0,37,8,"{'x': 651.4360959825747, 'y': 577.4999863832572, 'elapsedTime': 87328.79999995232}",764722658032,699521603,POINT (0.3392896333242577 0.5347222096141271),,,,,,,,,,,,1,
0,37,8,"{'x': 651.4360959825747, 'y': 577.4999863832572, 'elapsedTime': 87328.79999995232}",764722674701,699538272,POINT (0.3392896333242577 0.5347222096141271),,,,,,,,,,,,1,
0,37,8,"{'x': 651.4360959825747, 'y': 577.4999863832572, 'elapsedTime': 87328.79999995232}",764722691368,699554939,POINT (0.3392896333242577 0.5347222096141271),,,,,,,,,,,,1,
0,37,8,"{'x': 651.4360959825747, 'y': 577.4999863832572, 'elapsedTime': 87328.79999995232}",764722708036,699571606,POINT (0.3392896333242577 0.5347222096141271),,,,,,,,,,,,1,
0,37,8,"{'x': 651.4360959825747, 'y': 577.4999863832572, 'elapsedTime': 87328.79999995232}",764722724702,699588272,POINT (0.3392896333242577 0.5347222096141271),,,,,,,,,,,,1,
0,37,8,"{'x': 651.4360959825747, 'y': 577.4999863832572, 'elapsedTime': 87328.79999995232}",764722741370,699604939,POINT (0.3392896333242577 0.5347222096141271),,,,,,,,,,,,1,
0,37,8,"{'x': 651.4360959825747, 'y': 577.4999863832572, 'elapsedTime': 87328.79999995232}",764722758037,699621606,POINT (0.3392896333242577 0.5347222096141271),,,,,,,,,,,,1,
0,37,8,"{'x': 651.4360959825747, 'y': 577.4999863832572, 'elapsedTime': 87328.79999995232}",764722774705,699638273,POINT (0.3392896333242577 0.5347222096141271),,,,,,,,,,,,1,
0,37,8,"{'x': 651.4360959825747, 'y': 577.4999863832572, 'elapsedTime': 87328.79999995232}",764722791372,699654939,POINT (0.3392896333242577 0.5347222096141271),,,,,,,,,,,,1,
0,37,8,"{'x': 651.4360959825747, 'y': 577.4999863832572, 'elapsedTime': 87328.79999995232}",764722808046,699671612,POINT (0.3392896333242577 0.5347222096141271),,,,,,,,,,,,1,
0,37,8,"{'x': 651.4360959825747, 'y': 577.4999863832572, 'elapsedTime': 87328.79999995232}",764722824712,699688278,POINT (0.3392896333242577 0.5347222096141271),,,,,,,,,,,,1,
0,37,8,"{'x': 651.4360959825747, 'y': 577.4999863832572, 'elapsedTime': 87328.79999995232}",764722841380,699704945,POINT (0.3392896333242577 0.5347222096141271),,,,,,,,,,,,1,
0,37,8,"{'x': 651.4360959825747, 'y': 577.4999863832572, 'elapsedTime': 87328.79999995232}",764722858046,699721611,POINT (0.3392896333242577 0.5347222096141271),,,,,,,,,,,,1,
0,37,8,"{'x': 651.4360959825747, 'y': 577.4999863832572, 'elapsedTime': 87328.79999995232}",764722874714,699738278,POINT (0.3392896333242577 0.5347222096141271),,,,,,,,,,,,1,
0,37,8,"{'x': 651.4360959825747, 'y': 577.4999863832572, 'elapsedTime': 87328.79999995232}",764722891381,699754945,POINT (0.3392896333242577 0.5347222096141271),,,,,,,,,,,,1,
0,37,8,"{'x': 651.4360959825747, 'y': 577.4999863832572, 'elapsedTime': 87328.79999995232}",764722908050,699771612,POINT (0.3392896333242577 0.5347222096141271),,,,,,,,,,,,1,
0,37,8,"{'x': 651.4360959825747, 'y': 577.4999863832572, 'elapsedTime': 87328.79999995232}",764722924716,699788278,POINT (0.3392896333242577 0.5347222096141271),,,,,,,,,,,,1,
0,37,8,"{'x': 651.4360959825747, 'y': 577.4999863832572, 'elapsedTime': 87328.79999995232}",764722941389,699804950,POINT (0.3392896333242577 0.5347222096141271),,,,,,,,,,,,1,
0,37,8,"{'x': 651.4360959825747, 'y': 577.4999863832572, 'elapsedTime': 87328.79999995232}",764722958056,699821617,POINT (0.3392896333242577 0.5347222096141271),,,,,,,,,,,,1,
0,37,8,"{'x': 651.4360959825747, 'y': 577.4999863832572, 'elapsedTime': 87328.79999995232}",764722974723,699838283,POINT (0.3392896333242577 0.5347222096141271),,,,,,,,,,,,1,
0,37,8,"{'x': 651.4360959825747, 'y': 577.4999863832572, 'elapsedTime': 87328.79999995232}",764722991390,699854950,POINT (0.3392896333242577 0.5347222096141271),,,,,,,,,,,,1,
0,37,8,"{'x': 651.4360959825747, 'y': 577.4999863832572, 'elapsedTime': 87328.79999995232}",764723008058,699871617,POINT (0.3392896333242577 0.5347222096141271),,,,,,,,,,,,1,
0,37,8,"{'x': 651.4360959825747, 'y': 577.4999863832572, 'elapsedTime': 87328.79999995232}",764723024725,699888283,POINT (0.3392896333242577 0.5347222096141271),,,,,,,,,,,,1,
0,37,8,"{'x': 651.4360959825747, 'y': 577.4999863832572, 'elapsedTime': 87328.79999995232}",764723041393,699904950,POINT (0.3392896333242577 0.5347222096141271),,,,,,,,,,,,1,
0,37,8,"{'x': 651.4360959825747, 'y': 577.4999863832572, 'elapsedTime': 87328.79999995232}",764723058060,699921617,POINT (0.3392896333242577 0.5347222096141271),,,,,,,,,,,,1,
0,37,8,"{'x': 651.4360959825747, 'y': 577.4999863832572, 'elapsedTime': 87328.79999995232}",764723074732,699938288,POINT (0.3392896333242577 0.5347222096141271),,,,,,,,,,,,1,
0,37,8,"{'x': 651.4360959825747, 'y': 577.4999863832572, 'elapsedTime': 87328.79999995232}",764723091399,699954955,POINT (0.3392896333242577 0.5347222096141271),,,,,,,,,,,,1,
0,37,8,"{'x': 651.4360959825747, 'y': 577.4999863832572, 'elapsedTime': 87328.79999995232}",764723108067,699971622,POINT (0.3392896333242577 0.5347222096141271),,,,,,,,,,,,1,
0,37,8,"{'x': 651.4360959825747, 'y': 577.4999863832572, 'elapsedTime': 87328.79999995232}",764723124733,699988288,POINT (0.3392896333242577 0.5347222096141271),,,,,,,,,,,,1,
0,37,8,"{'x': 651.4360959825747, 'y': 577.4999863832572, 'elapsedTime': 87328.79999995232}",764723141400,700004955,POINT (0.3392896333242577 0.5347222096141271),,,,,,,,,,,,1,
0,37,8,"{'x': 651.4360959825747, 'y': 577.4999863832572, 'elapsedTime': 87328.79999995232}",764723158068,700021621,POINT (0.3392896333242577 0.5347222096141271),,,,,,,,,,,,1,
0,37,8,"{'x': 651.4360959825747, 'y': 577.4999863832572, 'elapsedTime': 87328.79999995232}",764723174735,700038288,POINT (0.3392896333242577 0.5347222096141271),,,,,,,,,,,,1,
0,37,8,"{'x': 651.4360959825747, 'y': 577.4999863832572, 'elapsedTime': 87328.79999995232}",764723191406,700054958,POINT (0.3392896333242577 0.5347222096141271),,,,,,,,,,,,1,
0,37,8,"{'x': 651.4360959825747, 'y': 577.4999863832572, 'elapsedTime': 87328.79999995232}",764723208073,700071625,POINT (0.3392896333242577 0.5347222096141271),,,,,,,,,,,,1,
0,37,8,"{'x': 651.4360959825747, 'y': 577.4999863832572, 'elapsedTime': 87328.79999995232}",764723224741,700088292,POINT (0.3392896333242577 0.5347222096141271),,,,,,,,,,,,1,
0,37,8,"{'x': 651.4360959825747, 'y': 577.4999863832572, 'elapsedTime': 87328.79999995232}",764723241408,700104959,POINT (0.3392896333242577 0.5347222096141271),,,,,,,,,,,,1,
0,37,8,"{'x': 651.4360959825747, 'y': 577.4999863832572, 'elapsedTime': 87328.79999995232}",764723258075,700121625,POINT (0.3392896333242577 0.5347222096141271),,,,,,,,,,,,1,
0,37,8,"{'x': 651.4360959825747, 'y': 577.4999863832572, 'elapsedTime': 87328.79999995232}",764723274742,700138292,POINT (0.3392896333242577 0.5347222096141271),,,,,,,,,,,,1,
0,37,8,"{'x': 651.4360959825747, 'y': 577.4999863832572, 'elapsedTime': 87328.79999995232}",764723291409,700154958,POINT (0.3392896333242577 0.5347222096141271),,,,,,,,,,,,1,
0,37,8,"{'x': 651.4360959825747, 'y': 577.4999863832572, 'elapsedTime': 87328.79999995232}",764723308076,700171625,POINT (0.3392896333242577 0.5347222096141271),,,,,,,,,,,,1,
0,37,8,"{'x': 651.4360959825747, 'y': 577.4999863832572, 'elapsedTime': 87328.79999995232}",764723324749,700188297,POINT (0.3392896333242577 0.5347222096141271),,,,,,,,,,,,1,
0,37,8,"{'x': 651.4360959825747, 'y': 577.4999863832572, 'elapsedTime': 87328.79999995232}",764723341415,700204963,POINT (0.3392896333242577 0.5347222096141271),,,,,,,,,,,,1,
0,37,8,"{'x': 651.4360959825747, 'y': 577.4999863832572, 'elapsedTime': 87328.79999995232}",764723358084,700221631,POINT (0.3392896333242577 0.5347222096141271),,,,,,,,,,,,1,
0,37,8,"{'x': 651.4360959825747, 'y': 577.4999863832572, 'elapsedTime': 87328.79999995232}",764723374750,700238297,POINT (0.3392896333242577 0.5347222096141271),,,,,,,,,,,,1,
0,37,8,"{'x': 651.4360959825747, 'y': 577.4999863832572, 'elapsedTime': 87328.79999995232}",764723391418,700254964,POINT (0.3392896333242577 0.5347222096141271),,,,,,,,,,,,1,
0,37,8,"{'x': 651.4360959825747, 'y': 577.4999863832572, 'elapsedTime': 87328.79999995232}",764723408084,700271630,POINT (0.3392896333242577 0.5347222096141271),,,,,,,,,,,,1,
0,37,8,"{'x': 651.4360959825747, 'y': 577.4999863832572, 'elapsedTime': 87328.79999995232}",764723424752,700288297,POINT (0.3392896333242577 0.5347222096141271),,,,,,,,,,,,1,
0,37,8,"{'x': 651.4360959825747, 'y': 577.4999863832572, 'elapsedTime': 87328.79999995232}",764723441418,700304963,POINT (0.3392896333242577 0.5347222096141271),,,,,,,,,,,,1,
0,37,8,"{'x': 651.4360959825747, 'y': 577.4999863832572, 'elapsedTime': 87328.79999995232}",764723458092,700321636,POINT (0.3392896333242577 0.5347222096141271),,,,,,,,,,,,1,
0,37,8,"{'x': 500.2609749666137, 'y': 499.9935694053401, 'elapsedTime': 17.300000071525574}",764723474759,700338303,POINT (0.2605525911284446 0.4629570087086482),,,,,,,,,,,,,
0,37,8,"{'x': 500.2609749666137, 'y': 499.9935694053401, 'elapsedTime': 17.300000071525574}",764723491427,700354970,POINT (0.2605525911284446 0.4629570087086482),,,,,,,,,,,,,
0,37,8,"{'x': 500.2609749666137, 'y': 499.9935694053401, 'elapsedTime': 17.300000071525574}",764723508093,700371636,POINT (0.2605525911284446 0.4629570087086482),,,,,,,,,,,,,
0,37,8,"{'x': 505.13675694994595, 'y': 499.24962557379826, 'elapsedTime': 797.8999999761581}",764723524761,700388303,POINT (0.2630920609114302 0.462268171827591),,,,,,,,,,,,,
0,37,8,"{'x': 505.13675694994595, 'y': 499.24962557379826, 'elapsedTime': 797.8999999761581}",764723541428,700404970,POINT (0.2630920609114302 0.462268171827591),,,,,,,,,,,,,
0,37,8,"{'x': 505.13675694994595, 'y': 499.24962557379826, 'elapsedTime': 797.8999999761581}",764723558095,700421636,POINT (0.2630920609114302 0.462268171827591),,,,,,,,,,,,,
0,37,8,"{'x': 522.7325817109984, 'y': 497.14798316130697, 'elapsedTime': 845.6000000238419}",764723574762,700438303,POINT (0.2722565529744783 0.4603222066308398),,,,,,,,,,,,,
0,37,8,"{'x': 522.7325817109984, 'y': 497.14798316130697, 'elapsedTime': 845.6000000238419}",764723591431,700454972,POINT (0.2722565529744783 0.4603222066308398),,,,,,,,,,,,,
0,37,8,"{'x': 561.6478150623051, 'y': 494.10999233659084, 'elapsedTime': 890.8000000715256}",764723608099,700471639,POINT (0.2925249036782839 0.45750925216351),,,,,,,,,,,,,
0,37,8,"{'x': 561.6478150623051, 'y': 494.10999233659084, 'elapsedTime': 890.8000000715256}",764723624766,700488306,POINT (0.2925249036782839 0.45750925216351),,,,,,,,,,,,,
0,37,8,"{'x': 629.5100547480881, 'y': 488.2803085310688, 'elapsedTime': 931.7000000476837}",764723641434,700504973,POINT (0.3278698201812959 0.4521113967880266),,,,,,,,,,,,,
0,37,8,"{'x': 629.5100547480881, 'y': 488.2803085310688, 'elapsedTime': 931.7000000476837}",764723658100,700521639,POINT (0.3278698201812959 0.4521113967880266),,,,,,,,,,,,,
0,37,8,"{'x': 629.5100547480881, 'y': 488.2803085310688, 'elapsedTime': 931.7000000476837}",764723674767,700538305,POINT (0.3278698201812959 0.4521113967880266),,,,,,,,,,,,,
0,37,8,"{'x': 728.1819580540711, 'y': 456.6750021443138, 'elapsedTime': 967.8999999761581}",764723691435,700554973,POINT (0.3792614364864954 0.4228472242076979),,,,,,,,,,,,,
0,37,8,"{'x': 728.1819580540711, 'y': 456.6750021443138, 'elapsedTime': 967.8999999761581}",764723708102,700571639,POINT (0.3792614364864954 0.4228472242076979),,,,,,,,,,,,,
0,37,8,"{'x': 882.3038180210016, 'y': 428.88280274891076, 'elapsedTime': 1006.3000000715256}",764723724773,700588310,POINT (0.459533238552605 0.3971137062489914),,,,,,,,,,,,,
0,37,8,"{'x': 882.3038180210016, 'y': 428.88280274891076, 'elapsedTime': 1006.3000000715256}",764723741441,700604977,POINT (0.459533238552605 0.3971137062489914),,,,,,,,,,,,,
0,37,8,"{'x': 932.5728783901044, 'y': 389.79322061641, 'elapsedTime': 1041.8000000715256}",764723758108,700621644,POINT (0.4857150408281794 0.3609196487188982),,,,,,,,,,,,1,
0,37,8,"{'x': 932.5728783901044, 'y': 389.79322061641, 'elapsedTime': 1041.8000000715256}",764723774776,700638311,POINT (0.4857150408281794 0.3609196487188982),,,,,,,,,,,,1,
0,37,8,"{'x': 1017.2572983204872, 'y': 363.39545694288057, 'elapsedTime': 1077}",764723791444,700654979,POINT (0.5298215095419204 0.3364772749471117),,,,,,,,,,,,1,
0,37,8,"{'x': 1017.2572983204872, 'y': 363.39545694288057, 'elapsedTime': 1077}",764723808110,700671644,POINT (0.5298215095419204 0.3364772749471117),,,,,,,,,,,,1,
0,37,8,"{'x': 1065.6832495872566, 'y': 297.8575759934307, 'elapsedTime': 1111.2000000476837}",764723824778,700688312,POINT (0.5550433591600294 0.2757940518457692),,,,,,,,,,,1,1,
0,37,8,"{'x': 1065.6832495872566, 'y': 297.8575759934307, 'elapsedTime': 1111.2000000476837}",764723841446,700704979,POINT (0.5550433591600294 0.2757940518457692),,,,,,,,,,,1,1,
0,37,8,"{'x': 1096.980626898723, 'y': 271.31473429687827, 'elapsedTime': 1145.1000000238419}",764723858118,700721651,POINT (0.5713440765097515 0.2512173465711836),,,,,,,,,,,1,1,
0,37,8,"{'x': 1096.980626898723, 'y': 271.31473429687827, 'elapsedTime': 1145.1000000238419}",764723874785,700738317,POINT (0.5713440765097515 0.2512173465711836),,,,,,,,,,,1,1,
0,37,8,"{'x': 1096.980626898723, 'y': 271.31473429687827, 'elapsedTime': 1145.1000000238419}",764723891452,700754984,POINT (0.5713440765097515 0.2512173465711836),,,,,,,,,,,1,1,
0,37,8,"{'x': 1097.0247809832065, 'y': 243.8581530096082, 'elapsedTime': 1184.2000000476837}",764723908120,700771651,POINT (0.5713670734287534 0.2257945861200076),,,,,,,,,,,1,1,
0,37,8,"{'x': 1097.0247809832065, 'y': 243.8581530096082, 'elapsedTime': 1184.2000000476837}",764723924784,700788315,POINT (0.5713670734287534 0.2257945861200076),,,,,,,,,,,1,1,
0,37,8,"{'x': 1158.5842080940772, 'y': 259.43676246836685, 'elapsedTime': 1225.8000000715256}",764723941453,700804983,POINT (0.6034292750489986 0.2402192245077471),,,,,,,,,,,1,1,
0,37,8,"{'x': 1158.5842080940772, 'y': 259.43676246836685, 'elapsedTime': 1225.8000000715256}",764723958121,700821651,POINT (0.6034292750489986 0.2402192245077471),,,,,,,,,,,1,1,
0,37,8,"{'x': 1158.5842080940772, 'y': 259.43676246836685, 'elapsedTime': 1225.8000000715256}",764723974789,700838318,POINT (0.6034292750489986 0.2402192245077471),,,,,,,,,,,1,1,
0,37,8,"{'x': 1177.485165800402, 'y': 244.0857885201734, 'elapsedTime': 1268.2000000476837}",764723991460,700854989,POINT (0.6132735238543761 0.2260053597409013),,,,,,,,,,,,1,
0,37,8,"{'x': 1177.485165800402, 'y': 244.0857885201734, 'elapsedTime': 1268.2000000476837}",764724008128,700871656,POINT (0.6132735238543761 0.2260053597409013),,,,,,,,,,,,1,
0,37,8,"{'x': 1177.485165800402, 'y': 244.0857885201734, 'elapsedTime': 1268.2000000476837}",764724024795,700888323,POINT (0.6132735238543761 0.2260053597409013),,,,,,,,,,,,1,
0,37,8,"{'x': 1174.4328546100007, 'y': 232.05880759669697, 'elapsedTime': 1309.8000000715256}",764724041461,700904989,POINT (0.6116837784427087 0.2148692662932379),,,,,,,,,,,,1,
0,37,8,"{'x': 1174.4328546100007, 'y': 232.05880759669697, 'elapsedTime': 1309.8000000715256}",764724058129,700921656,POINT (0.6116837784427087 0.2148692662932379),,,,,,,,,,,,1,
0,37,8,"{'x': 1165.9173564766522, 'y': 231.52597906149987, 'elapsedTime': 1358}",764724074795,700938322,POINT (0.607248623164923 0.2143759065384258),,,,,,,,,,,,1,
0,37,8,"{'x': 1165.9173564766522, 'y': 231.52597906149987, 'elapsedTime': 1358}",764724091463,700954989,POINT (0.607248623164923 0.2143759065384258),,,,,,,,,,,,1,
0,37,8,"{'x': 1165.9173564766522, 'y': 231.52597906149987, 'elapsedTime': 1358}",764724108132,700971658,POINT (0.607248623164923 0.2143759065384258),,,,,,,,,,,,1,
0,37,8,"{'x': 1132.7032642558106, 'y': 209.72346585054396, 'elapsedTime': 1400.3000000715256}",764724124799,700988324,POINT (0.5899496167999013 0.1941883943060592),,,,,,,,,,,1,,
0,37,8,"{'x': 1132.7032642558106, 'y': 209.72346585054396, 'elapsedTime': 1400.3000000715256}",764724141466,701004991,POINT (0.5899496167999013 0.1941883943060592),,,,,,,,,,,1,,
0,37,8,"{'x': 1081.5013801331245, 'y': 240.93457013148367, 'elapsedTime': 1440.7000000476837}",764724158133,701021657,POINT (0.5632819688193357 0.223087564936559),,,,,,,,,,,1,1,
0,37,8,"{'x': 1081.5013801331245, 'y': 240.93457013148367, 'elapsedTime': 1440.7000000476837}",764724174800,701038324,POINT (0.5632819688193357 0.223087564936559),,,,,,,,,,,1,1,
0,37,8,"{'x': 1038.4688942833523, 'y': 289.6699812015407, 'elapsedTime': 1478.5}",764724191468,701054991,POINT (0.5408692157725793 0.2682129455569821),,,,,,,,,,,1,1,
0,37,8,"{'x': 1038.4688942833523, 'y': 289.6699812015407, 'elapsedTime': 1478.5}",764724208134,701071657,POINT (0.5408692157725793 0.2682129455569821),,,,,,,,,,,1,1,
0,37,8,"{'x': 1038.4688942833523, 'y': 289.6699812015407, 'elapsedTime': 1478.5}",764724224802,701088324,POINT (0.5408692157725793 0.2682129455569821),,,,,,,,,,,1,1,
0,37,8,"{'x': 1029.2866804585776, 'y': 250.87945124853954, 'elapsedTime': 1517.1000000238419}",764724241474,701104996,POINT (0.5360868127388425 0.2322957881930922),,,,,,,,,,,1,1,
0,37,8,"{'x': 1029.2866804585776, 'y': 250.87945124853954, 'elapsedTime': 1517.1000000238419}",764724258142,701121663,POINT (0.5360868127388425 0.2322957881930922),,,,,,,,,,,1,1,
0,37,8,"{'x': 932.2683266651037, 'y': 227.98906679845592, 'elapsedTime': 1554.7000000476837}",764724274809,701138330,POINT (0.4855564201380748 0.2111009877763481),,,,,,,,,,,,,
0,37,8,"{'x': 932.2683266651037, 'y': 227.98906679845592, 'elapsedTime': 1554.7000000476837}",764724291476,701154996,POINT (0.4855564201380748 0.2111009877763481),,,,,,,,,,,,,
0,37,8,"{'x': 863.9997088263382, 'y': 247.6742483585139, 'elapsedTime': 1593.3999999761581}",764724308142,701171662,POINT (0.4499998483470512 0.2293280077393647),,,,,,,,,,,,1,
0,37,8,"{'x': 863.9997088263382, 'y': 247.6742483585139, 'elapsedTime': 1593.3999999761581}",764724324811,701188330,POINT (0.4499998483470512 0.2293280077393647),,,,,,,,,,,,1,
0,37,8,"{'x': 801.9945743413075, 'y': 220.74766924671226, 'elapsedTime': 1632.2000000476837}",764724341477,701204996,POINT (0.417705507469431 0.2043959900432521),,,,,,,,,,,,,
0,37,8,"{'x': 801.9945743413075, 'y': 220.74766924671226, 'elapsedTime': 1632.2000000476837}",764724358145,701221663,POINT (0.417705507469431 0.2043959900432521),,,,,,,,,,,,,
0,37,8,"{'x': 801.9945743413075, 'y': 220.74766924671226, 'elapsedTime': 1632.2000000476837}",764724374815,701238333,POINT (0.417705507469431 0.2043959900432521),,,,,,,,,,,,,
0,37,8,"{'x': 752.82732306963, 'y': 204.07115319409542, 'elapsedTime': 1669.1000000238419}",764724391483,701255000,POINT (0.3920975640987656 0.1889547714760143),,,,,,,,,,,1,,
0,37,8,"{'x': 752.82732306963, 'y': 204.07115319409542, 'elapsedTime': 1669.1000000238419}",764724408150,701271667,POINT (0.3920975640987656 0.1889547714760143),,,,,,,,,,,1,,
0,37,8,"{'x': 752.82732306963, 'y': 204.07115319409542, 'elapsedTime': 1669.1000000238419}",764724424817,701288333,POINT (0.3920975640987656 0.1889547714760143),,,,,,,,,,,1,,
0,37,8,"{'x': 690.7976735157879, 'y': 164.4270111117442, 'elapsedTime': 1717.1000000238419}",764724441484,701305000,POINT (0.3597904549561395 0.1522472325108743),,,,,,,,,,,1,,
0,37,8,"{'x': 690.7976735157879, 'y': 164.4270111117442, 'elapsedTime': 1717.1000000238419}",764724458151,701321666,POINT (0.3597904549561395 0.1522472325108743),,,,,,,,,,,1,,
0,37,8,"{'x': 690.7976735157879, 'y': 164.4270111117442, 'elapsedTime': 1717.1000000238419}",764724474818,701338333,POINT (0.3597904549561395 0.1522472325108743),,,,,,,,,,,1,,
0,37,8,"{'x': 676.6976414753893, 'y': 151.3256477734555, 'elapsedTime': 1758.8999999761581}",764724491485,701355000,POINT (0.352446688268432 0.1401163405309773),,,,,,,,,,,1,,
0,37,8,"{'x': 676.6976414753893, 'y': 151.3256477734555, 'elapsedTime': 1758.8999999761581}",764724508159,701371673,POINT (0.352446688268432 0.1401163405309773),,,,,,,,,,,1,,
0,37,8,"{'x': 693.5175481411451, 'y': 170.24819486857695, 'elapsedTime': 1801.5}",764724524826,701388340,POINT (0.3612070563235131 0.1576372174709046),,,,,,,,,,,1,,
0,37,8,"{'x': 693.5175481411451, 'y': 170.24819486857695, 'elapsedTime': 1801.5}",764724541494,701405007,POINT (0.3612070563235131 0.1576372174709046),,,,,,,,,,,1,,
0,37,8,"{'x': 693.5175481411451, 'y': 170.24819486857695, 'elapsedTime': 1801.5}",764724558160,701421673,POINT (0.3612070563235131 0.1576372174709046),,,,,,,,,,,1,,
0,37,8,"{'x': 715.8923753453632, 'y': 163.32775469726604, 'elapsedTime': 1852.6000000238419}",764724574828,701438340,POINT (0.3728606121590434 0.1512294024974686),,,,,,,,,,,1,,
0,37,8,"{'x': 715.8923753453632, 'y': 163.32775469726604, 'elapsedTime': 1852.6000000238419}",764724591495,701455007,POINT (0.3728606121590434 0.1512294024974686),,,,,,,,,,,1,,
0,37,8,"{'x': 715.8923753453632, 'y': 163.32775469726604, 'elapsedTime': 1852.6000000238419}",764724608162,701471673,POINT (0.3728606121590434 0.1512294024974686),,,,,,,,,,,1,,
0,37,8,"{'x': 641.9545799379929, 'y': 128.3583851170916, 'elapsedTime': 1895.5}",764724624829,701488340,POINT (0.3343513437177046 0.1188503565898996),,,,,,,,,,,,,
0,37,8,"{'x': 641.9545799379929, 'y': 128.3583851170916, 'elapsedTime': 1895.5}",764724641501,701505011,POINT (0.3343513437177046 0.1188503565898996),,,,,,,,,,,,,
0,37,8,"{'x': 653.7938116357875, 'y': 119.47308033965257, 'elapsedTime': 1937.7000000476837}",764724658168,701521678,POINT (0.3405176102269726 0.1106232225367154),,,,,,,,,,,,,
0,37,8,"{'x': 653.7938116357875, 'y': 119.47308033965257, 'elapsedTime': 1937.7000000476837}",764724674835,701538344,POINT (0.3405176102269726 0.1106232225367154),,,,,,,,,,,,,
0,37,8,"{'x': 607.1230566027385, 'y': 115.42412305634488, 'elapsedTime': 1979.2000000476837}",764724691501,701555010,POINT (0.3162099253139263 0.1068741880151342),,,,,,,,,,,,,
0,37,8,"{'x': 607.1230566027385, 'y': 115.42412305634488, 'elapsedTime': 1979.2000000476837}",764724708169,701571677,POINT (0.3162099253139263 0.1068741880151342),,,,,,,,,,,,,
0,37,8,"{'x': 607.1230566027385, 'y': 115.42412305634488, 'elapsedTime': 1979.2000000476837}",764724724836,701588344,POINT (0.3162099253139263 0.1068741880151342),,,,,,,,,,,,,
0,37,8,"{'x': 619.7127105177586, 'y': 86.37436429183882, 'elapsedTime': 2015.6000000238419}",764724741504,701605011,POINT (0.3227670367279993 0.0799762632331841),,,,,,,,,,,,,
0,37,8,"{'x': 619.7127105177586, 'y': 86.37436429183882, 'elapsedTime': 2015.6000000238419}",764724758170,701621677,POINT (0.3227670367279993 0.0799762632331841),,,,,,,,,,,,,
0,37,8,"{'x': 579.2287316510102, 'y': 71.26550097699696, 'elapsedTime': 2053.899999976158}",764724774843,701638349,POINT (0.3016816310682345 0.0659865749787009),,,,,,,,,,,,,
0,37,8,"{'x': 579.2287316510102, 'y': 71.26550097699696, 'elapsedTime': 2053.899999976158}",764724791510,701655016,POINT (0.3016816310682345 0.0659865749787009),,,,,,,,,,,,,
0,37,8,"{'x': 579.2287316510102, 'y': 71.26550097699696, 'elapsedTime': 2053.899999976158}",764724808177,701671682,POINT (0.3016816310682345 0.0659865749787009),,,,,,,,,,,,,
0,37,8,"{'x': 546.9132117268507, 'y': 59.9418224097503, 'elapsedTime': 2092.5}",764724824844,701688349,POINT (0.2848506311077347 0.0555016874164355),,,,,,,,,,,,,
0,37,8,"{'x': 550.1749684170921, 'y': 57.095870614892185, 'elapsedTime': 2131.100000023842}",764724841511,701705015,POINT (0.2865494627172355 0.0528665468656409),,,,,,,,,,,,,
0,37,8,"{'x': 550.1749684170921, 'y': 57.095870614892185, 'elapsedTime': 2131.100000023842}",764724858178,701721682,POINT (0.2865494627172355 0.0528665468656409),,,,,,,,,,,,,
0,37,8,"{'x': 550.1749684170921, 'y': 57.095870614892185, 'elapsedTime': 2131.100000023842}",764724874846,701738349,POINT (0.2865494627172355 0.0528665468656409),,,,,,,,,,,,,
0,37,8,"{'x': 550.1749684170921, 'y': 57.095870614892185, 'elapsedTime': 2131.100000023842}",764724891512,701755015,POINT (0.2865494627172355 0.0528665468656409),,,,,,,,,,,,,
0,37,8,"{'x': 550.1749684170921, 'y': 57.095870614892185, 'elapsedTime': 2131.100000023842}",764724908186,701771688,POINT (0.2865494627172355 0.0528665468656409),,,,,,,,,,,,,
0,37,8,"{'x': 515.2833991332523, 'y': 102.76583811724754, 'elapsedTime': 2180.7000000476837}",764724924852,701788354,POINT (0.2683767703819022 0.0951535538122662),,,,,,,,,,,,,
0,37,8,"{'x': 515.2833991332523, 'y': 102.76583811724754, 'elapsedTime': 2180.7000000476837}",764724941518,701805020,POINT (0.2683767703819022 0.0951535538122662),,,,,,,,,,,,,
0,37,8,"{'x': 467.65590704381873, 'y': 113.07663595189076, 'elapsedTime': 2238.399999976158}",764724958187,701821688,POINT (0.2435707849186556 0.1047005888443433),,,,,,,,,,,,,
0,37,8,"{'x': 467.65590704381873, 'y': 113.07663595189076, 'elapsedTime': 2238.399999976158}",764724974853,701838354,POINT (0.2435707849186556 0.1047005888443433),,,,,,,,,,,,,
0,37,8,"{'x': 467.65590704381873, 'y': 113.07663595189076, 'elapsedTime': 2238.399999976158}",764724991521,701855021,POINT (0.2435707849186556 0.1047005888443433),,,,,,,,,,,,,
0,37,8,"{'x': 467.65590704381873, 'y': 113.07663595189076, 'elapsedTime': 2238.399999976158}",764725008187,701871687,POINT (0.2435707849186556 0.1047005888443433),,,,,,,,,,,,,
0,37,8,"{'x': 441.1296398689184, 'y': 105.96526611568078, 'elapsedTime': 2283.3000000715256}",764725024855,701888354,POINT (0.2297550207650617 0.0981159871441489),,,,,,,,,,,,,
0,37,8,"{'x': 441.1296398689184, 'y': 105.96526611568078, 'elapsedTime': 2283.3000000715256}",764725041526,701905025,POINT (0.2297550207650617 0.0981159871441489),,,,,,,,,,,,,
0,37,8,"{'x': 420.15281696163396, 'y': 122.5506017344229, 'elapsedTime': 2336.8000000715256}",764725058193,701921691,POINT (0.2188295921675177 0.1134727793837249),,,,,,,,,,,,,
0,37,8,"{'x': 420.15281696163396, 'y': 122.5506017344229, 'elapsedTime': 2336.8000000715256}",764725074860,701938358,POINT (0.2188295921675177 0.1134727793837249),,,,,,,,,,,,,
0,37,8,"{'x': 420.15281696163396, 'y': 122.5506017344229, 'elapsedTime': 2336.8000000715256}",764725091527,701955024,POINT (0.2188295921675177 0.1134727793837249),,,,,,,,,,,,,
0,37,8,"{'x': 417.2539900106224, 'y': 170.6358410431596, 'elapsedTime': 2375.5}",764725108194,701971691,POINT (0.2173197864638658 0.1579961491140366),,,,,,,,,,,1,,
0,37,8,"{'x': 417.2539900106224, 'y': 170.6358410431596, 'elapsedTime': 2375.5}",764725124862,701988358,POINT (0.2173197864638658 0.1579961491140366),,,,,,,,,,,1,,
0,37,8,"{'x': 356.88131901577924, 'y': 176.61283644652923, 'elapsedTime': 2416.3000000715256}",764725141528,702005024,POINT (0.185875686987385 0.1635304041171567),,,,,,,,,,,,,
0,37,8,"{'x': 356.88131901577924, 'y': 176.61283644652923, 'elapsedTime': 2416.3000000715256}",764725158200,702021695,POINT (0.185875686987385 0.1635304041171567),,,,,,,,,,,,,
0,37,8,"{'x': 356.88131901577924, 'y': 176.61283644652923, 'elapsedTime': 2416.3000000715256}",764725174867,702038362,POINT (0.185875686987385 0.1635304041171567),,,,,,,,,,,,,
0,37,8,"{'x': 361.908970430091, 'y': 183.4202859934815, 'elapsedTime': 2453.5}",764725191534,702055028,POINT (0.1884942554323391 0.1698335981421125),,,,,,,,,,,,,
0,37,8,"{'x': 361.908970430091, 'y': 183.4202859934815, 'elapsedTime': 2453.5}",764725208201,702071695,POINT (0.1884942554323391 0.1698335981421125),,,,,,,,,,,,,
0,37,8,"{'x': 361.908970430091, 'y': 183.4202859934815, 'elapsedTime': 2453.5}",764725224868,702088361,POINT (0.1884942554323391 0.1698335981421125),,,,,,,,,,,,,
0,37,8,"{'x': 331.58253311870425, 'y': 202.74491841506912, 'elapsedTime': 2508.7000000476837}",764725241535,702105028,POINT (0.1726992359993251 0.1877267763102492),,,,,,,,,,,,,
0,37,8,"{'x': 331.58253311870425, 'y': 202.74491841506912, 'elapsedTime': 2508.7000000476837}",764725258203,702121695,POINT (0.1726992359993251 0.1877267763102492),,,,,,,,,,,,,
0,37,8,"{'x': 331.58253311870425, 'y': 202.74491841506912, 'elapsedTime': 2508.7000000476837}",764725274869,702138361,POINT (0.1726992359993251 0.1877267763102492),,,,,,,,,,,,,
0,37,8,"{'x': 369.31954653450236, 'y': 192.41917885297158, 'elapsedTime': 2563.899999976158}",764725291541,702155032,POINT (0.19235393048672 0.1781659063453441),,,,,,,,,,,,,
0,37,8,"{'x': 369.31954653450236, 'y': 192.41917885297158, 'elapsedTime': 2563.899999976158}",764725308208,702171699,POINT (0.19235393048672 0.1781659063453441),,,,,,,,,,,,,
0,37,8,"{'x': 419.2434953677045, 'y': 240.1788981587434, 'elapsedTime': 2604.399999976158}",764725324875,702188365,POINT (0.2183559871706794 0.2223878686655032),,,,,,,,,,,,1,
0,37,8,"{'x': 419.2434953677045, 'y': 240.1788981587434, 'elapsedTime': 2604.399999976158}",764725341542,702205032,POINT (0.2183559871706794 0.2223878686655032),,,,,,,,,,,,1,
0,37,8,"{'x': 419.2434953677045, 'y': 240.1788981587434, 'elapsedTime': 2604.399999976158}",764725358210,702221699,POINT (0.2183559871706794 0.2223878686655032),,,,,,,,,,,,1,
0,37,8,"{'x': 448.12471369296213, 'y': 281.3773768581932, 'elapsedTime': 2645.2000000476837}",764725374877,702238366,POINT (0.2333982883817511 0.2605346082020307),,,,,,,,,,,,1,
0,37,8,"{'x': 448.12471369296213, 'y': 281.3773768581932, 'elapsedTime': 2645.2000000476837}",764725391543,702255032,POINT (0.2333982883817511 0.2605346082020307),,,,,,,,,,,,1,
0,37,8,"{'x': 440.2298022593748, 'y': 363.1460432747298, 'elapsedTime': 2687.7000000476837}",764725408211,702271699,POINT (0.2292863553434244 0.3362463363654906),,,,,,,,,,,,,
0,37,8,"{'x': 440.2298022593748, 'y': 363.1460432747298, 'elapsedTime': 2687.7000000476837}",764725424886,702288374,POINT (0.2292863553434244 0.3362463363654906),,,,,,,,,,,,,
0,37,8,"{'x': 542.8819513169697, 'y': 444.1089076722514, 'elapsedTime': 2725}",764725441551,702305038,POINT (0.2827510163109217 0.4112119515483809),,,,,,,,,,,,,
0,37,8,"{'x': 542.8819513169697, 'y': 444.1089076722514, 'elapsedTime': 2725}",764725458218,702321705,POINT (0.2827510163109217 0.4112119515483809),,,,,,,,,,,,,
0,37,8,"{'x': 542.8819513169697, 'y': 444.1089076722514, 'elapsedTime': 2725}",764725474885,702338371,POINT (0.2827510163109217 0.4112119515483809),,,,,,,,,,,,,
0,37,8,"{'x': 592.8181715927004, 'y': 511.2499130981571, 'elapsedTime': 2761.399999976158}",764725491552,702355038,POINT (0.3087594643711981 0.4733795491649603),,,,,,,,,,,,,
0,37,8,"{'x': 592.8181715927004, 'y': 511.2499130981571, 'elapsedTime': 2761.399999976158}",764725508220,702371705,POINT (0.3087594643711981 0.4733795491649603),,,,,,,,,,,,,
0,37,8,"{'x': 621.5762780968333, 'y': 709.6731677781611, 'elapsedTime': 2806.2000000476837}",764725524887,702388372,POINT (0.3237376448421007 0.6571047849797788),,,,,,,,,,,,,1
0,37,8,"{'x': 621.5762780968333, 'y': 709.6731677781611, 'elapsedTime': 2806.2000000476837}",764725541554,702405038,POINT (0.3237376448421007 0.6571047849797788),,,,,,,,,,,,,1
0,37,8,"{'x': 621.5762780968333, 'y': 709.6731677781611, 'elapsedTime': 2806.2000000476837}",764725558224,702421708,POINT (0.3237376448421007 0.6571047849797788),,,,,,,,,,,,,1
0,37,8,"{'x': 680.1555871112821, 'y': 772.604797158143, 'elapsedTime': 2845.8000000715256}",764725574892,702438375,POINT (0.3542477016204594 0.7153748121834658),,,,,,,,,,,,,
0,37,8,"{'x': 680.1555871112821, 'y': 772.604797158143, 'elapsedTime': 2845.8000000715256}",764725591559,702455042,POINT (0.3542477016204594 0.7153748121834658),,,,,,,,,,,,,
0,37,8,"{'x': 766.5557097833631, 'y': 742.2764867405676, 'elapsedTime': 2886.399999976158}",764725608226,702471708,POINT (0.3992477655121683 0.6872930432783033),,,,,,,,,,,,,1
0,37,8,"{'x': 766.5557097833631, 'y': 742.2764867405676, 'elapsedTime': 2886.399999976158}",764725624893,702488375,POINT (0.3992477655121683 0.6872930432783033),,,,,,,,,,,,,1
0,37,8,"{'x': 835.4086466619596, 'y': 703.6141358219783, 'elapsedTime': 2927.8000000715256}",764725641561,702505042,POINT (0.4351086701364373 0.6514945702055355),,,,,,,,,,,,,1
0,37,8,"{'x': 835.4086466619596, 'y': 703.6141358219783, 'elapsedTime': 2927.8000000715256}",764725658227,702521708,POINT (0.4351086701364373 0.6514945702055355),,,,,,,,,,,,,1
0,37,8,"{'x': 835.4086466619596, 'y': 703.6141358219783, 'elapsedTime': 2927.8000000715256}",764725674895,702538375,POINT (0.4351086701364373 0.6514945702055355),,,,,,,,,,,,,1
0,37,8,"{'x': 859.0269285330683, 'y': 650.2989465894351, 'elapsedTime': 2965.399999976158}",764725691568,702555048,POINT (0.447409858610973 0.6021286542494769),,,,,,,,,,,,,
0,37,8,"{'x': 859.0269285330683, 'y': 650.2989465894351, 'elapsedTime': 2965.399999976158}",764725708236,702571715,POINT (0.447409858610973 0.6021286542494769),,,,,,,,,,,,,
0,37,8,"{'x': 902.7870401661355, 'y': 531.8425430315597, 'elapsedTime': 3004.3000000715256}",764725724903,702588382,POINT (0.4702015834198622 0.492446799103296),,,,,,,,,,,,1,
0,37,8,"{'x': 902.7870401661355, 'y': 531.8425430315597, 'elapsedTime': 3004.3000000715256}",764725741570,702605048,POINT (0.4702015834198622 0.492446799103296),,,,,,,,,,,,1,
0,37,8,"{'x': 950.091866830574, 'y': 495.62348762361324, 'elapsedTime': 3043.100000023842}",764725758237,702621715,POINT (0.4948395139742573 0.4589106366885308),,,,,,,,,,,,1,
0,37,8,"{'x': 950.091866830574, 'y': 495.62348762361324, 'elapsedTime': 3043.100000023842}",764725774905,702638382,POINT (0.4948395139742573 0.4589106366885308),,,,,,,,,,,,1,
0,37,8,"{'x': 989.0644106255207, 'y': 455.01383638599697, 'elapsedTime': 3080}",764725791571,702655048,POINT (0.5151377138674588 0.421309107764812),,,,,,,,,,,,,
0,37,8,"{'x': 989.0644106255207, 'y': 455.01383638599697, 'elapsedTime': 3080}",764725808239,702671715,POINT (0.5151377138674588 0.421309107764812),,,,,,,,,,,,,
0,37,8,"{'x': 989.0644106255207, 'y': 455.01383638599697, 'elapsedTime': 3080}",764725824906,702688382,POINT (0.5151377138674588 0.421309107764812),,,,,,,,,,,,,
0,37,8,"{'x': 977.3698516005586, 'y': 445.33022383469375, 'elapsedTime': 3116.600000023842}",764725841573,702705049,POINT (0.5090467977086243 0.4123427998469387),,,,,,,,,,,,,
0,37,8,"{'x': 977.3698516005586, 'y': 445.33022383469375, 'elapsedTime': 3116.600000023842}",764725858240,702721715,POINT (0.5090467977086243 0.4123427998469387),,,,,,,,,,,,,
0,37,8,"{'x': 944.3523776777366, 'y': 445.53595449549823, 'elapsedTime': 3153.8000000715256}",764725874908,702738383,POINT (0.4918501967071545 0.4125332911995354),,,,,,,,,,,,,
0,37,8,"{'x': 944.3523776777366, 'y': 445.53595449549823, 'elapsedTime': 3153.8000000715256}",764725891575,702755049,POINT (0.4918501967071545 0.4125332911995354),,,,,,,,,,,,,
0,37,8,"{'x': 944.3523776777366, 'y': 445.53595449549823, 'elapsedTime': 3153.8000000715256}",764725908242,702771716,POINT (0.4918501967071545 0.4125332911995354),,,,,,,,,,,,,
0,37,8,"{'x': 890.1614916334661, 'y': 367.2511241655095, 'elapsedTime': 3193}",764725924910,702788383,POINT (0.4636257768924302 0.3400473371902866),,,,,,,,,,,,1,
0,37,8,"{'x': 890.1614916334661, 'y': 367.2511241655095, 'elapsedTime': 3193}",764725941576,702805049,POINT (0.4636257768924302 0.3400473371902866),,,,,,,,,,,,1,
0,37,8,"{'x': 771.1821971297122, 'y': 295.6180923294411, 'elapsedTime': 3233.100000023842}",764725958252,702821724,POINT (0.4016573943383918 0.2737204558605936),,,,,,,,,,,1,1,
0,37,8,"{'x': 771.1821971297122, 'y': 295.6180923294411, 'elapsedTime': 3233.100000023842}",764725974918,702838390,POINT (0.4016573943383918 0.2737204558605936),,,,,,,,,,,1,1,
0,37,8,"{'x': 742.8985229360756, 'y': 236.31964794488385, 'elapsedTime': 3273.3000000715256}",764725991586,702855057,POINT (0.386926314029206 0.2188144888378554),,,,,,,,,,,,1,
0,37,8,"{'x': 742.8985229360756, 'y': 236.31964794488385, 'elapsedTime': 3273.3000000715256}",764726008252,702871723,POINT (0.386926314029206 0.2188144888378554),,,,,,,,,,,,1,
0,37,8,"{'x': 742.8985229360756, 'y': 236.31964794488385, 'elapsedTime': 3273.3000000715256}",764726024920,702888390,POINT (0.386926314029206 0.2188144888378554),,,,,,,,,,,,1,
0,37,8,"{'x': 742.8985229360756, 'y': 236.31964794488385, 'elapsedTime': 3273.3000000715256}",764726041587,702905057,POINT (0.386926314029206 0.2188144888378554),,,,,,,,,,,,1,
0,37,8,"{'x': 742.8985229360756, 'y': 236.31964794488385, 'elapsedTime': 3273.3000000715256}",764726058255,702921724,POINT (0.386926314029206 0.2188144888378554),,,,,,,,,,,,1,
0,37,8,"{'x': 695.7627940366434, 'y': 185.78116259845513, 'elapsedTime': 3316.5}",764726074925,702938394,POINT (0.3623764552274185 0.1720195949985696),,,,,,,,,,,1,,
0,37,8,"{'x': 695.7627940366434, 'y': 185.78116259845513, 'elapsedTime': 3316.5}",764726091593,702955061,POINT (0.3623764552274185 0.1720195949985696),,,,,,,,,,,1,,
0,37,8,"{'x': 661.4591575567433, 'y': 94.03275647567413, 'elapsedTime': 3385.399999976158}",764726108260,702971728,POINT (0.3445099778941371 0.0870673671071057),,,,,,,,,,,,,
0,37,8,"{'x': 661.4591575567433, 'y': 94.03275647567413, 'elapsedTime': 3385.399999976158}",764726124927,702988394,POINT (0.3445099778941371 0.0870673671071057),,,,,,,,,,,,,
0,37,8,"{'x': 661.4591575567433, 'y': 94.03275647567413, 'elapsedTime': 3385.399999976158}",764726141594,703005061,POINT (0.3445099778941371 0.0870673671071057),,,,,,,,,,,,,
0,37,8,"{'x': 649.6549565783391, 'y': 89.27259230531146, 'elapsedTime': 3431.2000000476837}",764726158261,703021727,POINT (0.3383619565512183 0.0826598076901032),,,,,,,,,,,,,
0,37,8,"{'x': 649.6549565783391, 'y': 89.27259230531146, 'elapsedTime': 3431.2000000476837}",764726174928,703038394,POINT (0.3383619565512183 0.0826598076901032),,,,,,,,,,,,,
0,37,8,"{'x': 604.3989513976829, 'y': 78.81327258707374, 'elapsedTime': 3475.7000000476837}",764726191596,703055061,POINT (0.3147911205196265 0.0729752523954386),,,,,,,,,,,,,
0,37,8,"{'x': 604.3989513976829, 'y': 78.81327258707374, 'elapsedTime': 3475.7000000476837}",764726208266,703071731,POINT (0.3147911205196265 0.0729752523954386),,,,,,,,,,,,,
0,37,8,"{'x': 604.3989513976829, 'y': 78.81327258707374, 'elapsedTime': 3475.7000000476837}",764726224934,703088398,POINT (0.3147911205196265 0.0729752523954386),,,,,,,,,,,,,
0,37,8,"{'x': 585.7967329110489, 'y': 83.53311376428994, 'elapsedTime': 3514.7000000476837}",764726241601,703105065,POINT (0.305102465057838 0.0773454757076759),,,,,,,,,,,,,
0,37,8,"{'x': 585.7967329110489, 'y': 83.53311376428994, 'elapsedTime': 3514.7000000476837}",764726258269,703121732,POINT (0.305102465057838 0.0773454757076759),,,,,,,,,,,,,
0,37,8,"{'x': 585.7967329110489, 'y': 83.53311376428994, 'elapsedTime': 3514.7000000476837}",764726274935,703138398,POINT (0.305102465057838 0.0773454757076759),,,,,,,,,,,,,
0,37,8,"{'x': 585.7967329110489, 'y': 83.53311376428994, 'elapsedTime': 3514.7000000476837}",764726291602,703155065,POINT (0.305102465057838 0.0773454757076759),,,,,,,,,,,,,
0,37,8,"{'x': 592.9218924121546, 'y': 78.19058738080503, 'elapsedTime': 3568.7000000476837}",764726308269,703171731,POINT (0.3088134856313305 0.0723986920192639),,,,,,,,,,,,,
0,37,8,"{'x': 592.9218924121546, 'y': 78.19058738080503, 'elapsedTime': 3568.7000000476837}",764726324936,703188398,POINT (0.3088134856313305 0.0723986920192639),,,,,,,,,,,,,
0,37,8,"{'x': 562.1762635481849, 'y': 64.43453954238107, 'elapsedTime': 3624.899999976158}",764726341608,703205069,POINT (0.2928001372646796 0.0596616106873899),,,,,,,,,,,,,
0,37,8,"{'x': 562.1762635481849, 'y': 64.43453954238107, 'elapsedTime': 3624.899999976158}",764726358276,703221737,POINT (0.2928001372646796 0.0596616106873899),,,,,,,,,,,,,
0,37,8,"{'x': 563.3916289094601, 'y': 101.25271826008881, 'elapsedTime': 3663.399999976158}",764726374943,703238403,POINT (0.2934331400570105 0.0937525169074896),,,,,,,,,,,,,
0,37,8,"{'x': 563.3916289094601, 'y': 101.25271826008881, 'elapsedTime': 3663.399999976158}",764726391610,703255070,POINT (0.2934331400570105 0.0937525169074896),,,,,,,,,,,,,
0,37,8,"{'x': 563.3916289094601, 'y': 101.25271826008881, 'elapsedTime': 3663.399999976158}",764726408277,703271736,POINT (0.2934331400570105 0.0937525169074896),,,,,,,,,,,,,
0,37,8,"{'x': 557.7130419847492, 'y': 97.1326402407265, 'elapsedTime': 3701.2000000476837}",764726424944,703288403,POINT (0.2904755427003902 0.0899376298525245),,,,,,,,,,,,,
0,37,8,"{'x': 557.7130419847492, 'y': 97.1326402407265, 'elapsedTime': 3701.2000000476837}",764726441611,703305069,POINT (0.2904755427003902 0.0899376298525245),,,,,,,,,,,,,
0,37,8,"{'x': 584.5578780193526, 'y': 168.17741740783418, 'elapsedTime': 3739.8000000715256}",764726458279,703321737,POINT (0.3044572281350795 0.1557198309331798),,,,,,,,,,,1,,
0,37,8,"{'x': 584.5578780193526, 'y': 168.17741740783418, 'elapsedTime': 3739.8000000715256}",764726474952,703338409,POINT (0.3044572281350795 0.1557198309331798),,,,,,,,,,,1,,
0,37,8,"{'x': 584.5578780193526, 'y': 168.17741740783418, 'elapsedTime': 3739.8000000715256}",764726491619,703355076,POINT (0.3044572281350795 0.1557198309331798),,,,,,,,,,,1,,
0,37,8,"{'x': 689.9047982386121, 'y': 215.27799838453637, 'elapsedTime': 3778.399999976158}",764726508286,703371742,POINT (0.3593254157492771 0.1993314799856818),,,,,,,,,,,,,
0,37,8,"{'x': 689.9047982386121, 'y': 215.27799838453637, 'elapsedTime': 3778.399999976158}",764726524953,703388409,POINT (0.3593254157492771 0.1993314799856818),,,,,,,,,,,,,
0,37,8,"{'x': 689.9047982386121, 'y': 215.27799838453637, 'elapsedTime': 3778.399999976158}",764726541621,703405076,POINT (0.3593254157492771 0.1993314799856818),,,,,,,,,,,,,
0,37,8,"{'x': 776.7415196435555, 'y': 229.0990372638984, 'elapsedTime': 3828.5}",764726558287,703421742,POINT (0.4045528748143518 0.2121287382073133),,,,,,,,,,,,,
0,37,8,"{'x': 776.7415196435555, 'y': 229.0990372638984, 'elapsedTime': 3828.5}",764726574955,703438409,POINT (0.4045528748143518 0.2121287382073133),,,,,,,,,,,,,
0,37,8,"{'x': 811.1065450963658, 'y': 210.17540216448594, 'elapsedTime': 3879.399999976158}",764726591621,703455075,POINT (0.4224513255710239 0.1946068538560055),,,,,,,,1,,,1,,
0,37,8,"{'x': 811.1065450963658, 'y': 210.17540216448594, 'elapsedTime': 3879.399999976158}",764726608292,703471745,POINT (0.4224513255710239 0.1946068538560055),,,,,,,,1,,,1,,
0,37,8,"{'x': 811.1065450963658, 'y': 210.17540216448594, 'elapsedTime': 3879.399999976158}",764726624959,703488412,POINT (0.4224513255710239 0.1946068538560055),,,,,,,,1,,,1,,
0,37,8,"{'x': 800.5919253619865, 'y': 206.75564637904466, 'elapsedTime': 3918.899999976158}",764726641626,703505078,POINT (0.4169749611260346 0.1914404133139302),,,,,,,,1,,,1,,
0,37,8,"{'x': 800.5919253619865, 'y': 206.75564637904466, 'elapsedTime': 3918.899999976158}",764726658293,703521745,POINT (0.4169749611260346 0.1914404133139302),,,,,,,,1,,,1,,
0,37,8,"{'x': 858.2156913844503, 'y': 189.4971819941553, 'elapsedTime': 3961.5}",764726674961,703538412,POINT (0.4469873392627345 0.175460353698292),,,,,,,,,,,1,,
0,37,8,"{'x': 858.2156913844503, 'y': 189.4971819941553, 'elapsedTime': 3961.5}",764726691628,703555079,POINT (0.4469873392627345 0.175460353698292),,,,,,,,,,,1,,
0,37,8,"{'x': 858.2156913844503, 'y': 189.4971819941553, 'elapsedTime': 3961.5}",764726708295,703571745,POINT (0.4469873392627345 0.175460353698292),,,,,,,,,,,1,,
0,37,8,"{'x': 869.3712781630117, 'y': 213.73588216697868, 'elapsedTime': 4001.7000000476837}",764726724962,703588412,POINT (0.4527975407099019 0.1979035945990544),,,,,,,,,,,1,,
0,37,8,"{'x': 869.3712781630117, 'y': 213.73588216697868, 'elapsedTime': 4001.7000000476837}",764726741633,703605083,POINT (0.4527975407099019 0.1979035945990544),,,,,,,,,,,1,,
0,37,8,"{'x': 869.3712781630117, 'y': 213.73588216697868, 'elapsedTime': 4001.7000000476837}",764726758301,703621750,POINT (0.4527975407099019 0.1979035945990544),,,,,,,,,,,1,,
0,37,8,"{'x': 903.4248252440904, 'y': 201.09694257481385, 'elapsedTime': 4042.600000023842}",764726774968,703638417,POINT (0.4705337631479638 0.1862008727544573),,,,,,,,,,,1,,
0,37,8,"{'x': 903.4248252440904, 'y': 201.09694257481385, 'elapsedTime': 4042.600000023842}",764726791635,703655083,POINT (0.4705337631479638 0.1862008727544573),,,,,,,,,,,1,,
0,37,8,"{'x': 933.3384287466216, 'y': 202.24011941191782, 'elapsedTime': 4089.2000000476837}",764726808302,703671750,POINT (0.4861137649721988 0.1872593698258498),,,,,,,,,,,1,,
0,37,8,"{'x': 933.3384287466216, 'y': 202.24011941191782, 'elapsedTime': 4089.2000000476837}",764726824969,703688416,POINT (0.4861137649721988 0.1872593698258498),,,,,,,,,,,1,,
0,37,8,"{'x': 933.3384287466216, 'y': 202.24011941191782, 'elapsedTime': 4089.2000000476837}",764726841636,703705083,POINT (0.4861137649721988 0.1872593698258498),,,,,,,,,,,1,,
0,37,8,"{'x': 933.3384287466216, 'y': 202.24011941191782, 'elapsedTime': 4089.2000000476837}",764726858304,703721750,POINT (0.4861137649721988 0.1872593698258498),,,,,,,,,,,1,,
0,37,8,"{'x': 895.1405723770049, 'y': 180.3043783344098, 'elapsedTime': 4136.200000047684}",764726874975,703738421,POINT (0.4662190481130234 0.1669484984577868),,,,,,,,,,,1,,
0,37,8,"{'x': 895.1405723770049, 'y': 180.3043783344098, 'elapsedTime': 4136.200000047684}",764726891644,703755089,POINT (0.4662190481130234 0.1669484984577868),,,,,,,,,,,1,,
0,37,8,"{'x': 895.1405723770049, 'y': 180.3043783344098, 'elapsedTime': 4136.200000047684}",764726908310,703771755,POINT (0.4662190481130234 0.1669484984577868),,,,,,,,,,,1,,
0,37,8,"{'x': 887.1389996604211, 'y': 173.8227194124306, 'elapsedTime': 4188}",764726924977,703788421,POINT (0.462051562323136 0.1609469624189172),,,,,,,,,,,1,,
0,37,8,"{'x': 887.1389996604211, 'y': 173.8227194124306, 'elapsedTime': 4188}",764726941645,703805089,POINT (0.462051562323136 0.1609469624189172),,,,,,,,,,,1,,
0,37,8,"{'x': 846.7193522198792, 'y': 193.43292248805875, 'elapsedTime': 4232.600000023842}",764726958312,703821755,POINT (0.4409996626145204 0.1791045578593136),,,,,,,,,,,1,,
0,37,8,"{'x': 846.7193522198792, 'y': 193.43292248805875, 'elapsedTime': 4232.600000023842}",764726974979,703838422,POINT (0.4409996626145204 0.1791045578593136),,,,,,,,,,,1,,
0,37,8,"{'x': 846.7193522198792, 'y': 193.43292248805875, 'elapsedTime': 4232.600000023842}",764726991646,703855088,POINT (0.4409996626145204 0.1791045578593136),,,,,,,,,,,1,,
0,37,8,"{'x': 874.1397061901235, 'y': 206.5040898997324, 'elapsedTime': 4272.800000071526}",764727008316,703871758,POINT (0.4552810969740227 0.1912074906479004),,,,,,,,,1,,1,,
0,37,8,"{'x': 874.1397061901235, 'y': 206.5040898997324, 'elapsedTime': 4272.800000071526}",764727024984,703888425,POINT (0.4552810969740227 0.1912074906479004),,,,,,,,,1,,1,,
0,37,8,"{'x': 818.2536561482988, 'y': 208.92403238944132, 'elapsedTime': 4314.200000047684}",764727041650,703905091,POINT (0.4261737792439056 0.1934481781383716),,,,,,,,1,,,1,,
0,37,8,"{'x': 818.2536561482988, 'y': 208.92403238944132, 'elapsedTime': 4314.200000047684}",764727058318,703921758,POINT (0.4261737792439056 0.1934481781383716),,,,,,,,1,,,1,,
0,37,8,"{'x': 818.2536561482988, 'y': 208.92403238944132, 'elapsedTime': 4314.200000047684}",764727074984,703938424,POINT (0.4261737792439056 0.1934481781383716),,,,,,,,1,,,1,,
0,37,8,"{'x': 791.9147137547559, 'y': 156.01279366702755, 'elapsedTime': 4369.700000047684}",764727091652,703955091,POINT (0.412455580080602 0.1444562904324329),,,,,,,,,,,1,,
0,37,8,"{'x': 791.9147137547559, 'y': 156.01279366702755, 'elapsedTime': 4369.700000047684}",764727108319,703971758,POINT (0.412455580080602 0.1444562904324329),,,,,,,,,,,1,,
0,37,8,"{'x': 791.9147137547559, 'y': 156.01279366702755, 'elapsedTime': 4369.700000047684}",764727124994,703988432,POINT (0.412455580080602 0.1444562904324329),,,,,,,,,,,1,,
0,37,8,"{'x': 838.873472430008, 'y': 142.43543234503503, 'elapsedTime': 4414.700000047684}",764727141660,704005098,POINT (0.4369132668906292 0.1318846595787361),,,,,,,,,,,,,
0,37,8,"{'x': 838.873472430008, 'y': 142.43543234503503, 'elapsedTime': 4414.700000047684}",764727158328,704021765,POINT (0.4369132668906292 0.1318846595787361),,,,,,,,,,,,,
0,37,8,"{'x': 838.873472430008, 'y': 142.43543234503503, 'elapsedTime': 4414.700000047684}",764727174994,704038431,POINT (0.4369132668906292 0.1318846595787361),,,,,,,,,,,,,
0,37,8,"{'x': 843.8574532516978, 'y': 128.15962583274646, 'elapsedTime': 4462}",764727191661,704055098,POINT (0.4395090902352593 0.118666320215506),,,,,,,,,,,,,
0,37,8,"{'x': 843.8574532516978, 'y': 128.15962583274646, 'elapsedTime': 4462}",764727208329,704071765,POINT (0.4395090902352593 0.118666320215506),,,,,,,,,,,,,
0,37,8,"{'x': 843.8574532516978, 'y': 128.15962583274646, 'elapsedTime': 4462}",764727224995,704088431,POINT (0.4395090902352593 0.118666320215506),,,,,,,,,,,,,
0,37,8,"{'x': 784.7836344135364, 'y': 103.21140833299835, 'elapsedTime': 4510.300000071526}",764727241663,704105098,POINT (0.4087414762570502 0.0955661188268503),,,,,,,,,,,,,
0,37,8,"{'x': 784.7836344135364, 'y': 103.21140833299835, 'elapsedTime': 4510.300000071526}",764727258333,704121768,POINT (0.4087414762570502 0.0955661188268503),,,,,,,,,,,,,
0,37,8,"{'x': 784.7836344135364, 'y': 103.21140833299835, 'elapsedTime': 4510.300000071526}",764727275001,704138435,POINT (0.4087414762570502 0.0955661188268503),,,,,,,,,,,,,
0,37,8,"{'x': 763.3350224392265, 'y': 108.04739732305897, 'elapsedTime': 4559.399999976158}",764727291667,704155101,POINT (0.3975703241870971 0.1000438864102398),,,,,,,,,,,,,
0,37,8,"{'x': 763.3350224392265, 'y': 108.04739732305897, 'elapsedTime': 4559.399999976158}",764727308334,704171767,POINT (0.3975703241870971 0.1000438864102398),,,,,,,,,,,,,
0,37,8,"{'x': 712.3608519857229, 'y': 138.4854043756612, 'elapsedTime': 4602.100000023842}",764727325001,704188434,POINT (0.3710212770758973 0.1282272262737604),,,,,,,,,,,,,
0,37,8,"{'x': 712.3608519857229, 'y': 138.4854043756612, 'elapsedTime': 4602.100000023842}",764727341669,704205101,POINT (0.3710212770758973 0.1282272262737604),,,,,,,,,,,,,
0,37,8,"{'x': 712.3608519857229, 'y': 138.4854043756612, 'elapsedTime': 4602.100000023842}",764727358336,704221768,POINT (0.3710212770758973 0.1282272262737604),,,,,,,,,,,,,
0,37,8,"{'x': 673.4393887326204, 'y': 118.18663757376852, 'elapsedTime': 4647.5}",764727375004,704238435,POINT (0.3507496816315731 0.1094320718275634),,,,,,,,,,,,,
0,37,8,"{'x': 673.4393887326204, 'y': 118.18663757376852, 'elapsedTime': 4647.5}",764727391676,704255107,POINT (0.3507496816315731 0.1094320718275634),,,,,,,,,,,,,
0,37,8,"{'x': 661.4392506156868, 'y': 107.75469669602626, 'elapsedTime': 4688.300000071526}",764727408344,704271774,POINT (0.3444996096956702 0.0997728673111354),,,,,,,,,,,,,
0,37,8,"{'x': 661.4392506156868, 'y': 107.75469669602626, 'elapsedTime': 4688.300000071526}",764727425010,704288440,POINT (0.3444996096956702 0.0997728673111354),,,,,,,,,,,,,
0,37,8,"{'x': 661.4392506156868, 'y': 107.75469669602626, 'elapsedTime': 4688.300000071526}",764727441678,704305107,POINT (0.3444996096956702 0.0997728673111354),,,,,,,,,,,,,
0,37,8,"{'x': 670.8907947274404, 'y': 52.61925865025613, 'elapsedTime': 4734}",764727458345,704321774,POINT (0.3494222889205419 0.0487215357872742),,,,,,,,,,,,,
0,37,8,"{'x': 670.8907947274404, 'y': 52.61925865025613, 'elapsedTime': 4734}",764727475013,704338441,POINT (0.3494222889205419 0.0487215357872742),,,,,,,,,,,,,
0,37,8,"{'x': 683.8036993830967, 'y': 81.0123308058599, 'elapsedTime': 4777.5}",764727491679,704355107,POINT (0.3561477600953629 0.0750114174128332),,,,,,,,,,,,,
0,37,8,"{'x': 683.8036993830967, 'y': 81.0123308058599, 'elapsedTime': 4777.5}",764727508347,704371774,POINT (0.3561477600953629 0.0750114174128332),,,,,,,,,,,,,
0,37,8,"{'x': 683.8036993830967, 'y': 81.0123308058599, 'elapsedTime': 4777.5}",764727525017,704388444,POINT (0.3561477600953629 0.0750114174128332),,,,,,,,,,,,,
0,37,8,"{'x': 672.2383954615392, 'y': 81.0012274474073, 'elapsedTime': 4816.399999976158}",764727541684,704405110,POINT (0.350124164302885 0.0750011365253771),,,,,,,,,,,,,
0,37,8,"{'x': 672.2383954615392, 'y': 81.0012274474073, 'elapsedTime': 4816.399999976158}",764727558351,704421777,POINT (0.350124164302885 0.0750011365253771),,,,,,,,,,,,,
0,37,8,"{'x': 672.2383954615392, 'y': 81.0012274474073, 'elapsedTime': 4816.399999976158}",764727575018,704438443,POINT (0.350124164302885 0.0750011365253771),,,,,,,,,,,,,
0,37,8,"{'x': 689.6650683778532, 'y': 157.9480449476887, 'elapsedTime': 4862.100000023842}",764727591685,704455110,POINT (0.3592005564467986 0.1462481897663784),,,,,,,,,,,1,,
0,37,8,"{'x': 689.6650683778532, 'y': 157.9480449476887, 'elapsedTime': 4862.100000023842}",764727608353,704471777,POINT (0.3592005564467986 0.1462481897663784),,,,,,,,,,,1,,
0,37,8,"{'x': 752.9682432621598, 'y': 244.44674861812075, 'elapsedTime': 4907.399999976158}",764727625019,704488443,POINT (0.3921709600323749 0.2263395820538155),,,,,,,,,,,,1,
0,37,8,"{'x': 752.9682432621598, 'y': 244.44674861812075, 'elapsedTime': 4907.399999976158}",764727641687,704505110,POINT (0.3921709600323749 0.2263395820538155),,,,,,,,,,,,1,
0,37,8,"{'x': 752.9682432621598, 'y': 244.44674861812075, 'elapsedTime': 4907.399999976158}",764727658359,704521782,POINT (0.3921709600323749 0.2263395820538155),,,,,,,,,,,,1,
0,37,8,"{'x': 760.5840101964933, 'y': 282.9596967887084, 'elapsedTime': 4949.5}",764727675026,704538449,POINT (0.3961375053106736 0.2619997192488041),,,,,,,,,,,1,1,
0,37,8,"{'x': 760.5840101964933, 'y': 282.9596967887084, 'elapsedTime': 4949.5}",764727691694,704555116,POINT (0.3961375053106736 0.2619997192488041),,,,,,,,,,,1,1,
0,37,8,"{'x': 739.0588047343687, 'y': 327.2236227614797, 'elapsedTime': 4991.200000047684}",764727708360,704571782,POINT (0.3849264607991503 0.302984835890259),,,,,,,,,,,,1,
0,37,8,"{'x': 739.0588047343687, 'y': 327.2236227614797, 'elapsedTime': 4991.200000047684}",764727725029,704588450,POINT (0.3849264607991503 0.302984835890259),,,,,,,,,,,,1,
0,37,8,"{'x': 739.0588047343687, 'y': 327.2236227614797, 'elapsedTime': 4991.200000047684}",764727741695,704605116,POINT (0.3849264607991503 0.302984835890259),,,,,,,,,,,,1,
0,37,8,"{'x': 709.9851586171178, 'y': 291.50230433170543, 'elapsedTime': 5035.600000023842}",764727758363,704621783,POINT (0.3697839367797489 0.2699095410478754),,,,,,,,,,,1,1,
0,37,8,"{'x': 709.9851586171178, 'y': 291.50230433170543, 'elapsedTime': 5035.600000023842}",764727775029,704638449,POINT (0.3697839367797489 0.2699095410478754),,,,,,,,,,,1,1,
0,37,8,"{'x': 709.9851586171178, 'y': 291.50230433170543, 'elapsedTime': 5035.600000023842}",764727791700,704655119,POINT (0.3697839367797489 0.2699095410478754),,,,,,,,,,,1,1,
0,37,8,"{'x': 753.4632212490894, 'y': 279.7945749588908, 'elapsedTime': 5078.700000047684}",764727808367,704671786,POINT (0.3924287610672341 0.2590690508878619),,,,,,,,,,,1,1,
0,37,8,"{'x': 753.4632212490894, 'y': 279.7945749588908, 'elapsedTime': 5078.700000047684}",764727825034,704688452,POINT (0.3924287610672341 0.2590690508878619),,,,,,,,,,,1,1,
0,37,8,"{'x': 762.2866048278692, 'y': 317.27238952029245, 'elapsedTime': 5125.800000071526}",764727841701,704705119,POINT (0.3970242733478485 0.2937707310373078),,,,,,,,,,,1,1,
0,37,8,"{'x': 762.2866048278692, 'y': 317.27238952029245, 'elapsedTime': 5125.800000071526}",764727858369,704721786,POINT (0.3970242733478485 0.2937707310373078),,,,,,,,,,,1,1,
0,37,8,"{'x': 762.2866048278692, 'y': 317.27238952029245, 'elapsedTime': 5125.800000071526}",764727875035,704738452,POINT (0.3970242733478485 0.2937707310373078),,,,,,,,,,,1,1,
0,37,8,"{'x': 762.2866048278692, 'y': 317.27238952029245, 'elapsedTime': 5125.800000071526}",764727891703,704755119,POINT (0.3970242733478485 0.2937707310373078),,,,,,,,,,,1,1,
