,pid,stimulus_number,coordinates,current_time,current_time1,geometry,-----------.1,In.1,depth-first.1,search.1,DFS.1,how.1,many.1,times.1,is.1,a.1,given.1,visited.1,question,code,choices
0,44,9,"{'x': 500.08038243324853, 'y': 499.9774929186904, 'elapsedTime': 15.699999988079071}",161764798337,2603153772,POINT (0.2604585325173169 0.4629421230728615),,,,,,,,,,,,,,,
0,44,9,"{'x': 500.08038243324853, 'y': 499.9774929186904, 'elapsedTime': 15.699999988079071}",161764815010,2603170445,POINT (0.2604585325173169 0.4629421230728615),,,,,,,,,,,,,,,
0,44,9,"{'x': 500.08038243324853, 'y': 499.9774929186904, 'elapsedTime': 15.699999988079071}",161764831677,2603187111,POINT (0.2604585325173169 0.4629421230728615),,,,,,,,,,,,,,,
0,44,9,"{'x': 502.8460220989436, 'y': 497.70222706723297, 'elapsedTime': 702}",161764848344,2603203778,POINT (0.2618989698431998 0.4608353954326231),,,,,,,,,,,,,,,
0,44,9,"{'x': 502.8460220989436, 'y': 497.70222706723297, 'elapsedTime': 702}",161764865012,2603220445,POINT (0.2618989698431998 0.4608353954326231),,,,,,,,,,,,,,,
0,44,9,"{'x': 502.8460220989436, 'y': 497.70222706723297, 'elapsedTime': 702}",161764881678,2603237111,POINT (0.2618989698431998 0.4608353954326231),,,,,,,,,,,,,,,
0,44,9,"{'x': 511.2757621572803, 'y': 489.1967283748623, 'elapsedTime': 742.8000000119209}",161764898345,2603253778,POINT (0.2662894594569168 0.452959933680428),,,,,,,,,,,,,,,
0,44,9,"{'x': 511.2757621572803, 'y': 489.1967283748623, 'elapsedTime': 742.8000000119209}",161764915013,2603270445,POINT (0.2662894594569168 0.452959933680428),,,,,,,,,,,,,,,
0,44,9,"{'x': 511.2757621572803, 'y': 489.1967283748623, 'elapsedTime': 742.8000000119209}",161764931682,2603287114,POINT (0.2662894594569168 0.452959933680428),,,,,,,,,,,,,,,
0,44,9,"{'x': 539.3846431383228, 'y': 467.67725544755814, 'elapsedTime': 788.6999999880791}",161764948350,2603303781,POINT (0.2809295016345431 0.433034495784776),,,,,,,,,,,,,,,
0,44,9,"{'x': 539.3846431383228, 'y': 467.67725544755814, 'elapsedTime': 788.6999999880791}",161764965017,2603320448,POINT (0.2809295016345431 0.433034495784776),,,,,,,,,,,,,,,
0,44,9,"{'x': 539.3846431383228, 'y': 467.67725544755814, 'elapsedTime': 788.6999999880791}",161764981684,2603337114,POINT (0.2809295016345431 0.433034495784776),,,,,,,,,,,,,,,
0,44,9,"{'x': 539.3846431383228, 'y': 467.67725544755814, 'elapsedTime': 788.6999999880791}",161764998351,2603353781,POINT (0.2809295016345431 0.433034495784776),,,,,,,,,,,,,,,
0,44,9,"{'x': 587.3831359576242, 'y': 425.5242027542208, 'elapsedTime': 839.6999999880791}",161765015019,2603370448,POINT (0.3059287166445959 0.3940038914390934),,,,,,,,,,,,,,,
0,44,9,"{'x': 587.3831359576242, 'y': 425.5242027542208, 'elapsedTime': 839.6999999880791}",161765031685,2603387114,POINT (0.3059287166445959 0.3940038914390934),,,,,,,,,,,,,,,
0,44,9,"{'x': 587.3831359576242, 'y': 425.5242027542208, 'elapsedTime': 839.6999999880791}",161765048353,2603403781,POINT (0.3059287166445959 0.3940038914390934),,,,,,,,,,,,,,,
0,44,9,"{'x': 666.0960144715674, 'y': 395.21301437846705, 'elapsedTime': 909.0999999940395}",161765065026,2603420454,POINT (0.3469250075372747 0.3659379762763584),,,,,,,,,,,,,,,
0,44,9,"{'x': 666.0960144715674, 'y': 395.21301437846705, 'elapsedTime': 909.0999999940395}",161765081693,2603437120,POINT (0.3469250075372747 0.3659379762763584),,,,,,,,,,,,,,,
0,44,9,"{'x': 666.0960144715674, 'y': 395.21301437846705, 'elapsedTime': 909.0999999940395}",161765098360,2603453787,POINT (0.3469250075372747 0.3659379762763584),,,,,,,,,,,,,,,
0,44,9,"{'x': 725.9465040126664, 'y': 310.180954585314, 'elapsedTime': 967.0999999940395}",161765115027,2603470453,POINT (0.3780971375065971 0.2872045875789944),,,,,,,,,,,,,1,1,
0,44,9,"{'x': 725.9465040126664, 'y': 310.180954585314, 'elapsedTime': 967.0999999940395}",161765131694,2603487120,POINT (0.3780971375065971 0.2872045875789944),,,,,,,,,,,,,1,1,
0,44,9,"{'x': 725.9465040126664, 'y': 310.180954585314, 'elapsedTime': 967.0999999940395}",161765148362,2603503787,POINT (0.3780971375065971 0.2872045875789944),,,,,,,,,,,,,1,1,
0,44,9,"{'x': 825.7825926010205, 'y': 257.04695781750115, 'elapsedTime': 1017.5999999940395}",161765165028,2603520453,POINT (0.4300951003130315 0.2380064424236122),,,,,,,,,,,,,,1,
0,44,9,"{'x': 825.7825926010205, 'y': 257.04695781750115, 'elapsedTime': 1017.5999999940395}",161765181696,2603537120,POINT (0.4300951003130315 0.2380064424236122),,,,,,,,,,,,,,1,
0,44,9,"{'x': 825.7825926010205, 'y': 257.04695781750115, 'elapsedTime': 1017.5999999940395}",161765198369,2603553793,POINT (0.4300951003130315 0.2380064424236122),,,,,,,,,,,,,,1,
0,44,9,"{'x': 859.3153193705053, 'y': 212.93626559228952, 'elapsedTime': 1061.300000011921}",161765215036,2603570459,POINT (0.4475600621721382 0.1971632088817495),,,,,,,,,,,,,1,,
0,44,9,"{'x': 859.3153193705053, 'y': 212.93626559228952, 'elapsedTime': 1061.300000011921}",161765231703,2603587126,POINT (0.4475600621721382 0.1971632088817495),,,,,,,,,,,,,1,,
0,44,9,"{'x': 859.3153193705053, 'y': 212.93626559228952, 'elapsedTime': 1061.300000011921}",161765248371,2603603793,POINT (0.4475600621721382 0.1971632088817495),,,,,,,,,,,,,1,,
0,44,9,"{'x': 859.3153193705053, 'y': 212.93626559228952, 'elapsedTime': 1061.300000011921}",161765265037,2603620459,POINT (0.4475600621721382 0.1971632088817495),,,,,,,,,,,,,1,,
0,44,9,"{'x': 907.7604794042513, 'y': 188.26095037945444, 'elapsedTime': 1112.5}",161765281704,2603637126,POINT (0.4727919163563809 0.1743156947957912),,,,,,,,,,,,1,1,,
0,44,9,"{'x': 907.7604794042513, 'y': 188.26095037945444, 'elapsedTime': 1112.5}",161765298372,2603653793,POINT (0.4727919163563809 0.1743156947957912),,,,,,,,,,,,1,1,,
0,44,9,"{'x': 907.7604794042513, 'y': 188.26095037945444, 'elapsedTime': 1112.5}",161765315038,2603670459,POINT (0.4727919163563809 0.1743156947957912),,,,,,,,,,,,1,1,,
0,44,9,"{'x': 910.2049345603152, 'y': 172.9786757647635, 'elapsedTime': 1179.9000000059605}",161765331711,2603687131,POINT (0.4740650700834975 0.1601654405229292),,,,,,,,,,,,,1,,
0,44,9,"{'x': 910.2049345603152, 'y': 172.9786757647635, 'elapsedTime': 1179.9000000059605}",161765348378,2603703798,POINT (0.4740650700834975 0.1601654405229292),,,,,,,,,,,,,1,,
0,44,9,"{'x': 910.2049345603152, 'y': 172.9786757647635, 'elapsedTime': 1179.9000000059605}",161765365045,2603720464,POINT (0.4740650700834975 0.1601654405229292),,,,,,,,,,,,,1,,
0,44,9,"{'x': 872.9849189022638, 'y': 166.34010563201178, 'elapsedTime': 1222.0999999940395}",161765381712,2603737131,POINT (0.4546796452615957 0.1540186163259368),,,,,,,,,,,,,1,,
0,44,9,"{'x': 872.9849189022638, 'y': 166.34010563201178, 'elapsedTime': 1222.0999999940395}",161765398380,2603753798,POINT (0.4546796452615957 0.1540186163259368),,,,,,,,,,,,,1,,
0,44,9,"{'x': 840.5031050238167, 'y': 167.44534769079397, 'elapsedTime': 1268.9000000059605}",161765415046,2603770464,POINT (0.4377620338665712 0.155041988602587),,,,,,,,,,,,,1,,
0,44,9,"{'x': 840.5031050238167, 'y': 167.44534769079397, 'elapsedTime': 1268.9000000059605}",161765431714,2603787131,POINT (0.4377620338665712 0.155041988602587),,,,,,,,,,,,,1,,
0,44,9,"{'x': 840.5031050238167, 'y': 167.44534769079397, 'elapsedTime': 1268.9000000059605}",161765448381,2603803798,POINT (0.4377620338665712 0.155041988602587),,,,,,,,,,,,,1,,
0,44,9,"{'x': 856.7793547842999, 'y': 171.8885472538255, 'elapsedTime': 1320.5}",161765465050,2603820466,POINT (0.4462392472834896 0.1591560622720606),,,,,,,,,,,,,1,,
0,44,9,"{'x': 856.7793547842999, 'y': 171.8885472538255, 'elapsedTime': 1320.5}",161765481717,2603837133,POINT (0.4462392472834896 0.1591560622720606),,,,,,,,,,,,,1,,
0,44,9,"{'x': 856.7793547842999, 'y': 171.8885472538255, 'elapsedTime': 1320.5}",161765498385,2603853800,POINT (0.4462392472834896 0.1591560622720606),,,,,,,,,,,,,1,,
0,44,9,"{'x': 856.7793547842999, 'y': 171.8885472538255, 'elapsedTime': 1320.5}",161765515051,2603870466,POINT (0.4462392472834896 0.1591560622720606),,,,,,,,,,,,,1,,
0,44,9,"{'x': 903.9363074797312, 'y': 132.6431611654703, 'elapsedTime': 1361.4000000059605}",161765531719,2603887133,POINT (0.4708001601456934 0.1228177418198799),,,,,,,,,,,,,,,
0,44,9,"{'x': 903.9363074797312, 'y': 132.6431611654703, 'elapsedTime': 1361.4000000059605}",161765548386,2603903800,POINT (0.4708001601456934 0.1228177418198799),,,,,,,,,,,,,,,
0,44,9,"{'x': 903.9363074797312, 'y': 132.6431611654703, 'elapsedTime': 1361.4000000059605}",161765565053,2603920466,POINT (0.4708001601456934 0.1228177418198799),,,,,,,,,,,,,,,
0,44,9,"{'x': 947.604288250145, 'y': 113.86662363559209, 'elapsedTime': 1425.800000011921}",161765581720,2603937133,POINT (0.4935439001302839 0.1054320589218445),,,,,,,,,,,,,,,
0,44,9,"{'x': 947.604288250145, 'y': 113.86662363559209, 'elapsedTime': 1425.800000011921}",161765598393,2603953805,POINT (0.4935439001302839 0.1054320589218445),,,,,,,,,,,,,,,
0,44,9,"{'x': 947.604288250145, 'y': 113.86662363559209, 'elapsedTime': 1425.800000011921}",161765615060,2603970472,POINT (0.4935439001302839 0.1054320589218445),,,,,,,,,,,,,,,
0,44,9,"{'x': 932.1617847378621, 'y': 114.91321030991395, 'elapsedTime': 1468.800000011921}",161765631727,2603987139,POINT (0.4855009295509698 0.1064011206573277),,,,,,,,,,,,,,,
0,44,9,"{'x': 932.1617847378621, 'y': 114.91321030991395, 'elapsedTime': 1468.800000011921}",161765648394,2604003805,POINT (0.4855009295509698 0.1064011206573277),,,,,,,,,,,,,,,
0,44,9,"{'x': 932.1617847378621, 'y': 114.91321030991395, 'elapsedTime': 1468.800000011921}",161765665061,2604020472,POINT (0.4855009295509698 0.1064011206573277),,,,,,,,,,,,,,,
0,44,9,"{'x': 906.1672388116646, 'y': 153.45960585905044, 'elapsedTime': 1535.800000011921}",161765681729,2604037139,POINT (0.471962103547742 0.1420922276472689),,,,,,,,,,,,,1,,
0,44,9,"{'x': 906.1672388116646, 'y': 153.45960585905044, 'elapsedTime': 1535.800000011921}",161765698395,2604053805,POINT (0.471962103547742 0.1420922276472689),,,,,,,,,,,,,1,,
0,44,9,"{'x': 906.1672388116646, 'y': 153.45960585905044, 'elapsedTime': 1535.800000011921}",161765715063,2604070472,POINT (0.471962103547742 0.1420922276472689),,,,,,,,,,,,,1,,
0,44,9,"{'x': 856.3237358250142, 'y': 131.18739514289808, 'elapsedTime': 1581.4000000059605}",161765731734,2604087143,POINT (0.4460019457421949 0.1214698103174982),,,,,,,,,,,,,,,
0,44,9,"{'x': 856.3237358250142, 'y': 131.18739514289808, 'elapsedTime': 1581.4000000059605}",161765748401,2604103809,POINT (0.4460019457421949 0.1214698103174982),,,,,,,,,,,,,,,
0,44,9,"{'x': 856.3237358250142, 'y': 131.18739514289808, 'elapsedTime': 1581.4000000059605}",161765765068,2604120476,POINT (0.4460019457421949 0.1214698103174982),,,,,,,,,,,,,,,
0,44,9,"{'x': 856.3237358250142, 'y': 131.18739514289808, 'elapsedTime': 1581.4000000059605}",161765781736,2604137143,POINT (0.4460019457421949 0.1214698103174982),,,,,,,,,,,,,,,
0,44,9,"{'x': 844.8173995749337, 'y': 126.05744033185229, 'elapsedTime': 1625.9000000059605}",161765798402,2604153809,POINT (0.4400090622786113 0.1167198521591225),,,,,,,,,,,,,,,
0,44,9,"{'x': 844.8173995749337, 'y': 126.05744033185229, 'elapsedTime': 1625.9000000059605}",161765815070,2604170476,POINT (0.4400090622786113 0.1167198521591225),,,,,,,,,,,,,,,
0,44,9,"{'x': 817.1421906517191, 'y': 110.89815811383671, 'elapsedTime': 1687.4000000059605}",161765831737,2604187143,POINT (0.425594890964437 0.102683479735034),,,,,,,,,,,,,,,
0,44,9,"{'x': 817.1421906517191, 'y': 110.89815811383671, 'elapsedTime': 1687.4000000059605}",161765848409,2604203814,POINT (0.425594890964437 0.102683479735034),,,,,,,,,,,,,,,
0,44,9,"{'x': 817.1421906517191, 'y': 110.89815811383671, 'elapsedTime': 1687.4000000059605}",161765865076,2604220481,POINT (0.425594890964437 0.102683479735034),,,,,,,,,,,,,,,
0,44,9,"{'x': 817.1421906517191, 'y': 110.89815811383671, 'elapsedTime': 1687.4000000059605}",161765881744,2604237148,POINT (0.425594890964437 0.102683479735034),,,,,,,,,,,,,,,
0,44,9,"{'x': 805.523056763026, 'y': 126.78822695910583, 'elapsedTime': 1734.699999988079}",161765898410,2604253814,POINT (0.4195432587307427 0.1173965064436165),,,,,,,,,,,,,,,
0,44,9,"{'x': 805.523056763026, 'y': 126.78822695910583, 'elapsedTime': 1734.699999988079}",161765915078,2604270481,POINT (0.4195432587307427 0.1173965064436165),,,,,,,,,,,,,,,
0,44,9,"{'x': 805.523056763026, 'y': 126.78822695910583, 'elapsedTime': 1734.699999988079}",161765931745,2604287148,POINT (0.4195432587307427 0.1173965064436165),,,,,,,,,,,,,,,
0,44,9,"{'x': 745.6736093447855, 'y': 109.94495459554231, 'elapsedTime': 1791}",161765948412,2604303814,POINT (0.3883716715337425 0.1018008838847614),,,,,,,,,,,,,,,
0,44,9,"{'x': 745.6736093447855, 'y': 109.94495459554231, 'elapsedTime': 1791}",161765965079,2604320481,POINT (0.3883716715337425 0.1018008838847614),,,,,,,,,,,,,,,
0,44,9,"{'x': 745.6736093447855, 'y': 109.94495459554231, 'elapsedTime': 1791}",161765981751,2604337152,POINT (0.3883716715337425 0.1018008838847614),,,,,,,,,,,,,,,
0,44,9,"{'x': 666.6797770542571, 'y': 128.78096285390444, 'elapsedTime': 1843}",161765998417,2604353818,POINT (0.3472290505490923 0.1192416322721338),,,,,,,,,,,,,,,
0,44,9,"{'x': 666.6797770542571, 'y': 128.78096285390444, 'elapsedTime': 1843}",161766015084,2604370485,POINT (0.3472290505490923 0.1192416322721338),,,,,,,,,,,,,,,
0,44,9,"{'x': 666.6797770542571, 'y': 128.78096285390444, 'elapsedTime': 1843}",161766031752,2604387152,POINT (0.3472290505490923 0.1192416322721338),,,,,,,,,,,,,,,
0,44,9,"{'x': 616.9561710308826, 'y': 135.16097400134535, 'elapsedTime': 1897.4000000059605}",161766048418,2604403818,POINT (0.3213313390785847 0.1251490500012457),,,,,,,,,,,,,,,
0,44,9,"{'x': 616.9561710308826, 'y': 135.16097400134535, 'elapsedTime': 1897.4000000059605}",161766065086,2604420485,POINT (0.3213313390785847 0.1251490500012457),,,,,,,,,,,,,,,
0,44,9,"{'x': 616.9561710308826, 'y': 135.16097400134535, 'elapsedTime': 1897.4000000059605}",161766081753,2604437152,POINT (0.3213313390785847 0.1251490500012457),,,,,,,,,,,,,,,
0,44,9,"{'x': 616.9561710308826, 'y': 135.16097400134535, 'elapsedTime': 1897.4000000059605}",161766098420,2604453818,POINT (0.3213313390785847 0.1251490500012457),,,,,,,,,,,,,,,
0,44,9,"{'x': 630.1828775183268, 'y': 135.39653384464373, 'elapsedTime': 1944.800000011921}",161766115092,2604470490,POINT (0.3282202487074619 0.1253671609672627),,,,,,,,,,,,,,,
0,44,9,"{'x': 630.1828775183268, 'y': 135.39653384464373, 'elapsedTime': 1944.800000011921}",161766131759,2604487156,POINT (0.3282202487074619 0.1253671609672627),,,,,,,,,,,,,,,
0,44,9,"{'x': 630.1828775183268, 'y': 135.39653384464373, 'elapsedTime': 1944.800000011921}",161766148426,2604503823,POINT (0.3282202487074619 0.1253671609672627),,,,,,,,,,,,,,,
0,44,9,"{'x': 630.1828775183268, 'y': 135.39653384464373, 'elapsedTime': 1944.800000011921}",161766165094,2604520490,POINT (0.3282202487074619 0.1253671609672627),,,,,,,,,,,,,,,
0,44,9,"{'x': 618.3040736273866, 'y': 134.64589664782082, 'elapsedTime': 2003.0999999940395}",161766181760,2604537156,POINT (0.3220333716809306 0.12467212652576),,,,,,,,,,,,,,,
0,44,9,"{'x': 618.3040736273866, 'y': 134.64589664782082, 'elapsedTime': 2003.0999999940395}",161766198428,2604553823,POINT (0.3220333716809306 0.12467212652576),,,,,,,,,,,,,,,
0,44,9,"{'x': 618.3040736273866, 'y': 134.64589664782082, 'elapsedTime': 2003.0999999940395}",161766215095,2604570490,POINT (0.3220333716809306 0.12467212652576),,,,,,,,,,,,,,,
0,44,9,"{'x': 656.019296897662, 'y': 152.34968541993806, 'elapsedTime': 2069.4000000059605}",161766231762,2604587156,POINT (0.341676717134199 0.1410645235369797),,,,,,,,,,,,,1,,
0,44,9,"{'x': 656.019296897662, 'y': 152.34968541993806, 'elapsedTime': 2069.4000000059605}",161766248435,2604603829,POINT (0.341676717134199 0.1410645235369797),,,,,,,,,,,,,1,,
0,44,9,"{'x': 670.120465271972, 'y': 209.5299342701478, 'elapsedTime': 2118.5999999940395}",161766265103,2604620496,POINT (0.3490210756624854 0.194009198398285),,,,,,,,1,,,,,,,
0,44,9,"{'x': 670.120465271972, 'y': 209.5299342701478, 'elapsedTime': 2118.5999999940395}",161766281769,2604637162,POINT (0.3490210756624854 0.194009198398285),,,,,,,,1,,,,,,,
0,44,9,"{'x': 682.7828140741934, 'y': 203.9161121651052, 'elapsedTime': 2163.800000011921}",161766298437,2604653829,POINT (0.3556160489969757 0.18881121496769),,,,,,,,1,,,,,,,
0,44,9,"{'x': 682.7828140741934, 'y': 203.9161121651052, 'elapsedTime': 2163.800000011921}",161766315104,2604670496,POINT (0.3556160489969757 0.18881121496769),,,,,,,,1,,,,,,,
0,44,9,"{'x': 682.7828140741934, 'y': 203.9161121651052, 'elapsedTime': 2163.800000011921}",161766331771,2604687162,POINT (0.3556160489969757 0.18881121496769),,,,,,,,1,,,,,,,
0,44,9,"{'x': 682.7828140741934, 'y': 203.9161121651052, 'elapsedTime': 2163.800000011921}",161766348438,2604703829,POINT (0.3556160489969757 0.18881121496769),,,,,,,,1,,,,,,,
0,44,9,"{'x': 671.5553131246055, 'y': 225.06235261170144, 'elapsedTime': 2207.699999988079}",161766365105,2604720496,POINT (0.3497683922523987 0.2083910672330569),,,,,,,,,,,,,,,
0,44,9,"{'x': 671.5553131246055, 'y': 225.06235261170144, 'elapsedTime': 2207.699999988079}",161766381777,2604737167,POINT (0.3497683922523987 0.2083910672330569),,,,,,,,,,,,,,,
0,44,9,"{'x': 671.5553131246055, 'y': 225.06235261170144, 'elapsedTime': 2207.699999988079}",161766398444,2604753834,POINT (0.3497683922523987 0.2083910672330569),,,,,,,,,,,,,,,
0,44,9,"{'x': 658.2636763062758, 'y': 228.38785621904648, 'elapsedTime': 2263.0999999940395}",161766415112,2604770501,POINT (0.342845664742852 0.2114702372398579),,,,,,,,,,,,,,,
0,44,9,"{'x': 658.2636763062758, 'y': 228.38785621904648, 'elapsedTime': 2263.0999999940395}",161766431778,2604787167,POINT (0.342845664742852 0.2114702372398579),,,,,,,,,,,,,,,
0,44,9,"{'x': 658.2636763062758, 'y': 228.38785621904648, 'elapsedTime': 2263.0999999940395}",161766448446,2604803834,POINT (0.342845664742852 0.2114702372398579),,,,,,,,,,,,,,,
0,44,9,"{'x': 640.4620982488498, 'y': 255.05619303605027, 'elapsedTime': 2309.300000011921}",161766465113,2604820501,POINT (0.3335740095046092 0.2361631417000465),,,,,,,,,,,,,,1,
0,44,9,"{'x': 640.4620982488498, 'y': 255.05619303605027, 'elapsedTime': 2309.300000011921}",161766481780,2604837167,POINT (0.3335740095046092 0.2361631417000465),,,,,,,,,,,,,,1,
0,44,9,"{'x': 640.4620982488498, 'y': 255.05619303605027, 'elapsedTime': 2309.300000011921}",161766498447,2604853834,POINT (0.3335740095046092 0.2361631417000465),,,,,,,,,,,,,,1,
0,44,9,"{'x': 640.4620982488498, 'y': 255.05619303605027, 'elapsedTime': 2309.300000011921}",161766515117,2604870503,POINT (0.3335740095046092 0.2361631417000465),,,,,,,,,,,,,,1,
0,44,9,"{'x': 640.4620982488498, 'y': 255.05619303605027, 'elapsedTime': 2309.300000011921}",161766531783,2604887169,POINT (0.3335740095046092 0.2361631417000465),,,,,,,,,,,,,,1,
0,44,9,"{'x': 675.7591583908852, 'y': 260.0539160462079, 'elapsedTime': 2365.199999988079}",161766548451,2604903836,POINT (0.3519578949952527 0.2407906630057481),,,,,,,,,,,,,,1,
0,44,9,"{'x': 675.7591583908852, 'y': 260.0539160462079, 'elapsedTime': 2365.199999988079}",161766565118,2604920503,POINT (0.3519578949952527 0.2407906630057481),,,,,,,,,,,,,,1,
0,44,9,"{'x': 683.8935486644632, 'y': 256.26306136558645, 'elapsedTime': 2427.5}",161766581785,2604937169,POINT (0.3561945565960746 0.237280612375543),,,,,,,,,,,,,,1,
0,44,9,"{'x': 683.8935486644632, 'y': 256.26306136558645, 'elapsedTime': 2427.5}",161766598452,2604953836,POINT (0.3561945565960746 0.237280612375543),,,,,,,,,,,,,,1,
0,44,9,"{'x': 683.8935486644632, 'y': 256.26306136558645, 'elapsedTime': 2427.5}",161766615120,2604970503,POINT (0.3561945565960746 0.237280612375543),,,,,,,,,,,,,,1,
0,44,9,"{'x': 728.1373445088268, 'y': 217.62314277008915, 'elapsedTime': 2473.699999988079}",161766631786,2604987169,POINT (0.379238200265014 0.2015029099723048),,,,,,,,,,,,,,,
0,44,9,"{'x': 728.1373445088268, 'y': 217.62314277008915, 'elapsedTime': 2473.699999988079}",161766648460,2605003842,POINT (0.379238200265014 0.2015029099723048),,,,,,,,,,,,,,,
0,44,9,"{'x': 728.1373445088268, 'y': 217.62314277008915, 'elapsedTime': 2473.699999988079}",161766665127,2605020509,POINT (0.379238200265014 0.2015029099723048),,,,,,,,,,,,,,,
0,44,9,"{'x': 694.3008740846652, 'y': 208.48125976987458, 'elapsedTime': 2521}",161766681794,2605037175,POINT (0.3616150385857632 0.1930382034906246),,,,,,,,1,,,,,,,
0,44,9,"{'x': 694.3008740846652, 'y': 208.48125976987458, 'elapsedTime': 2521}",161766698461,2605053842,POINT (0.3616150385857632 0.1930382034906246),,,,,,,,1,,,,,,,
0,44,9,"{'x': 693.8409949764309, 'y': 184.37665661156427, 'elapsedTime': 2566.300000011921}",161766715128,2605070508,POINT (0.3613755182168911 0.1707191264921892),,,,,,,,,,,,,1,,
0,44,9,"{'x': 693.8409949764309, 'y': 184.37665661156427, 'elapsedTime': 2566.300000011921}",161766731795,2605087175,POINT (0.3613755182168911 0.1707191264921892),,,,,,,,,,,,,1,,
0,44,9,"{'x': 693.8409949764309, 'y': 184.37665661156427, 'elapsedTime': 2566.300000011921}",161766748462,2605103842,POINT (0.3613755182168911 0.1707191264921892),,,,,,,,,,,,,1,,
0,44,9,"{'x': 697.0529557565743, 'y': 233.04404614790812, 'elapsedTime': 2613.699999988079}",161766765129,2605120508,POINT (0.3630484144565491 0.215781524211026),,,,,,,,,,,,,,1,
0,44,9,"{'x': 697.0529557565743, 'y': 233.04404614790812, 'elapsedTime': 2613.699999988079}",161766781801,2605137180,POINT (0.3630484144565491 0.215781524211026),,,,,,,,,,,,,,1,
0,44,9,"{'x': 697.0529557565743, 'y': 233.04404614790812, 'elapsedTime': 2613.699999988079}",161766798469,2605153847,POINT (0.3630484144565491 0.215781524211026),,,,,,,,,,,,,,1,
0,44,9,"{'x': 713.8721413242723, 'y': 244.77983183109615, 'elapsedTime': 2665.5}",161766815135,2605170513,POINT (0.3718084069397252 0.2266479924362001),,,,,,,,,,,,,,1,
0,44,9,"{'x': 713.8721413242723, 'y': 244.77983183109615, 'elapsedTime': 2665.5}",161766831803,2605187180,POINT (0.3718084069397252 0.2266479924362001),,,,,,,,,,,,,,1,
0,44,9,"{'x': 713.8721413242723, 'y': 244.77983183109615, 'elapsedTime': 2665.5}",161766848470,2605203847,POINT (0.3718084069397252 0.2266479924362001),,,,,,,,,,,,,,1,
0,44,9,"{'x': 773.3557233824038, 'y': 229.7229623610823, 'elapsedTime': 2710.800000011921}",161766865137,2605220513,POINT (0.4027894392616686 0.2127064466306318),,,,,,,,,,,,,,,
0,44,9,"{'x': 773.3557233824038, 'y': 229.7229623610823, 'elapsedTime': 2710.800000011921}",161766881804,2605237180,POINT (0.4027894392616686 0.2127064466306318),,,,,,,,,,,,,,,
0,44,9,"{'x': 773.3557233824038, 'y': 229.7229623610823, 'elapsedTime': 2710.800000011921}",161766898476,2605253851,POINT (0.4027894392616686 0.2127064466306318),,,,,,,,,,,,,,,
0,44,9,"{'x': 770.9525632440008, 'y': 217.66729902675695, 'elapsedTime': 2757.300000011921}",161766915143,2605270518,POINT (0.4015377933562504 0.2015437953951453),,,,,,,,,,,,,,,
0,44,9,"{'x': 770.9525632440008, 'y': 217.66729902675695, 'elapsedTime': 2757.300000011921}",161766931810,2605287184,POINT (0.4015377933562504 0.2015437953951453),,,,,,,,,,,,,,,
0,44,9,"{'x': 770.9525632440008, 'y': 217.66729902675695, 'elapsedTime': 2757.300000011921}",161766948477,2605303851,POINT (0.4015377933562504 0.2015437953951453),,,,,,,,,,,,,,,
0,44,9,"{'x': 746.1335996631019, 'y': 182.33102079577947, 'elapsedTime': 2806.0999999940395}",161766965144,2605320517,POINT (0.3886112498245323 0.1688250192553513),,,,,,,,,,,,,1,,
0,44,9,"{'x': 746.1335996631019, 'y': 182.33102079577947, 'elapsedTime': 2806.0999999940395}",161766981811,2605337184,POINT (0.3886112498245323 0.1688250192553513),,,,,,,,,,,,,1,,
0,44,9,"{'x': 746.1335996631019, 'y': 182.33102079577947, 'elapsedTime': 2806.0999999940395}",161766998479,2605353851,POINT (0.3886112498245323 0.1688250192553513),,,,,,,,,,,,,1,,
0,44,9,"{'x': 748.0391930218705, 'y': 157.80243734248933, 'elapsedTime': 2856}",161767015145,2605370517,POINT (0.3896037463655576 0.1461133679097123),,,,,,,,,,,,,1,,
0,44,9,"{'x': 748.0391930218705, 'y': 157.80243734248933, 'elapsedTime': 2856}",161767031813,2605387184,POINT (0.3896037463655576 0.1461133679097123),,,,,,,,,,,,,1,,
0,44,9,"{'x': 748.0391930218705, 'y': 157.80243734248933, 'elapsedTime': 2856}",161767048480,2605403851,POINT (0.3896037463655576 0.1461133679097123),,,,,,,,,,,,,1,,
0,44,9,"{'x': 688.1852057801511, 'y': 132.06497763588192, 'elapsedTime': 2906.5}",161767065147,2605420517,POINT (0.3584297946771621 0.1222823866998907),,,,,,,,,,,,,,,
0,44,9,"{'x': 688.1852057801511, 'y': 132.06497763588192, 'elapsedTime': 2906.5}",161767081814,2605437184,POINT (0.3584297946771621 0.1222823866998907),,,,,,,,,,,,,,,
0,44,9,"{'x': 688.1852057801511, 'y': 132.06497763588192, 'elapsedTime': 2906.5}",161767098481,2605453851,POINT (0.3584297946771621 0.1222823866998907),,,,,,,,,,,,,,,
0,44,9,"{'x': 688.1852057801511, 'y': 132.06497763588192, 'elapsedTime': 2906.5}",161767115148,2605470517,POINT (0.3584297946771621 0.1222823866998907),,,,,,,,,,,,,,,
0,44,9,"{'x': 688.1852057801511, 'y': 132.06497763588192, 'elapsedTime': 2906.5}",161767131815,2605487184,POINT (0.3584297946771621 0.1222823866998907),,,,,,,,,,,,,,,
0,44,9,"{'x': 726.3651294245352, 'y': 128.65462175257238, 'elapsedTime': 2960.5}",161767148483,2605503851,POINT (0.3783151715752788 0.1191246497709004),,,,,,,,,,,,,,,
0,44,9,"{'x': 726.3651294245352, 'y': 128.65462175257238, 'elapsedTime': 2960.5}",161767165160,2605520528,POINT (0.3783151715752788 0.1191246497709004),,,,,,,,,,,,,,,
0,44,9,"{'x': 726.3651294245352, 'y': 128.65462175257238, 'elapsedTime': 2960.5}",161767181828,2605537195,POINT (0.3783151715752788 0.1191246497709004),,,,,,,,,,,,,,,
0,44,9,"{'x': 726.3651294245352, 'y': 128.65462175257238, 'elapsedTime': 2960.5}",161767198494,2605553861,POINT (0.3783151715752788 0.1191246497709004),,,,,,,,,,,,,,,
0,44,9,"{'x': 691.6655525180403, 'y': 134.5728821319203, 'elapsedTime': 3020.5}",161767215162,2605570528,POINT (0.3602424752698126 0.1246045204925188),,,,,,,,,,,,,,,
0,44,9,"{'x': 691.6655525180403, 'y': 134.5728821319203, 'elapsedTime': 3020.5}",161767231829,2605587195,POINT (0.3602424752698126 0.1246045204925188),,,,,,,,,,,,,,,
0,44,9,"{'x': 691.6655525180403, 'y': 134.5728821319203, 'elapsedTime': 3020.5}",161767248496,2605603861,POINT (0.3602424752698126 0.1246045204925188),,,,,,,,,,,,,,,
0,44,9,"{'x': 691.6655525180403, 'y': 134.5728821319203, 'elapsedTime': 3020.5}",161767265163,2605620528,POINT (0.3602424752698126 0.1246045204925188),,,,,,,,,,,,,,,
0,44,9,"{'x': 703.9341673235156, 'y': 134.68328944138275, 'elapsedTime': 3123.300000011921}",161767281831,2605637195,POINT (0.366632378814331 0.1247067494827618),,,,,,,,,,,,,,,
0,44,9,"{'x': 703.9341673235156, 'y': 134.68328944138275, 'elapsedTime': 3123.300000011921}",161767298500,2605653864,POINT (0.366632378814331 0.1247067494827618),,,,,,,,,,,,,,,
0,44,9,"{'x': 703.9341673235156, 'y': 134.68328944138275, 'elapsedTime': 3123.300000011921}",161767315168,2605670531,POINT (0.366632378814331 0.1247067494827618),,,,,,,,,,,,,,,
0,44,9,"{'x': 729.775537794789, 'y': 176.17720636772466, 'elapsedTime': 3176.800000011921}",161767331835,2605687198,POINT (0.380091425934786 0.1631270429330784),,,,,,,,,,,,,1,,
0,44,9,"{'x': 729.775537794789, 'y': 176.17720636772466, 'elapsedTime': 3176.800000011921}",161767348502,2605703864,POINT (0.380091425934786 0.1631270429330784),,,,,,,,,,,,,1,,
0,44,9,"{'x': 729.775537794789, 'y': 176.17720636772466, 'elapsedTime': 3176.800000011921}",161767365169,2605720531,POINT (0.380091425934786 0.1631270429330784),,,,,,,,,,,,,1,,
0,44,9,"{'x': 729.775537794789, 'y': 176.17720636772466, 'elapsedTime': 3176.800000011921}",161767381837,2605737198,POINT (0.380091425934786 0.1631270429330784),,,,,,,,,,,,,1,,
0,44,9,"{'x': 767.3956954379044, 'y': 176.29806514076682, 'elapsedTime': 3223.4000000059605}",161767398503,2605753864,POINT (0.3996852580405752 0.1632389492044137),,,,,,,,,,,,,1,,
0,44,9,"{'x': 767.3956954379044, 'y': 176.29806514076682, 'elapsedTime': 3223.4000000059605}",161767415171,2605770531,POINT (0.3996852580405752 0.1632389492044137),,,,,,,,,,,,,1,,
0,44,9,"{'x': 767.3956954379044, 'y': 176.29806514076682, 'elapsedTime': 3223.4000000059605}",161767431843,2605787203,POINT (0.3996852580405752 0.1632389492044137),,,,,,,,,,,,,1,,
0,44,9,"{'x': 775.0384958111082, 'y': 191.73806654808158, 'elapsedTime': 3284.0999999940395}",161767448510,2605803869,POINT (0.4036658832349522 0.1775352468037792),,,,,,,,,,,1,,1,,
0,44,9,"{'x': 775.0384958111082, 'y': 191.73806654808158, 'elapsedTime': 3284.0999999940395}",161767465177,2605820536,POINT (0.4036658832349522 0.1775352468037792),,,,,,,,,,,1,,1,,
0,44,9,"{'x': 775.0384958111082, 'y': 191.73806654808158, 'elapsedTime': 3284.0999999940395}",161767481844,2605837203,POINT (0.4036658832349522 0.1775352468037792),,,,,,,,,,,1,,1,,
0,44,9,"{'x': 781.7263534498187, 'y': 170.747927696455, 'elapsedTime': 3335.4000000059605}",161767498511,2605853869,POINT (0.4071491424217806 0.1580999330522732),,,,,,,,,,,,,1,,
0,44,9,"{'x': 781.7263534498187, 'y': 170.747927696455, 'elapsedTime': 3335.4000000059605}",161767515178,2605870536,POINT (0.4071491424217806 0.1580999330522732),,,,,,,,,,,,,1,,
0,44,9,"{'x': 781.7263534498187, 'y': 170.747927696455, 'elapsedTime': 3335.4000000059605}",161767531846,2605887203,POINT (0.4071491424217806 0.1580999330522732),,,,,,,,,,,,,1,,
0,44,9,"{'x': 781.7263534498187, 'y': 170.747927696455, 'elapsedTime': 3335.4000000059605}",161767548512,2605903869,POINT (0.4071491424217806 0.1580999330522732),,,,,,,,,,,,,1,,
0,44,9,"{'x': 799.6420888190451, 'y': 182.66492828732262, 'elapsedTime': 3388.300000011921}",161767565182,2605920538,POINT (0.4164802545932526 0.1691341928586321),,,,,,,,,,,,,1,,
0,44,9,"{'x': 799.6420888190451, 'y': 182.66492828732262, 'elapsedTime': 3388.300000011921}",161767581849,2605937205,POINT (0.4164802545932526 0.1691341928586321),,,,,,,,,,,,,1,,
0,44,9,"{'x': 799.6420888190451, 'y': 182.66492828732262, 'elapsedTime': 3388.300000011921}",161767598516,2605953871,POINT (0.4164802545932526 0.1691341928586321),,,,,,,,,,,,,1,,
0,44,9,"{'x': 804.8719274090926, 'y': 150.46369677094498, 'elapsedTime': 3461.5}",161767615183,2605970538,POINT (0.4192041288589024 0.139318237750875),,,,,,,,,,,,,1,,
0,44,9,"{'x': 804.8719274090926, 'y': 150.46369677094498, 'elapsedTime': 3461.5}",161767631851,2605987205,POINT (0.4192041288589024 0.139318237750875),,,,,,,,,,,,,1,,
0,44,9,"{'x': 804.8719274090926, 'y': 150.46369677094498, 'elapsedTime': 3461.5}",161767648517,2606003871,POINT (0.4192041288589024 0.139318237750875),,,,,,,,,,,,,1,,
0,44,9,"{'x': 804.8719274090926, 'y': 150.46369677094498, 'elapsedTime': 3461.5}",161767665185,2606020538,POINT (0.4192041288589024 0.139318237750875),,,,,,,,,,,,,1,,
0,44,9,"{'x': 820.603231717749, 'y': 131.32172099858462, 'elapsedTime': 3513.5}",161767681852,2606037205,POINT (0.427397516519661 0.1215941861098006),,,,,,,,,,,,,,,
0,44,9,"{'x': 820.603231717749, 'y': 131.32172099858462, 'elapsedTime': 3513.5}",161767698526,2606053878,POINT (0.427397516519661 0.1215941861098006),,,,,,,,,,,,,,,
0,44,9,"{'x': 820.603231717749, 'y': 131.32172099858462, 'elapsedTime': 3513.5}",161767715193,2606070545,POINT (0.427397516519661 0.1215941861098006),,,,,,,,,,,,,,,
0,44,9,"{'x': 814.1813242778321, 'y': 135.62566166890156, 'elapsedTime': 3569.300000011921}",161767731861,2606087212,POINT (0.4240527730613709 0.125579316360094),,,,,,,,,,,,,,,
0,44,9,"{'x': 814.1813242778321, 'y': 135.62566166890156, 'elapsedTime': 3569.300000011921}",161767748527,2606103878,POINT (0.4240527730613709 0.125579316360094),,,,,,,,,,,,,,,
0,44,9,"{'x': 814.1813242778321, 'y': 135.62566166890156, 'elapsedTime': 3569.300000011921}",161767765195,2606120545,POINT (0.4240527730613709 0.125579316360094),,,,,,,,,,,,,,,
0,44,9,"{'x': 853.4516442238456, 'y': 139.967347731749, 'elapsedTime': 3624.300000011921}",161767781861,2606137211,POINT (0.4445060646999196 0.1295993960479157),,,,,,,,,,,,,,,
0,44,9,"{'x': 853.4516442238456, 'y': 139.967347731749, 'elapsedTime': 3624.300000011921}",161767798529,2606153878,POINT (0.4445060646999196 0.1295993960479157),,,,,,,,,,,,,,,
0,44,9,"{'x': 853.4516442238456, 'y': 139.967347731749, 'elapsedTime': 3624.300000011921}",161767815201,2606170550,POINT (0.4445060646999196 0.1295993960479157),,,,,,,,,,,,,,,
0,44,9,"{'x': 830.5466032170441, 'y': 191.01385796017323, 'elapsedTime': 3676.4000000059605}",161767831868,2606187216,POINT (0.4325763558422105 0.1768646832964567),,,,,,,,,,,,,1,,
0,44,9,"{'x': 830.5466032170441, 'y': 191.01385796017323, 'elapsedTime': 3676.4000000059605}",161767848535,2606203883,POINT (0.4325763558422105 0.1768646832964567),,,,,,,,,,,,,1,,
0,44,9,"{'x': 830.5466032170441, 'y': 191.01385796017323, 'elapsedTime': 3676.4000000059605}",161767865202,2606220550,POINT (0.4325763558422105 0.1768646832964567),,,,,,,,,,,,,1,,
0,44,9,"{'x': 830.5466032170441, 'y': 191.01385796017323, 'elapsedTime': 3676.4000000059605}",161767881869,2606237216,POINT (0.4325763558422105 0.1768646832964567),,,,,,,,,,,,,1,,
0,44,9,"{'x': 837.7354241539038, 'y': 219.58335111384508, 'elapsedTime': 3727.0999999940395}",161767898536,2606253883,POINT (0.4363205334134915 0.2033179176980047),,,,,,,,,,,,,,,
0,44,9,"{'x': 837.7354241539038, 'y': 219.58335111384508, 'elapsedTime': 3727.0999999940395}",161767915204,2606270550,POINT (0.4363205334134915 0.2033179176980047),,,,,,,,,,,,,,,
0,44,9,"{'x': 818.4905742256689, 'y': 239.38186354330585, 'elapsedTime': 3781.199999988079}",161767931871,2606287217,POINT (0.4262971740758692 0.2216498736512091),,,,,,,,,,,,,,1,
0,44,9,"{'x': 818.4905742256689, 'y': 239.38186354330585, 'elapsedTime': 3781.199999988079}",161767948542,2606303887,POINT (0.4262971740758692 0.2216498736512091),,,,,,,,,,,,,,1,
0,44,9,"{'x': 818.4905742256689, 'y': 239.38186354330585, 'elapsedTime': 3781.199999988079}",161767965209,2606320554,POINT (0.4262971740758692 0.2216498736512091),,,,,,,,,,,,,,1,
0,44,9,"{'x': 818.4905742256689, 'y': 239.38186354330585, 'elapsedTime': 3781.199999988079}",161767981876,2606337220,POINT (0.4262971740758692 0.2216498736512091),,,,,,,,,,,,,,1,
0,44,9,"{'x': 818.4905742256689, 'y': 239.38186354330585, 'elapsedTime': 3781.199999988079}",161767998543,2606353887,POINT (0.4262971740758692 0.2216498736512091),,,,,,,,,,,,,,1,
0,44,9,"{'x': 779.3849186722227, 'y': 229.34079333672938, 'elapsedTime': 3835.300000011921}",161768015211,2606370554,POINT (0.4059296451417827 0.2123525864228976),,,,,,,,,,,,,,,
0,44,9,"{'x': 779.3849186722227, 'y': 229.34079333672938, 'elapsedTime': 3835.300000011921}",161768031877,2606387220,POINT (0.4059296451417827 0.2123525864228976),,,,,,,,,,,,,,,
0,44,9,"{'x': 779.3849186722227, 'y': 229.34079333672938, 'elapsedTime': 3835.300000011921}",161768048545,2606403887,POINT (0.4059296451417827 0.2123525864228976),,,,,,,,,,,,,,,
0,44,9,"{'x': 741.1111918772046, 'y': 223.05757836249552, 'elapsedTime': 3907.800000011921}",161768065212,2606420554,POINT (0.3859954124360441 0.2065347947800884),,,,,,,,,,,,,,,
0,44,9,"{'x': 741.1111918772046, 'y': 223.05757836249552, 'elapsedTime': 3907.800000011921}",161768081886,2606437227,POINT (0.3859954124360441 0.2065347947800884),,,,,,,,,,,,,,,
0,44,9,"{'x': 741.1111918772046, 'y': 223.05757836249552, 'elapsedTime': 3907.800000011921}",161768098553,2606453894,POINT (0.3859954124360441 0.2065347947800884),,,,,,,,,,,,,,,
0,44,9,"{'x': 715.2476806031898, 'y': 215.07841612522412, 'elapsedTime': 3960.199999988079}",161768115221,2606470561,POINT (0.3725248336474947 0.1991466815974297),,,,,,,,,,,,,,,
0,44,9,"{'x': 715.2476806031898, 'y': 215.07841612522412, 'elapsedTime': 3960.199999988079}",161768131887,2606487227,POINT (0.3725248336474947 0.1991466815974297),,,,,,,,,,,,,,,
0,44,9,"{'x': 715.2476806031898, 'y': 215.07841612522412, 'elapsedTime': 3960.199999988079}",161768148555,2606503894,POINT (0.3725248336474947 0.1991466815974297),,,,,,,,,,,,,,,
0,44,9,"{'x': 648.7007195286153, 'y': 184.9478723050533, 'elapsedTime': 4012.4000000059605}",161768165222,2606520561,POINT (0.3378649580878205 0.1712480299120864),,,,,,,,,,,,,1,,
0,44,9,"{'x': 648.7007195286153, 'y': 184.9478723050533, 'elapsedTime': 4012.4000000059605}",161768181889,2606537227,POINT (0.3378649580878205 0.1712480299120864),,,,,,,,,,,,,1,,
0,44,9,"{'x': 648.7007195286153, 'y': 184.9478723050533, 'elapsedTime': 4012.4000000059605}",161768198556,2606553894,POINT (0.3378649580878205 0.1712480299120864),,,,,,,,,,,,,1,,
0,44,9,"{'x': 648.7007195286153, 'y': 184.9478723050533, 'elapsedTime': 4012.4000000059605}",161768215226,2606570564,POINT (0.3378649580878205 0.1712480299120864),,,,,,,,,,,,,1,,
0,44,9,"{'x': 626.1157385072077, 'y': 196.40671131753945, 'elapsedTime': 4069}",161768231893,2606587230,POINT (0.3261019471391707 0.1818580660347587),,,,,,,,,,,,,,,
0,44,9,"{'x': 626.1157385072077, 'y': 196.40671131753945, 'elapsedTime': 4069}",161768248560,2606603897,POINT (0.3261019471391707 0.1818580660347587),,,,,,,,,,,,,,,
0,44,9,"{'x': 626.1157385072077, 'y': 196.40671131753945, 'elapsedTime': 4069}",161768265228,2606620564,POINT (0.3261019471391707 0.1818580660347587),,,,,,,,,,,,,,,
0,44,9,"{'x': 599.4363125845213, 'y': 164.74190756043123, 'elapsedTime': 4127.0999999940395}",161768281894,2606637230,POINT (0.3122064128044382 0.1525388032966956),,,,,,,,,,,,,1,,
0,44,9,"{'x': 599.4363125845213, 'y': 164.74190756043123, 'elapsedTime': 4127.0999999940395}",161768298562,2606653897,POINT (0.3122064128044382 0.1525388032966956),,,,,,,,,,,,,1,,
0,44,9,"{'x': 599.4363125845213, 'y': 164.74190756043123, 'elapsedTime': 4127.0999999940395}",161768315228,2606670563,POINT (0.3122064128044382 0.1525388032966956),,,,,,,,,,,,,1,,
0,44,9,"{'x': 557.2856115175789, 'y': 201.14565833672285, 'elapsedTime': 4177.5999999940395}",161768331896,2606687230,POINT (0.2902529226654057 0.18624597994141),,,,,,1,,,,,,,,,
0,44,9,"{'x': 557.2856115175789, 'y': 201.14565833672285, 'elapsedTime': 4177.5999999940395}",161768348567,2606703901,POINT (0.2902529226654057 0.18624597994141),,,,,,1,,,,,,,,,
0,44,9,"{'x': 557.2856115175789, 'y': 201.14565833672285, 'elapsedTime': 4177.5999999940395}",161768365234,2606720567,POINT (0.2902529226654057 0.18624597994141),,,,,,1,,,,,,,,,
0,44,9,"{'x': 559.150253488982, 'y': 205.13199145975244, 'elapsedTime': 4229.300000011921}",161768381901,2606737234,POINT (0.2912240903588448 0.1899370291294004),,,,,,1,,,,,,,,,
0,44,9,"{'x': 559.150253488982, 'y': 205.13199145975244, 'elapsedTime': 4229.300000011921}",161768398569,2606753901,POINT (0.2912240903588448 0.1899370291294004),,,,,,1,,,,,,,,,
0,44,9,"{'x': 559.150253488982, 'y': 205.13199145975244, 'elapsedTime': 4229.300000011921}",161768415235,2606770567,POINT (0.2912240903588448 0.1899370291294004),,,,,,1,,,,,,,,,
0,44,9,"{'x': 559.150253488982, 'y': 205.13199145975244, 'elapsedTime': 4229.300000011921}",161768431903,2606787234,POINT (0.2912240903588448 0.1899370291294004),,,,,,1,,,,,,,,,
0,44,9,"{'x': 521.3158159755728, 'y': 281.10715152050307, 'elapsedTime': 4282.800000011921}",161768448570,2606803901,POINT (0.2715186541539442 0.2602843995560213),,,,,,,,,,,,,,1,
0,44,9,"{'x': 521.3158159755728, 'y': 281.10715152050307, 'elapsedTime': 4282.800000011921}",161768465237,2606820567,POINT (0.2715186541539442 0.2602843995560213),,,,,,,,,,,,,,1,
0,44,9,"{'x': 521.3158159755728, 'y': 281.10715152050307, 'elapsedTime': 4282.800000011921}",161768481908,2606837238,POINT (0.2715186541539442 0.2602843995560213),,,,,,,,,,,,,,1,
0,44,9,"{'x': 521.3158159755728, 'y': 281.10715152050307, 'elapsedTime': 4282.800000011921}",161768498576,2606853905,POINT (0.2715186541539442 0.2602843995560213),,,,,,,,,,,,,,1,
0,44,9,"{'x': 540.3719523797588, 'y': 263.29459889856446, 'elapsedTime': 4335}",161768515242,2606870571,POINT (0.281443725197791 0.2437912952764486),,,,,,,,,,,,,,1,
0,44,9,"{'x': 540.3719523797588, 'y': 263.29459889856446, 'elapsedTime': 4335}",161768531910,2606887238,POINT (0.281443725197791 0.2437912952764486),,,,,,,,,,,,,,1,
0,44,9,"{'x': 540.3719523797588, 'y': 263.29459889856446, 'elapsedTime': 4335}",161768548577,2606903905,POINT (0.281443725197791 0.2437912952764486),,,,,,,,,,,,,,1,
0,44,9,"{'x': 540.3719523797588, 'y': 263.29459889856446, 'elapsedTime': 4335}",161768565244,2606920571,POINT (0.281443725197791 0.2437912952764486),,,,,,,,,,,,,,1,
0,44,9,"{'x': 540.3719523797588, 'y': 263.29459889856446, 'elapsedTime': 4335}",161768581911,2606937238,POINT (0.281443725197791 0.2437912952764486),,,,,,,,,,,,,,1,
0,44,9,"{'x': 540.3719523797588, 'y': 263.29459889856446, 'elapsedTime': 4335}",161768598578,2606953905,POINT (0.281443725197791 0.2437912952764486),,,,,,,,,,,,,,1,
0,44,9,"{'x': 607.0381504745372, 'y': 256.8916252710035, 'elapsedTime': 4396.9000000059605}",161768615251,2606970577,POINT (0.3161657033721548 0.2378626159916699),,,,,,,,,,,,,,1,
0,44,9,"{'x': 607.0381504745372, 'y': 256.8916252710035, 'elapsedTime': 4396.9000000059605}",161768631918,2606987244,POINT (0.3161657033721548 0.2378626159916699),,,,,,,,,,,,,,1,
0,44,9,"{'x': 607.0381504745372, 'y': 256.8916252710035, 'elapsedTime': 4396.9000000059605}",161768648586,2607003911,POINT (0.3161657033721548 0.2378626159916699),,,,,,,,,,,,,,1,
0,44,9,"{'x': 607.0381504745372, 'y': 256.8916252710035, 'elapsedTime': 4396.9000000059605}",161768665252,2607020577,POINT (0.3161657033721548 0.2378626159916699),,,,,,,,,,,,,,1,
0,44,9,"{'x': 607.0381504745372, 'y': 256.8916252710035, 'elapsedTime': 4396.9000000059605}",161768681920,2607037244,POINT (0.3161657033721548 0.2378626159916699),,,,,,,,,,,,,,1,
0,44,9,"{'x': 667.4004286374493, 'y': 296.5680338688068, 'elapsedTime': 4513.199999988079}",161768698587,2607053911,POINT (0.3476043899153382 0.2746000313600063),,,,,,,,,,,,,1,1,
0,44,9,"{'x': 667.4004286374493, 'y': 296.5680338688068, 'elapsedTime': 4513.199999988079}",161768715254,2607070577,POINT (0.3476043899153382 0.2746000313600063),,,,,,,,,,,,,1,1,
0,44,9,"{'x': 667.4004286374493, 'y': 296.5680338688068, 'elapsedTime': 4513.199999988079}",161768731923,2607087246,POINT (0.3476043899153382 0.2746000313600063),,,,,,,,,,,,,1,1,
0,44,9,"{'x': 667.4004286374493, 'y': 296.5680338688068, 'elapsedTime': 4513.199999988079}",161768748591,2607103913,POINT (0.3476043899153382 0.2746000313600063),,,,,,,,,,,,,1,1,
0,44,9,"{'x': 659.2263254124694, 'y': 294.53137780252524, 'elapsedTime': 4594.5999999940395}",161768765257,2607120579,POINT (0.3433470444856611 0.2727142387060419),,,,,,,,,,,,,1,1,
0,44,9,"{'x': 659.2263254124694, 'y': 294.53137780252524, 'elapsedTime': 4594.5999999940395}",161768781925,2607137246,POINT (0.3433470444856611 0.2727142387060419),,,,,,,,,,,,,1,1,
0,44,9,"{'x': 659.2263254124694, 'y': 294.53137780252524, 'elapsedTime': 4594.5999999940395}",161768798592,2607153913,POINT (0.3433470444856611 0.2727142387060419),,,,,,,,,,,,,1,1,
0,44,9,"{'x': 647.1875846152927, 'y': 252.28130966139676, 'elapsedTime': 4654.9000000059605}",161768815259,2607170579,POINT (0.3370768669871316 0.233593805242034),,,,,,,,,,,,,,1,
0,44,9,"{'x': 647.1875846152927, 'y': 252.28130966139676, 'elapsedTime': 4654.9000000059605}",161768831926,2607187246,POINT (0.3370768669871316 0.233593805242034),,,,,,,,,,,,,,1,
0,44,9,"{'x': 647.1875846152927, 'y': 252.28130966139676, 'elapsedTime': 4654.9000000059605}",161768848593,2607203912,POINT (0.3370768669871316 0.233593805242034),,,,,,,,,,,,,,1,
0,44,9,"{'x': 640.7360263077796, 'y': 272.64932473987574, 'elapsedTime': 4711.9000000059605}",161768865266,2607220585,POINT (0.3337166803686352 0.2524530784628479),,,,,,,,,,,,,,1,
0,44,9,"{'x': 640.7360263077796, 'y': 272.64932473987574, 'elapsedTime': 4711.9000000059605}",161768881934,2607237252,POINT (0.3337166803686352 0.2524530784628479),,,,,,,,,,,,,,1,
0,44,9,"{'x': 640.7360263077796, 'y': 272.64932473987574, 'elapsedTime': 4711.9000000059605}",161768898600,2607253918,POINT (0.3337166803686352 0.2524530784628479),,,,,,,,,,,,,,1,
0,44,9,"{'x': 639.8226182347653, 'y': 252.1123427594101, 'elapsedTime': 4756.0999999940395}",161768915268,2607270585,POINT (0.3332409469972736 0.2334373544068612),,,,,,,,,,,,,,1,
0,44,9,"{'x': 639.8226182347653, 'y': 252.1123427594101, 'elapsedTime': 4756.0999999940395}",161768931935,2607287252,POINT (0.3332409469972736 0.2334373544068612),,,,,,,,,,,,,,1,
0,44,9,"{'x': 639.0364036748251, 'y': 236.52719011428286, 'elapsedTime': 4800.699999988079}",161768948601,2607303918,POINT (0.3328314602473048 0.2190066575132249),,,,,,,,,,,,,,1,
0,44,9,"{'x': 639.0364036748251, 'y': 236.52719011428286, 'elapsedTime': 4800.699999988079}",161768965269,2607320585,POINT (0.3328314602473048 0.2190066575132249),,,,,,,,,,,,,,1,
0,44,9,"{'x': 639.0364036748251, 'y': 236.52719011428286, 'elapsedTime': 4800.699999988079}",161768981936,2607337252,POINT (0.3328314602473048 0.2190066575132249),,,,,,,,,,,,,,1,
0,44,9,"{'x': 639.0364036748251, 'y': 236.52719011428286, 'elapsedTime': 4800.699999988079}",161768998606,2607353921,POINT (0.3328314602473048 0.2190066575132249),,,,,,,,,,,,,,1,
0,44,9,"{'x': 663.2392661808644, 'y': 225.83395810715243, 'elapsedTime': 4846.5999999940395}",161769015272,2607370587,POINT (0.3454371178025336 0.2091055167658819),,,,,,,,,,,,,,,
0,44,9,"{'x': 663.2392661808644, 'y': 225.83395810715243, 'elapsedTime': 4846.5999999940395}",161769031940,2607387254,POINT (0.3454371178025336 0.2091055167658819),,,,,,,,,,,,,,,
0,44,9,"{'x': 663.2392661808644, 'y': 225.83395810715243, 'elapsedTime': 4846.5999999940395}",161769048606,2607403920,POINT (0.3454371178025336 0.2091055167658819),,,,,,,,,,,,,,,
0,44,9,"{'x': 625.206084965417, 'y': 248.1006253881111, 'elapsedTime': 4916.300000011921}",161769065274,2607420587,POINT (0.3256281692528213 0.229722801285288),,,,,,,,,,,,,,1,
0,44,9,"{'x': 625.206084965417, 'y': 248.1006253881111, 'elapsedTime': 4916.300000011921}",161769081941,2607437254,POINT (0.3256281692528213 0.229722801285288),,,,,,,,,,,,,,1,
0,44,9,"{'x': 625.206084965417, 'y': 248.1006253881111, 'elapsedTime': 4916.300000011921}",161769098608,2607453920,POINT (0.3256281692528213 0.229722801285288),,,,,,,,,,,,,,1,
0,44,9,"{'x': 630.9557238489996, 'y': 249.32999752157045, 'elapsedTime': 4962}",161769115275,2607470587,POINT (0.3286227728380206 0.2308611088162689),,,,,,,,,,,,,,1,
0,44,9,"{'x': 630.9557238489996, 'y': 249.32999752157045, 'elapsedTime': 4962}",161769131952,2607487263,POINT (0.3286227728380206 0.2308611088162689),,,,,,,,,,,,,,1,
0,44,9,"{'x': 616.7857253543958, 'y': 241.66682506300177, 'elapsedTime': 5004.699999988079}",161769148618,2607503929,POINT (0.3212425652887478 0.2237655787620387),,,,,,,,,,,,,,1,
0,44,9,"{'x': 616.7857253543958, 'y': 241.66682506300177, 'elapsedTime': 5004.699999988079}",161769165286,2607520596,POINT (0.3212425652887478 0.2237655787620387),,,,,,,,,,,,,,1,
0,44,9,"{'x': 616.7857253543958, 'y': 241.66682506300177, 'elapsedTime': 5004.699999988079}",161769181953,2607537263,POINT (0.3212425652887478 0.2237655787620387),,,,,,,,,,,,,,1,
0,44,9,"{'x': 588.940771858858, 'y': 222.24671799790104, 'elapsedTime': 5048.5}",161769198620,2607553929,POINT (0.3067399853431552 0.2057839981462047),,,,,,,,,,,,,,,
0,44,9,"{'x': 588.940771858858, 'y': 222.24671799790104, 'elapsedTime': 5048.5}",161769215287,2607570596,POINT (0.3067399853431552 0.2057839981462047),,,,,,,,,,,,,,,
0,44,9,"{'x': 588.940771858858, 'y': 222.24671799790104, 'elapsedTime': 5048.5}",161769231955,2607587263,POINT (0.3067399853431552 0.2057839981462047),,,,,,,,,,,,,,,
0,44,9,"{'x': 625.8483168866463, 'y': 182.50537155087386, 'elapsedTime': 5095.800000011921}",161769248621,2607603929,POINT (0.3259626650451283 0.168986455139698),,,,,,,,,,,,,1,,
0,44,9,"{'x': 625.8483168866463, 'y': 182.50537155087386, 'elapsedTime': 5095.800000011921}",161769265292,2607620599,POINT (0.3259626650451283 0.168986455139698),,,,,,,,,,,,,1,,
0,44,9,"{'x': 625.8483168866463, 'y': 182.50537155087386, 'elapsedTime': 5095.800000011921}",161769281959,2607637266,POINT (0.3259626650451283 0.168986455139698),,,,,,,,,,,,,1,,
0,44,9,"{'x': 625.8483168866463, 'y': 182.50537155087386, 'elapsedTime': 5095.800000011921}",161769298626,2607653932,POINT (0.3259626650451283 0.168986455139698),,,,,,,,,,,,,1,,
