,pid,stimulus_number,coordinates,current_time,current_time1,geometry,-----------.1,-----------.2,-----------.3,-----------.4,class.1,Point.1,public.1,Point.2,().1,std.1,cout.2,<<.1,Constructor.1,called.1,-----------.7,-----------.8,-----------.9,int.1,main.1,Point.3,t1.1,*.1,t2.1,return.1,0.1,-----------.10,question,code,choices
0,44,5,"{'x': 769.4665209552422, 'y': 539.5748075417812, 'elapsedTime': 44913}",162101486558,2939832191,POINT (0.400763812997522 0.499606303279427),,,,,,,,,,,,,,,,,,,,,,,,,,,,1,
0,44,5,"{'x': 769.4665209552422, 'y': 539.5748075417812, 'elapsedTime': 44913}",162101503225,2939848858,POINT (0.400763812997522 0.499606303279427),,,,,,,,,,,,,,,,,,,,,,,,,,,,1,
0,44,5,"{'x': 769.4665209552422, 'y': 539.5748075417812, 'elapsedTime': 44913}",162101519893,2939865525,POINT (0.400763812997522 0.499606303279427),,,,,,,,,,,,,,,,,,,,,,,,,,,,1,
0,44,5,"{'x': 769.4665209552422, 'y': 539.5748075417812, 'elapsedTime': 44913}",162101536559,2939882191,POINT (0.400763812997522 0.499606303279427),,,,,,,,,,,,,,,,,,,,,,,,,,,,1,
0,44,5,"{'x': 769.4665209552422, 'y': 539.5748075417812, 'elapsedTime': 44913}",162101553231,2939898862,POINT (0.400763812997522 0.499606303279427),,,,,,,,,,,,,,,,,,,,,,,,,,,,1,
0,44,5,"{'x': 769.4665209552422, 'y': 539.5748075417812, 'elapsedTime': 44913}",162101569898,2939915529,POINT (0.400763812997522 0.499606303279427),,,,,,,,,,,,,,,,,,,,,,,,,,,,1,
0,44,5,"{'x': 769.4665209552422, 'y': 539.5748075417812, 'elapsedTime': 44913}",162101586565,2939932195,POINT (0.400763812997522 0.499606303279427),,,,,,,,,,,,,,,,,,,,,,,,,,,,1,
0,44,5,"{'x': 769.4665209552422, 'y': 539.5748075417812, 'elapsedTime': 44913}",162101603232,2939948862,POINT (0.400763812997522 0.499606303279427),,,,,,,,,,,,,,,,,,,,,,,,,,,,1,
0,44,5,"{'x': 769.4665209552422, 'y': 539.5748075417812, 'elapsedTime': 44913}",162101619900,2939965529,POINT (0.400763812997522 0.499606303279427),,,,,,,,,,,,,,,,,,,,,,,,,,,,1,
0,44,5,"{'x': 769.4665209552422, 'y': 539.5748075417812, 'elapsedTime': 44913}",162101636566,2939982195,POINT (0.400763812997522 0.499606303279427),,,,,,,,,,,,,,,,,,,,,,,,,,,,1,
0,44,5,"{'x': 769.4665209552422, 'y': 539.5748075417812, 'elapsedTime': 44913}",162101653234,2939998862,POINT (0.400763812997522 0.499606303279427),,,,,,,,,,,,,,,,,,,,,,,,,,,,1,
0,44,5,"{'x': 769.4665209552422, 'y': 539.5748075417812, 'elapsedTime': 44913}",162101669900,2940015528,POINT (0.400763812997522 0.499606303279427),,,,,,,,,,,,,,,,,,,,,,,,,,,,1,
0,44,5,"{'x': 769.4665209552422, 'y': 539.5748075417812, 'elapsedTime': 44913}",162101686573,2940032200,POINT (0.400763812997522 0.499606303279427),,,,,,,,,,,,,,,,,,,,,,,,,,,,1,
0,44,5,"{'x': 769.4665209552422, 'y': 539.5748075417812, 'elapsedTime': 44913}",162101703240,2940048867,POINT (0.400763812997522 0.499606303279427),,,,,,,,,,,,,,,,,,,,,,,,,,,,1,
0,44,5,"{'x': 769.4665209552422, 'y': 539.5748075417812, 'elapsedTime': 44913}",162101719907,2940065533,POINT (0.400763812997522 0.499606303279427),,,,,,,,,,,,,,,,,,,,,,,,,,,,1,
0,44,5,"{'x': 769.4665209552422, 'y': 539.5748075417812, 'elapsedTime': 44913}",162101736574,2940082200,POINT (0.400763812997522 0.499606303279427),,,,,,,,,,,,,,,,,,,,,,,,,,,,1,
0,44,5,"{'x': 769.4665209552422, 'y': 539.5748075417812, 'elapsedTime': 44913}",162101753242,2940098867,POINT (0.400763812997522 0.499606303279427),,,,,,,,,,,,,,,,,,,,,,,,,,,,1,
0,44,5,"{'x': 769.4665209552422, 'y': 539.5748075417812, 'elapsedTime': 44913}",162101769908,2940115533,POINT (0.400763812997522 0.499606303279427),,,,,,,,,,,,,,,,,,,,,,,,,,,,1,
0,44,5,"{'x': 769.4665209552422, 'y': 539.5748075417812, 'elapsedTime': 44913}",162101786576,2940132200,POINT (0.400763812997522 0.499606303279427),,,,,,,,,,,,,,,,,,,,,,,,,,,,1,
0,44,5,"{'x': 769.4665209552422, 'y': 539.5748075417812, 'elapsedTime': 44913}",162101803243,2940148867,POINT (0.400763812997522 0.499606303279427),,,,,,,,,,,,,,,,,,,,,,,,,,,,1,
0,44,5,"{'x': 769.4665209552422, 'y': 539.5748075417812, 'elapsedTime': 44913}",162101819912,2940165535,POINT (0.400763812997522 0.499606303279427),,,,,,,,,,,,,,,,,,,,,,,,,,,,1,
0,44,5,"{'x': 769.4665209552422, 'y': 539.5748075417812, 'elapsedTime': 44913}",162101836579,2940182202,POINT (0.400763812997522 0.499606303279427),,,,,,,,,,,,,,,,,,,,,,,,,,,,1,
0,44,5,"{'x': 769.4665209552422, 'y': 539.5748075417812, 'elapsedTime': 44913}",162101853247,2940198869,POINT (0.400763812997522 0.499606303279427),,,,,,,,,,,,,,,,,,,,,,,,,,,,1,
0,44,5,"{'x': 769.4665209552422, 'y': 539.5748075417812, 'elapsedTime': 44913}",162101869913,2940215535,POINT (0.400763812997522 0.499606303279427),,,,,,,,,,,,,,,,,,,,,,,,,,,,1,
0,44,5,"{'x': 769.4665209552422, 'y': 539.5748075417812, 'elapsedTime': 44913}",162101886581,2940232202,POINT (0.400763812997522 0.499606303279427),,,,,,,,,,,,,,,,,,,,,,,,,,,,1,
0,44,5,"{'x': 769.4665209552422, 'y': 539.5748075417812, 'elapsedTime': 44913}",162101903248,2940248869,POINT (0.400763812997522 0.499606303279427),,,,,,,,,,,,,,,,,,,,,,,,,,,,1,
0,44,5,"{'x': 769.4665209552422, 'y': 539.5748075417812, 'elapsedTime': 44913}",162101919914,2940265535,POINT (0.400763812997522 0.499606303279427),,,,,,,,,,,,,,,,,,,,,,,,,,,,1,
0,44,5,"{'x': 769.4665209552422, 'y': 539.5748075417812, 'elapsedTime': 44913}",162101936582,2940282202,POINT (0.400763812997522 0.499606303279427),,,,,,,,,,,,,,,,,,,,,,,,,,,,1,
0,44,5,"{'x': 769.4665209552422, 'y': 539.5748075417812, 'elapsedTime': 44913}",162101953258,2940298878,POINT (0.400763812997522 0.499606303279427),,,,,,,,,,,,,,,,,,,,,,,,,,,,1,
0,44,5,"{'x': 769.4665209552422, 'y': 539.5748075417812, 'elapsedTime': 44913}",162101969925,2940315544,POINT (0.400763812997522 0.499606303279427),,,,,,,,,,,,,,,,,,,,,,,,,,,,1,
0,44,5,"{'x': 769.4665209552422, 'y': 539.5748075417812, 'elapsedTime': 44913}",162101986592,2940332211,POINT (0.400763812997522 0.499606303279427),,,,,,,,,,,,,,,,,,,,,,,,,,,,1,
0,44,5,"{'x': 769.4665209552422, 'y': 539.5748075417812, 'elapsedTime': 44913}",162102003260,2940348878,POINT (0.400763812997522 0.499606303279427),,,,,,,,,,,,,,,,,,,,,,,,,,,,1,
0,44,5,"{'x': 769.4665209552422, 'y': 539.5748075417812, 'elapsedTime': 44913}",162102019926,2940365544,POINT (0.400763812997522 0.499606303279427),,,,,,,,,,,,,,,,,,,,,,,,,,,,1,
0,44,5,"{'x': 769.4665209552422, 'y': 539.5748075417812, 'elapsedTime': 44913}",162102036594,2940382211,POINT (0.400763812997522 0.499606303279427),,,,,,,,,,,,,,,,,,,,,,,,,,,,1,
0,44,5,"{'x': 769.4665209552422, 'y': 539.5748075417812, 'elapsedTime': 44913}",162102053261,2940398878,POINT (0.400763812997522 0.499606303279427),,,,,,,,,,,,,,,,,,,,,,,,,,,,1,
0,44,5,"{'x': 769.4665209552422, 'y': 539.5748075417812, 'elapsedTime': 44913}",162102069930,2940415546,POINT (0.400763812997522 0.499606303279427),,,,,,,,,,,,,,,,,,,,,,,,,,,,1,
0,44,5,"{'x': 769.4665209552422, 'y': 539.5748075417812, 'elapsedTime': 44913}",162102086597,2940432213,POINT (0.400763812997522 0.499606303279427),,,,,,,,,,,,,,,,,,,,,,,,,,,,1,
0,44,5,"{'x': 769.4665209552422, 'y': 539.5748075417812, 'elapsedTime': 44913}",162102103265,2940448880,POINT (0.400763812997522 0.499606303279427),,,,,,,,,,,,,,,,,,,,,,,,,,,,1,
0,44,5,"{'x': 769.4665209552422, 'y': 539.5748075417812, 'elapsedTime': 44913}",162102119931,2940465546,POINT (0.400763812997522 0.499606303279427),,,,,,,,,,,,,,,,,,,,,,,,,,,,1,
0,44,5,"{'x': 769.4665209552422, 'y': 539.5748075417812, 'elapsedTime': 44913}",162102136599,2940482213,POINT (0.400763812997522 0.499606303279427),,,,,,,,,,,,,,,,,,,,,,,,,,,,1,
0,44,5,"{'x': 769.4665209552422, 'y': 539.5748075417812, 'elapsedTime': 44913}",162102153266,2940498880,POINT (0.400763812997522 0.499606303279427),,,,,,,,,,,,,,,,,,,,,,,,,,,,1,
0,44,5,"{'x': 769.4665209552422, 'y': 539.5748075417812, 'elapsedTime': 44913}",162102169933,2940515546,POINT (0.400763812997522 0.499606303279427),,,,,,,,,,,,,,,,,,,,,,,,,,,,1,
0,44,5,"{'x': 769.4665209552422, 'y': 539.5748075417812, 'elapsedTime': 44913}",162102186600,2940532213,POINT (0.400763812997522 0.499606303279427),,,,,,,,,,,,,,,,,,,,,,,,,,,,1,
0,44,5,"{'x': 769.4665209552422, 'y': 539.5748075417812, 'elapsedTime': 44913}",162102203275,2940548887,POINT (0.400763812997522 0.499606303279427),,,,,,,,,,,,,,,,,,,,,,,,,,,,1,
0,44,5,"{'x': 769.4665209552422, 'y': 539.5748075417812, 'elapsedTime': 44913}",162102219942,2940565554,POINT (0.400763812997522 0.499606303279427),,,,,,,,,,,,,,,,,,,,,,,,,,,,1,
0,44,5,"{'x': 769.4665209552422, 'y': 539.5748075417812, 'elapsedTime': 44913}",162102236610,2940582221,POINT (0.400763812997522 0.499606303279427),,,,,,,,,,,,,,,,,,,,,,,,,,,,1,
0,44,5,"{'x': 769.4665209552422, 'y': 539.5748075417812, 'elapsedTime': 44913}",162102253276,2940598887,POINT (0.400763812997522 0.499606303279427),,,,,,,,,,,,,,,,,,,,,,,,,,,,1,
0,44,5,"{'x': 769.4665209552422, 'y': 539.5748075417812, 'elapsedTime': 44913}",162102269944,2940615554,POINT (0.400763812997522 0.499606303279427),,,,,,,,,,,,,,,,,,,,,,,,,,,,1,
0,44,5,"{'x': 769.4665209552422, 'y': 539.5748075417812, 'elapsedTime': 44913}",162102286611,2940632221,POINT (0.400763812997522 0.499606303279427),,,,,,,,,,,,,,,,,,,,,,,,,,,,1,
0,44,5,"{'x': 769.4665209552422, 'y': 539.5748075417812, 'elapsedTime': 44913}",162102303278,2940648887,POINT (0.400763812997522 0.499606303279427),,,,,,,,,,,,,,,,,,,,,,,,,,,,1,
0,44,5,"{'x': 769.4665209552422, 'y': 539.5748075417812, 'elapsedTime': 44913}",162102319945,2940665554,POINT (0.400763812997522 0.499606303279427),,,,,,,,,,,,,,,,,,,,,,,,,,,,1,
0,44,5,"{'x': 769.4665209552422, 'y': 539.5748075417812, 'elapsedTime': 44913}",162102336614,2940682222,POINT (0.400763812997522 0.499606303279427),,,,,,,,,,,,,,,,,,,,,,,,,,,,1,
0,44,5,"{'x': 769.4665209552422, 'y': 539.5748075417812, 'elapsedTime': 44913}",162102353280,2940698888,POINT (0.400763812997522 0.499606303279427),,,,,,,,,,,,,,,,,,,,,,,,,,,,1,
0,44,5,"{'x': 769.4665209552422, 'y': 539.5748075417812, 'elapsedTime': 44913}",162102369948,2940715555,POINT (0.400763812997522 0.499606303279427),,,,,,,,,,,,,,,,,,,,,,,,,,,,1,
0,44,5,"{'x': 769.4665209552422, 'y': 539.5748075417812, 'elapsedTime': 44913}",162102386615,2940732222,POINT (0.400763812997522 0.499606303279427),,,,,,,,,,,,,,,,,,,,,,,,,,,,1,
0,44,5,"{'x': 769.4665209552422, 'y': 539.5748075417812, 'elapsedTime': 44913}",162102403282,2940748888,POINT (0.400763812997522 0.499606303279427),,,,,,,,,,,,,,,,,,,,,,,,,,,,1,
0,44,5,"{'x': 769.4665209552422, 'y': 539.5748075417812, 'elapsedTime': 44913}",162102419949,2940765555,POINT (0.400763812997522 0.499606303279427),,,,,,,,,,,,,,,,,,,,,,,,,,,,1,
0,44,5,"{'x': 769.4665209552422, 'y': 539.5748075417812, 'elapsedTime': 44913}",162102436617,2940782222,POINT (0.400763812997522 0.499606303279427),,,,,,,,,,,,,,,,,,,,,,,,,,,,1,
0,44,5,"{'x': 769.4665209552422, 'y': 539.5748075417812, 'elapsedTime': 44913}",162102453283,2940798888,POINT (0.400763812997522 0.499606303279427),,,,,,,,,,,,,,,,,,,,,,,,,,,,1,
0,44,5,"{'x': 769.4665209552422, 'y': 539.5748075417812, 'elapsedTime': 44913}",162102469957,2940815561,POINT (0.400763812997522 0.499606303279427),,,,,,,,,,,,,,,,,,,,,,,,,,,,1,
0,44,5,"{'x': 769.4665209552422, 'y': 539.5748075417812, 'elapsedTime': 44913}",162102486624,2940832228,POINT (0.400763812997522 0.499606303279427),,,,,,,,,,,,,,,,,,,,,,,,,,,,1,
0,44,5,"{'x': 769.4665209552422, 'y': 539.5748075417812, 'elapsedTime': 44913}",162102503291,2940848894,POINT (0.400763812997522 0.499606303279427),,,,,,,,,,,,,,,,,,,,,,,,,,,,1,
0,44,5,"{'x': 769.4665209552422, 'y': 539.5748075417812, 'elapsedTime': 44913}",162102519959,2940865561,POINT (0.400763812997522 0.499606303279427),,,,,,,,,,,,,,,,,,,,,,,,,,,,1,
0,44,5,"{'x': 769.4665209552422, 'y': 539.5748075417812, 'elapsedTime': 44913}",162102536626,2940882228,POINT (0.400763812997522 0.499606303279427),,,,,,,,,,,,,,,,,,,,,,,,,,,,1,
0,44,5,"{'x': 769.4665209552422, 'y': 539.5748075417812, 'elapsedTime': 44913}",162102553293,2940898894,POINT (0.400763812997522 0.499606303279427),,,,,,,,,,,,,,,,,,,,,,,,,,,,1,
0,44,5,"{'x': 769.4665209552422, 'y': 539.5748075417812, 'elapsedTime': 44913}",162102569960,2940915561,POINT (0.400763812997522 0.499606303279427),,,,,,,,,,,,,,,,,,,,,,,,,,,,1,
0,44,5,"{'x': 769.4665209552422, 'y': 539.5748075417812, 'elapsedTime': 44913}",162102586628,2940932228,POINT (0.400763812997522 0.499606303279427),,,,,,,,,,,,,,,,,,,,,,,,,,,,1,
0,44,5,"{'x': 769.4665209552422, 'y': 539.5748075417812, 'elapsedTime': 44913}",162102603299,2940948899,POINT (0.400763812997522 0.499606303279427),,,,,,,,,,,,,,,,,,,,,,,,,,,,1,
0,44,5,"{'x': 769.4665209552422, 'y': 539.5748075417812, 'elapsedTime': 44913}",162102619967,2940965566,POINT (0.400763812997522 0.499606303279427),,,,,,,,,,,,,,,,,,,,,,,,,,,,1,
0,44,5,"{'x': 769.4665209552422, 'y': 539.5748075417812, 'elapsedTime': 44913}",162102636634,2940982233,POINT (0.400763812997522 0.499606303279427),,,,,,,,,,,,,,,,,,,,,,,,,,,,1,
0,44,5,"{'x': 769.4665209552422, 'y': 539.5748075417812, 'elapsedTime': 44913}",162102653301,2940998899,POINT (0.400763812997522 0.499606303279427),,,,,,,,,,,,,,,,,,,,,,,,,,,,1,
0,44,5,"{'x': 769.4665209552422, 'y': 539.5748075417812, 'elapsedTime': 44913}",162102669968,2941015566,POINT (0.400763812997522 0.499606303279427),,,,,,,,,,,,,,,,,,,,,,,,,,,,1,
0,44,5,"{'x': 769.4665209552422, 'y': 539.5748075417812, 'elapsedTime': 44913}",162102686635,2941032232,POINT (0.400763812997522 0.499606303279427),,,,,,,,,,,,,,,,,,,,,,,,,,,,1,
0,44,5,"{'x': 769.4665209552422, 'y': 539.5748075417812, 'elapsedTime': 44913}",162102703303,2941048899,POINT (0.400763812997522 0.499606303279427),,,,,,,,,,,,,,,,,,,,,,,,,,,,1,
0,44,5,"{'x': 769.4665209552422, 'y': 539.5748075417812, 'elapsedTime': 44913}",162102719971,2941065566,POINT (0.400763812997522 0.499606303279427),,,,,,,,,,,,,,,,,,,,,,,,,,,,1,
0,44,5,"{'x': 769.4665209552422, 'y': 539.5748075417812, 'elapsedTime': 44913}",162102736638,2941082233,POINT (0.400763812997522 0.499606303279427),,,,,,,,,,,,,,,,,,,,,,,,,,,,1,
0,44,5,"{'x': 769.4665209552422, 'y': 539.5748075417812, 'elapsedTime': 44913}",162102753306,2941098900,POINT (0.400763812997522 0.499606303279427),,,,,,,,,,,,,,,,,,,,,,,,,,,,1,
0,44,5,"{'x': 769.4665209552422, 'y': 539.5748075417812, 'elapsedTime': 44913}",162102769973,2941115567,POINT (0.400763812997522 0.499606303279427),,,,,,,,,,,,,,,,,,,,,,,,,,,,1,
0,44,5,"{'x': 769.4665209552422, 'y': 539.5748075417812, 'elapsedTime': 44913}",162102786640,2941132233,POINT (0.400763812997522 0.499606303279427),,,,,,,,,,,,,,,,,,,,,,,,,,,,1,
0,44,5,"{'x': 769.4665209552422, 'y': 539.5748075417812, 'elapsedTime': 44913}",162102803307,2941148900,POINT (0.400763812997522 0.499606303279427),,,,,,,,,,,,,,,,,,,,,,,,,,,,1,
0,44,5,"{'x': 769.4665209552422, 'y': 539.5748075417812, 'elapsedTime': 44913}",162102819975,2941165567,POINT (0.400763812997522 0.499606303279427),,,,,,,,,,,,,,,,,,,,,,,,,,,,1,
0,44,5,"{'x': 769.4665209552422, 'y': 539.5748075417812, 'elapsedTime': 44913}",162102836641,2941182233,POINT (0.400763812997522 0.499606303279427),,,,,,,,,,,,,,,,,,,,,,,,,,,,1,
0,44,5,"{'x': 769.4665209552422, 'y': 539.5748075417812, 'elapsedTime': 44913}",162102853309,2941198900,POINT (0.400763812997522 0.499606303279427),,,,,,,,,,,,,,,,,,,,,,,,,,,,1,
0,44,5,"{'x': 769.4665209552422, 'y': 539.5748075417812, 'elapsedTime': 44913}",162102869984,2941215575,POINT (0.400763812997522 0.499606303279427),,,,,,,,,,,,,,,,,,,,,,,,,,,,1,
0,44,5,"{'x': 769.4665209552422, 'y': 539.5748075417812, 'elapsedTime': 44913}",162102886652,2941232241,POINT (0.400763812997522 0.499606303279427),,,,,,,,,,,,,,,,,,,,,,,,,,,,1,
0,44,5,"{'x': 769.4665209552422, 'y': 539.5748075417812, 'elapsedTime': 44913}",162102903319,2941248908,POINT (0.400763812997522 0.499606303279427),,,,,,,,,,,,,,,,,,,,,,,,,,,,1,
0,44,5,"{'x': 769.4665209552422, 'y': 539.5748075417812, 'elapsedTime': 44913}",162102919987,2941265575,POINT (0.400763812997522 0.499606303279427),,,,,,,,,,,,,,,,,,,,,,,,,,,,1,
0,44,5,"{'x': 769.4665209552422, 'y': 539.5748075417812, 'elapsedTime': 44913}",162102936653,2941282241,POINT (0.400763812997522 0.499606303279427),,,,,,,,,,,,,,,,,,,,,,,,,,,,1,
0,44,5,"{'x': 769.4665209552422, 'y': 539.5748075417812, 'elapsedTime': 44913}",162102953321,2941298908,POINT (0.400763812997522 0.499606303279427),,,,,,,,,,,,,,,,,,,,,,,,,,,,1,
0,44,5,"{'x': 769.4665209552422, 'y': 539.5748075417812, 'elapsedTime': 44913}",162102969988,2941315575,POINT (0.400763812997522 0.499606303279427),,,,,,,,,,,,,,,,,,,,,,,,,,,,1,
0,44,5,"{'x': 769.4665209552422, 'y': 539.5748075417812, 'elapsedTime': 44913}",162102986655,2941332241,POINT (0.400763812997522 0.499606303279427),,,,,,,,,,,,,,,,,,,,,,,,,,,,1,
0,44,5,"{'x': 769.4665209552422, 'y': 539.5748075417812, 'elapsedTime': 44913}",162103003327,2941348913,POINT (0.400763812997522 0.499606303279427),,,,,,,,,,,,,,,,,,,,,,,,,,,,1,
0,44,5,"{'x': 769.4665209552422, 'y': 539.5748075417812, 'elapsedTime': 44913}",162103019995,2941365580,POINT (0.400763812997522 0.499606303279427),,,,,,,,,,,,,,,,,,,,,,,,,,,,1,
0,44,5,"{'x': 769.4665209552422, 'y': 539.5748075417812, 'elapsedTime': 44913}",162103036661,2941382246,POINT (0.400763812997522 0.499606303279427),,,,,,,,,,,,,,,,,,,,,,,,,,,,1,
0,44,5,"{'x': 500.0873489107968, 'y': 499.7802880157873, 'elapsedTime': 16.100000023841858}",162103053329,2941398913,POINT (0.26046216089104 0.4627595259405438),,,,,,,,,,,,,,,,,,,,,,,,,,,,,
0,44,5,"{'x': 500.0873489107968, 'y': 499.7802880157873, 'elapsedTime': 16.100000023841858}",162103069996,2941415580,POINT (0.26046216089104 0.4627595259405438),,,,,,,,,,,,,,,,,,,,,,,,,,,,,
0,44,5,"{'x': 500.0873489107968, 'y': 499.7802880157873, 'elapsedTime': 16.100000023841858}",162103086663,2941432246,POINT (0.26046216089104 0.4627595259405438),,,,,,,,,,,,,,,,,,,,,,,,,,,,,
0,44,5,"{'x': 500.7577291221816, 'y': 498.9177401390246, 'elapsedTime': 754.2000000178814}",162103103331,2941448913,POINT (0.2608113172511363 0.4619608704990968),,,,,,,,,,,,,,,,,,,,,,,,,,,,,
0,44,5,"{'x': 500.7577291221816, 'y': 498.9177401390246, 'elapsedTime': 754.2000000178814}",162103120002,2941465584,POINT (0.2608113172511363 0.4619608704990968),,,,,,,,,,,,,,,,,,,,,,,,,,,,,
0,44,5,"{'x': 500.7577291221816, 'y': 498.9177401390246, 'elapsedTime': 754.2000000178814}",162103136669,2941482250,POINT (0.2608113172511363 0.4619608704990968),,,,,,,,,,,,,,,,,,,,,,,,,,,,,
0,44,5,"{'x': 500.7577291221816, 'y': 498.9177401390246, 'elapsedTime': 754.2000000178814}",162103153336,2941498917,POINT (0.2608113172511363 0.4619608704990968),,,,,,,,,,,,,,,,,,,,,,,,,,,,,
0,44,5,"{'x': 508.47593775081765, 'y': 495.77178972975236, 'elapsedTime': 807.6000000238419}",162103170004,2941515584,POINT (0.2648312175785509 0.4590479534534744),,,,,,,,,,,,,,,,,,,,,,,,,,,,,
0,44,5,"{'x': 508.47593775081765, 'y': 495.77178972975236, 'elapsedTime': 807.6000000238419}",162103186670,2941532250,POINT (0.2648312175785509 0.4590479534534744),,,,,,,,,,,,,,,,,,,,,,,,,,,,,
0,44,5,"{'x': 508.47593775081765, 'y': 495.77178972975236, 'elapsedTime': 807.6000000238419}",162103203338,2941548917,POINT (0.2648312175785509 0.4590479534534744),,,,,,,,,,,,,,,,,,,,,,,,,,,,,
0,44,5,"{'x': 528.5335107212019, 'y': 496.3417149454158, 'elapsedTime': 862.5}",162103220004,2941565583,POINT (0.2752778701672927 0.4595756619864961),,,,,,,,,,,,,,,,,,,,,,,,,,,,,
0,44,5,"{'x': 528.5335107212019, 'y': 496.3417149454158, 'elapsedTime': 862.5}",162103236672,2941582250,POINT (0.2752778701672927 0.4595756619864961),,,,,,,,,,,,,,,,,,,,,,,,,,,,,
0,44,5,"{'x': 528.5335107212019, 'y': 496.3417149454158, 'elapsedTime': 862.5}",162103253345,2941598922,POINT (0.2752778701672927 0.4595756619864961),,,,,,,,,,,,,,,,,,,,,,,,,,,,,
0,44,5,"{'x': 528.5335107212019, 'y': 496.3417149454158, 'elapsedTime': 862.5}",162103270012,2941615588,POINT (0.2752778701672927 0.4595756619864961),,,,,,,,,,,,,,,,,,,,,,,,,,,,,
0,44,5,"{'x': 548.9023120971649, 'y': 471.50061115132775, 'elapsedTime': 918.2000000178814}",162103286679,2941632255,POINT (0.2858866208839401 0.4365746399549331),,,,,,,,,,,,,,,,,,,,,,,,,,,,,
0,44,5,"{'x': 548.9023120971649, 'y': 471.50061115132775, 'elapsedTime': 918.2000000178814}",162103303347,2941648922,POINT (0.2858866208839401 0.4365746399549331),,,,,,,,,,,,,,,,,,,,,,,,,,,,,
0,44,5,"{'x': 548.9023120971649, 'y': 471.50061115132775, 'elapsedTime': 918.2000000178814}",162103320013,2941665588,POINT (0.2858866208839401 0.4365746399549331),,,,,,,,,,,,,,,,,,,,,,,,,,,,,
0,44,5,"{'x': 548.9023120971649, 'y': 471.50061115132775, 'elapsedTime': 918.2000000178814}",162103336681,2941682255,POINT (0.2858866208839401 0.4365746399549331),,,,,,,,,,,,,,,,,,,,,,,,,,,,,
0,44,5,"{'x': 581.0234102192082, 'y': 419.385786868876, 'elapsedTime': 976.4000000059605}",162103353348,2941698922,POINT (0.302616359489171 0.388320173026737),,,,,,,,,,,,,,,,,,,,,,,,,,,,,
0,44,5,"{'x': 581.0234102192082, 'y': 419.385786868876, 'elapsedTime': 976.4000000059605}",162103370015,2941715588,POINT (0.302616359489171 0.388320173026737),,,,,,,,,,,,,,,,,,,,,,,,,,,,,
0,44,5,"{'x': 581.0234102192082, 'y': 419.385786868876, 'elapsedTime': 976.4000000059605}",162103386688,2941732261,POINT (0.302616359489171 0.388320173026737),,,,,,,,,,,,,,,,,,,,,,,,,,,,,
0,44,5,"{'x': 615.3535425084343, 'y': 405.3083777234865, 'elapsedTime': 1049.800000011921}",162103403356,2941748928,POINT (0.3204966367231429 0.3752855349291542),,,,,,,,,,,,,,,,,,,,,,,,,,,,,
0,44,5,"{'x': 615.3535425084343, 'y': 405.3083777234865, 'elapsedTime': 1049.800000011921}",162103420023,2941765594,POINT (0.3204966367231429 0.3752855349291542),,,,,,,,,,,,,,,,,,,,,,,,,,,,,
0,44,5,"{'x': 615.3535425084343, 'y': 405.3083777234865, 'elapsedTime': 1049.800000011921}",162103436690,2941782261,POINT (0.3204966367231429 0.3752855349291542),,,,,,,,,,,,,,,,,,,,,,,,,,,,,
0,44,5,"{'x': 615.3535425084343, 'y': 405.3083777234865, 'elapsedTime': 1049.800000011921}",162103453358,2941798928,POINT (0.3204966367231429 0.3752855349291542),,,,,,,,,,,,,,,,,,,,,,,,,,,,,
0,44,5,"{'x': 658.4591459085303, 'y': 338.4241934772329, 'elapsedTime': 1105.800000011921}",162103470025,2941815594,POINT (0.3429474718273596 0.3133557347011416),,,,,,,,,,,,,,,,,,,,,,,,,,,,,
0,44,5,"{'x': 658.4591459085303, 'y': 338.4241934772329, 'elapsedTime': 1105.800000011921}",162103486692,2941832261,POINT (0.3429474718273596 0.3133557347011416),,,,,,,,,,,,,,,,,,,,,,,,,,,,,
0,44,5,"{'x': 658.4591459085303, 'y': 338.4241934772329, 'elapsedTime': 1105.800000011921}",162103503360,2941848928,POINT (0.3429474718273596 0.3133557347011416),,,,,,,,,,,,,,,,,,,,,,,,,,,,,
0,44,5,"{'x': 658.4591459085303, 'y': 338.4241934772329, 'elapsedTime': 1105.800000011921}",162103520030,2941865598,POINT (0.3429474718273596 0.3133557347011416),,,,,,,,,,,,,,,,,,,,,,,,,,,,,
0,44,5,"{'x': 664.6767178717116, 'y': 309.0783250125223, 'elapsedTime': 1166.300000011921}",162103536698,2941882265,POINT (0.3461857905581832 0.286183634270854),,,,,,,,,,,,,,,,,,,,,,,,,,,1,1,
0,44,5,"{'x': 664.6767178717116, 'y': 309.0783250125223, 'elapsedTime': 1166.300000011921}",162103553365,2941898932,POINT (0.3461857905581832 0.286183634270854),,,,,,,,,,,,,,,,,,,,,,,,,,,1,1,
0,44,5,"{'x': 664.6767178717116, 'y': 309.0783250125223, 'elapsedTime': 1166.300000011921}",162103570032,2941915598,POINT (0.3461857905581832 0.286183634270854),,,,,,,,,,,,,,,,,,,,,,,,,,,1,1,
0,44,5,"{'x': 664.6767178717116, 'y': 309.0783250125223, 'elapsedTime': 1166.300000011921}",162103586699,2941932265,POINT (0.3461857905581832 0.286183634270854),,,,,,,,,,,,,,,,,,,,,,,,,,,1,1,
0,44,5,"{'x': 699.6963553558079, 'y': 259.7126249496133, 'elapsedTime': 1234.7000000178814}",162103603367,2941948932,POINT (0.36442518508115 0.2404746527311234),,,,,,,,,,,,,,,1,,,,,,,,,,,,,1,
0,44,5,"{'x': 699.6963553558079, 'y': 259.7126249496133, 'elapsedTime': 1234.7000000178814}",162103620034,2941965598,POINT (0.36442518508115 0.2404746527311234),,,,,,,,,,,,,,,1,,,,,,,,,,,,,1,
0,44,5,"{'x': 699.6963553558079, 'y': 259.7126249496133, 'elapsedTime': 1234.7000000178814}",162103636701,2941982265,POINT (0.36442518508115 0.2404746527311234),,,,,,,,,,,,,,,1,,,,,,,,,,,,,1,
0,44,5,"{'x': 797.3158152372089, 'y': 231.7103055048993, 'elapsedTime': 1296.300000011921}",162103653373,2941998936,POINT (0.4152686537693796 0.2145465791712031),,,,,,,,,,,,,,,,,,,,,,,,,,,,1,
0,44,5,"{'x': 797.3158152372089, 'y': 231.7103055048993, 'elapsedTime': 1296.300000011921}",162103670039,2942015602,POINT (0.4152686537693796 0.2145465791712031),,,,,,,,,,,,,,,,,,,,,,,,,,,,1,
0,44,5,"{'x': 797.3158152372089, 'y': 231.7103055048993, 'elapsedTime': 1296.300000011921}",162103686707,2942032269,POINT (0.4152686537693796 0.2145465791712031),,,,,,,,,,,,,,,,,,,,,,,,,,,,1,
0,44,5,"{'x': 797.3158152372089, 'y': 231.7103055048993, 'elapsedTime': 1296.300000011921}",162103703374,2942048936,POINT (0.4152686537693796 0.2145465791712031),,,,,,,,,,,,,,,,,,,,,,,,,,,,1,
0,44,5,"{'x': 820.1979078838771, 'y': 221.77999572856538, 'elapsedTime': 1353}",162103720041,2942065602,POINT (0.427186410356186 0.2053518478968198),,,,,,,,,,,1,,,,,,,,,,,,,,,,,,
0,44,5,"{'x': 820.1979078838771, 'y': 221.77999572856538, 'elapsedTime': 1353}",162103736708,2942082269,POINT (0.427186410356186 0.2053518478968198),,,,,,,,,,,1,,,,,,,,,,,,,,,,,,
0,44,5,"{'x': 820.1979078838771, 'y': 221.77999572856538, 'elapsedTime': 1353}",162103753375,2942098935,POINT (0.427186410356186 0.2053518478968198),,,,,,,,,,,1,,,,,,,,,,,,,,,,,,
0,44,5,"{'x': 820.1979078838771, 'y': 221.77999572856538, 'elapsedTime': 1353}",162103770042,2942115602,POINT (0.427186410356186 0.2053518478968198),,,,,,,,,,,1,,,,,,,,,,,,,,,,,,
0,44,5,"{'x': 851.4547749653467, 'y': 194.96830144719567, 'elapsedTime': 1416.800000011921}",162103786716,2942132275,POINT (0.4434660286277847 0.1805262050436997),,,,,,,,,,,,,,,,,,,,,,,,,,,1,,
0,44,5,"{'x': 851.4547749653467, 'y': 194.96830144719567, 'elapsedTime': 1416.800000011921}",162103803383,2942148941,POINT (0.4434660286277847 0.1805262050436997),,,,,,,,,,,,,,,,,,,,,,,,,,,1,,
0,44,5,"{'x': 851.4547749653467, 'y': 194.96830144719567, 'elapsedTime': 1416.800000011921}",162103820051,2942165608,POINT (0.4434660286277847 0.1805262050436997),,,,,,,,,,,,,,,,,,,,,,,,,,,1,,
0,44,5,"{'x': 851.4547749653467, 'y': 194.96830144719567, 'elapsedTime': 1416.800000011921}",162103836718,2942182275,POINT (0.4434660286277847 0.1805262050436997),,,,,,,,,,,,,,,,,,,,,,,,,,,1,,
0,44,5,"{'x': 883.0799860687126, 'y': 140.41067459320064, 'elapsedTime': 1481.1000000238419}",162103853385,2942198941,POINT (0.4599374927441212 0.1300098838825932),,,,,,,,,,,,,,,,,,,,,,,,,,,,,
0,44,5,"{'x': 883.0799860687126, 'y': 140.41067459320064, 'elapsedTime': 1481.1000000238419}",162103870052,2942215608,POINT (0.4599374927441212 0.1300098838825932),,,,,,,,,,,,,,,,,,,,,,,,,,,,,
0,44,5,"{'x': 883.0799860687126, 'y': 140.41067459320064, 'elapsedTime': 1481.1000000238419}",162103886720,2942232275,POINT (0.4599374927441212 0.1300098838825932),,,,,,,,,,,,,,,,,,,,,,,,,,,,,
0,44,5,"{'x': 851.413397025032, 'y': 157.747229310092, 'elapsedTime': 1542.6000000238419}",162103903386,2942248941,POINT (0.4434444776172042 0.1460622493611963),,,,,,,,,,,,,,,,,,,,,,,,,,,1,,
0,44,5,"{'x': 851.413397025032, 'y': 157.747229310092, 'elapsedTime': 1542.6000000238419}",162103920058,2942265612,POINT (0.4434444776172042 0.1460622493611963),,,,,,,,,,,,,,,,,,,,,,,,,,,1,,
0,44,5,"{'x': 851.413397025032, 'y': 157.747229310092, 'elapsedTime': 1542.6000000238419}",162103936725,2942282279,POINT (0.4434444776172042 0.1460622493611963),,,,,,,,,,,,,,,,,,,,,,,,,,,1,,
0,44,5,"{'x': 851.413397025032, 'y': 157.747229310092, 'elapsedTime': 1542.6000000238419}",162103953392,2942298945,POINT (0.4434444776172042 0.1460622493611963),,,,,,,,,,,,,,,,,,,,,,,,,,,1,,
0,44,5,"{'x': 851.413397025032, 'y': 157.747229310092, 'elapsedTime': 1542.6000000238419}",162103970059,2942315612,POINT (0.4434444776172042 0.1460622493611963),,,,,,,,,,,,,,,,,,,,,,,,,,,1,,
0,44,5,"{'x': 847.7830646658148, 'y': 165.2092870348921, 'elapsedTime': 1605}",162103986728,2942332279,POINT (0.4415536795134452 0.1529715620693445),,,,,,,,,,,,,,,,,,,,,,,,,,,1,,
0,44,5,"{'x': 847.7830646658148, 'y': 165.2092870348921, 'elapsedTime': 1605}",162104003394,2942348945,POINT (0.4415536795134452 0.1529715620693445),,,,,,,,,,,,,,,,,,,,,,,,,,,1,,
0,44,5,"{'x': 847.7830646658148, 'y': 165.2092870348921, 'elapsedTime': 1605}",162104020062,2942365612,POINT (0.4415536795134452 0.1529715620693445),,,,,,,,,,,,,,,,,,,,,,,,,,,1,,
0,44,5,"{'x': 847.7830646658148, 'y': 165.2092870348921, 'elapsedTime': 1605}",162104036733,2942382283,POINT (0.4415536795134452 0.1529715620693445),,,,,,,,,,,,,,,,,,,,,,,,,,,1,,
0,44,5,"{'x': 847.7830646658148, 'y': 165.2092870348921, 'elapsedTime': 1605}",162104053400,2942398949,POINT (0.4415536795134452 0.1529715620693445),,,,,,,,,,,,,,,,,,,,,,,,,,,1,,
0,44,5,"{'x': 847.7830646658148, 'y': 165.2092870348921, 'elapsedTime': 1605}",162104070067,2942415616,POINT (0.4415536795134452 0.1529715620693445),,,,,,,,,,,,,,,,,,,,,,,,,,,1,,
0,44,5,"{'x': 847.7830646658148, 'y': 165.2092870348921, 'elapsedTime': 1605}",162104086735,2942432283,POINT (0.4415536795134452 0.1529715620693445),,,,,,,,,,,,,,,,,,,,,,,,,,,1,,
0,44,5,"{'x': 852.3734286487432, 'y': 147.46148708549464, 'elapsedTime': 1678.1000000238419}",162104103401,2942448949,POINT (0.4439444940878871 0.1365384139680506),,,,,,,,,,,,,,,,,,,,,,,,,,,,,
0,44,5,"{'x': 852.3734286487432, 'y': 147.46148708549464, 'elapsedTime': 1678.1000000238419}",162104120069,2942465616,POINT (0.4439444940878871 0.1365384139680506),,,,,,,,,,,,,,,,,,,,,,,,,,,,,
0,44,5,"{'x': 852.3734286487432, 'y': 147.46148708549464, 'elapsedTime': 1678.1000000238419}",162104136736,2942482283,POINT (0.4439444940878871 0.1365384139680506),,,,,,,,,,,,,,,,,,,,,,,,,,,,,
0,44,5,"{'x': 852.3734286487432, 'y': 147.46148708549464, 'elapsedTime': 1678.1000000238419}",162104153403,2942498949,POINT (0.4439444940878871 0.1365384139680506),,,,,,,,,,,,,,,,,,,,,,,,,,,,,
0,44,5,"{'x': 916.804601038061, 'y': 164.69929211397277, 'elapsedTime': 1802.6000000238419}",162104170073,2942515618,POINT (0.4775023963739901 0.1524993445499748),,,,,,,,,,,,,,,,,,,,,,,,,,,1,,
0,44,5,"{'x': 916.804601038061, 'y': 164.69929211397277, 'elapsedTime': 1802.6000000238419}",162104186740,2942532285,POINT (0.4775023963739901 0.1524993445499748),,,,,,,,,,,,,,,,,,,,,,,,,,,1,,
0,44,5,"{'x': 916.804601038061, 'y': 164.69929211397277, 'elapsedTime': 1802.6000000238419}",162104203407,2942548951,POINT (0.4775023963739901 0.1524993445499748),,,,,,,,,,,,,,,,,,,,,,,,,,,1,,
0,44,5,"{'x': 916.804601038061, 'y': 164.69929211397277, 'elapsedTime': 1802.6000000238419}",162104220074,2942565618,POINT (0.4775023963739901 0.1524993445499748),,,,,,,,,,,,,,,,,,,,,,,,,,,1,,
0,44,5,"{'x': 924.9070290292716, 'y': 187.28222595388473, 'elapsedTime': 1865.7000000178814}",162104236742,2942582285,POINT (0.4817224109527456 0.1734094684758192),,,,,,,,,,,,,,,,,,,,,,,,,,,1,,
0,44,5,"{'x': 924.9070290292716, 'y': 187.28222595388473, 'elapsedTime': 1865.7000000178814}",162104253408,2942598951,POINT (0.4817224109527456 0.1734094684758192),,,,,,,,,,,,,,,,,,,,,,,,,,,1,,
0,44,5,"{'x': 924.9070290292716, 'y': 187.28222595388473, 'elapsedTime': 1865.7000000178814}",162104270076,2942615618,POINT (0.4817224109527456 0.1734094684758192),,,,,,,,,,,,,,,,,,,,,,,,,,,1,,
0,44,5,"{'x': 918.1923506966336, 'y': 208.14409414629725, 'elapsedTime': 1929.9000000059605}",162104286742,2942632284,POINT (0.4782251826544967 0.1927260130984234),,,,,,,,,,,,,,,,,,,,,,,,,,,1,,
0,44,5,"{'x': 918.1923506966336, 'y': 208.14409414629725, 'elapsedTime': 1929.9000000059605}",162104303417,2942648958,POINT (0.4782251826544967 0.1927260130984234),,,,,,,,,,,,,,,,,,,,,,,,,,,1,,
0,44,5,"{'x': 918.1923506966336, 'y': 208.14409414629725, 'elapsedTime': 1929.9000000059605}",162104320085,2942665626,POINT (0.4782251826544967 0.1927260130984234),,,,,,,,,,,,,,,,,,,,,,,,,,,1,,
0,44,5,"{'x': 918.1923506966336, 'y': 208.14409414629725, 'elapsedTime': 1929.9000000059605}",162104336751,2942682291,POINT (0.4782251826544967 0.1927260130984234),,,,,,,,,,,,,,,,,,,,,,,,,,,1,,
0,44,5,"{'x': 907.3682035452522, 'y': 256.4853595688239, 'elapsedTime': 1989.2000000178814}",162104353420,2942698959,POINT (0.4725876060131522 0.2374864440452073),,,,,,,,,,,,,,,,,,,,,,,,,,,1,1,
0,44,5,"{'x': 907.3682035452522, 'y': 256.4853595688239, 'elapsedTime': 1989.2000000178814}",162104370088,2942715626,POINT (0.4725876060131522 0.2374864440452073),,,,,,,,,,,,,,,,,,,,,,,,,,,1,1,
0,44,5,"{'x': 907.3682035452522, 'y': 256.4853595688239, 'elapsedTime': 1989.2000000178814}",162104386754,2942732292,POINT (0.4725876060131522 0.2374864440452073),,,,,,,,,,,,,,,,,,,,,,,,,,,1,1,
0,44,5,"{'x': 907.3682035452522, 'y': 256.4853595688239, 'elapsedTime': 1989.2000000178814}",162104403422,2942748959,POINT (0.4725876060131522 0.2374864440452073),,,,,,,,,,,,,,,,,,,,,,,,,,,1,1,
0,44,5,"{'x': 837.9129740467473, 'y': 281.84420557967644, 'elapsedTime': 2049.5}",162104420089,2942765626,POINT (0.4364130073160142 0.2609668570182189),,,,,,,,,,,,,,,,,,,,,,,,,,,1,1,
0,44,5,"{'x': 837.9129740467473, 'y': 281.84420557967644, 'elapsedTime': 2049.5}",162104436761,2942782297,POINT (0.4364130073160142 0.2609668570182189),,,,,,,,,,,,,,,,,,,,,,,,,,,1,1,
0,44,5,"{'x': 837.9129740467473, 'y': 281.84420557967644, 'elapsedTime': 2049.5}",162104453428,2942798964,POINT (0.4364130073160142 0.2609668570182189),,,,,,,,,,,,,,,,,,,,,,,,,,,1,1,
0,44,5,"{'x': 803.9394092812831, 'y': 282.7379906114915, 'elapsedTime': 2107.800000011921}",162104470096,2942815631,POINT (0.4187184423340016 0.261794435751381),,,,,,,,,,,,,,,,,,,,,,,,,,,1,1,
0,44,5,"{'x': 803.9394092812831, 'y': 282.7379906114915, 'elapsedTime': 2107.800000011921}",162104486761,2942832296,POINT (0.4187184423340016 0.261794435751381),,,,,,,,,,,,,,,,,,,,,,,,,,,1,1,
0,44,5,"{'x': 803.9394092812831, 'y': 282.7379906114915, 'elapsedTime': 2107.800000011921}",162104503430,2942848964,POINT (0.4187184423340016 0.261794435751381),,,,,,,,,,,,,,,,,,,,,,,,,,,1,1,
0,44,5,"{'x': 803.9394092812831, 'y': 282.7379906114915, 'elapsedTime': 2107.800000011921}",162104520096,2942865630,POINT (0.4187184423340016 0.261794435751381),,,,,,,,,,,,,,,,,,,,,,,,,,,1,1,
0,44,5,"{'x': 813.1932933429769, 'y': 295.9854786659194, 'elapsedTime': 2167.300000011921}",162104536764,2942882296,POINT (0.4235381736161338 0.2740606283943698),,,,,,,,,,,,,,,,,,,,,,,,,,,1,1,
0,44,5,"{'x': 813.1932933429769, 'y': 295.9854786659194, 'elapsedTime': 2167.300000011921}",162104553431,2942898963,POINT (0.4235381736161338 0.2740606283943698),,,,,,,,,,,,,,,,,,,,,,,,,,,1,1,
0,44,5,"{'x': 813.1932933429769, 'y': 295.9854786659194, 'elapsedTime': 2167.300000011921}",162104570105,2942915636,POINT (0.4235381736161338 0.2740606283943698),,,,,,,,,,,,,,,,,,,,,,,,,,,1,1,
0,44,5,"{'x': 813.1932933429769, 'y': 295.9854786659194, 'elapsedTime': 2167.300000011921}",162104586771,2942932302,POINT (0.4235381736161338 0.2740606283943698),,,,,,,,,,,,,,,,,,,,,,,,,,,1,1,
0,44,5,"{'x': 790.2617966491179, 'y': 243.67619738452703, 'elapsedTime': 2234.9000000059605}",162104603439,2942948969,POINT (0.4115946857547489 0.2256261086893769),,,,,,,,,,,,,,,,,,,,,,,,,,,,1,
0,44,5,"{'x': 790.2617966491179, 'y': 243.67619738452703, 'elapsedTime': 2234.9000000059605}",162104620106,2942965636,POINT (0.4115946857547489 0.2256261086893769),,,,,,,,,,,,,,,,,,,,,,,,,,,,1,
0,44,5,"{'x': 790.2617966491179, 'y': 243.67619738452703, 'elapsedTime': 2234.9000000059605}",162104636773,2942982302,POINT (0.4115946857547489 0.2256261086893769),,,,,,,,,,,,,,,,,,,,,,,,,,,,1,
0,44,5,"{'x': 790.2617966491179, 'y': 243.67619738452703, 'elapsedTime': 2234.9000000059605}",162104653440,2942998969,POINT (0.4115946857547489 0.2256261086893769),,,,,,,,,,,,,,,,,,,,,,,,,,,,1,
0,44,5,"{'x': 861.382252399328, 'y': 267.01016259346176, 'elapsedTime': 2299.5}",162104670108,2943015636,POINT (0.4486365897913166 0.2472316320309831),,,,,,,,,,,,,,,,,,,,,,,,,,,1,1,
0,44,5,"{'x': 861.382252399328, 'y': 267.01016259346176, 'elapsedTime': 2299.5}",162104686774,2943032302,POINT (0.4486365897913166 0.2472316320309831),,,,,,,,,,,,,,,,,,,,,,,,,,,1,1,
0,44,5,"{'x': 861.382252399328, 'y': 267.01016259346176, 'elapsedTime': 2299.5}",162104703443,2943048970,POINT (0.4486365897913166 0.2472316320309831),,,,,,,,,,,,,,,,,,,,,,,,,,,1,1,
0,44,5,"{'x': 861.382252399328, 'y': 267.01016259346176, 'elapsedTime': 2299.5}",162104720111,2943065637,POINT (0.4486365897913166 0.2472316320309831),,,,,,,,,,,,,,,,,,,,,,,,,,,1,1,
0,44,5,"{'x': 844.1165576641881, 'y': 232.43840613504668, 'elapsedTime': 2363.7000000178814}",162104736778,2943082303,POINT (0.439644040450098 0.2152207464213395),,,,,,,,,,,,,,,,,,,,,,,,,,,,1,
0,44,5,"{'x': 844.1165576641881, 'y': 232.43840613504668, 'elapsedTime': 2363.7000000178814}",162104753445,2943098970,POINT (0.439644040450098 0.2152207464213395),,,,,,,,,,,,,,,,,,,,,,,,,,,,1,
0,44,5,"{'x': 844.1165576641881, 'y': 232.43840613504668, 'elapsedTime': 2363.7000000178814}",162104770113,2943115637,POINT (0.439644040450098 0.2152207464213395),,,,,,,,,,,,,,,,,,,,,,,,,,,,1,
0,44,5,"{'x': 844.1165576641881, 'y': 232.43840613504668, 'elapsedTime': 2363.7000000178814}",162104786779,2943132303,POINT (0.439644040450098 0.2152207464213395),,,,,,,,,,,,,,,,,,,,,,,,,,,,1,
0,44,5,"{'x': 782.1853197970904, 'y': 204.62464428552238, 'elapsedTime': 2437.100000023842}",162104803447,2943148970,POINT (0.4073881873943179 0.1894672632273355),,,,,,,,,,,,,,,,,,,,,,,,,,,1,,
0,44,5,"{'x': 782.1853197970904, 'y': 204.62464428552238, 'elapsedTime': 2437.100000023842}",162104820113,2943165636,POINT (0.4073881873943179 0.1894672632273355),,,,,,,,,,,,,,,,,,,,,,,,,,,1,,
0,44,5,"{'x': 782.1853197970904, 'y': 204.62464428552238, 'elapsedTime': 2437.100000023842}",162104836788,2943182310,POINT (0.4073881873943179 0.1894672632273355),,,,,,,,,,,,,,,,,,,,,,,,,,,1,,
0,44,5,"{'x': 782.1853197970904, 'y': 204.62464428552238, 'elapsedTime': 2437.100000023842}",162104853455,2943198977,POINT (0.4073881873943179 0.1894672632273355),,,,,,,,,,,,,,,,,,,,,,,,,,,1,,
0,44,5,"{'x': 719.0143464618548, 'y': 202.02740951400176, 'elapsedTime': 2498.800000011921}",162104870122,2943215643,POINT (0.374486638782216 0.1870624162166683),,,,,,,,,,,,,,,,,,,,,,,,,,,,,
0,44,5,"{'x': 719.0143464618548, 'y': 202.02740951400176, 'elapsedTime': 2498.800000011921}",162104886789,2943232310,POINT (0.374486638782216 0.1870624162166683),,,,,,,,,,,,,,,,,,,,,,,,,,,,,
0,44,5,"{'x': 719.0143464618548, 'y': 202.02740951400176, 'elapsedTime': 2498.800000011921}",162104903457,2943248977,POINT (0.374486638782216 0.1870624162166683),,,,,,,,,,,,,,,,,,,,,,,,,,,,,
0,44,5,"{'x': 665.8378291738304, 'y': 243.27507366678412, 'elapsedTime': 2559.7000000178814}",162104920124,2943265643,POINT (0.3467905360280367 0.2252546978396149),,,,,,,,,,,,,,,,,,,,,,,,,,,,1,
0,44,5,"{'x': 665.8378291738304, 'y': 243.27507366678412, 'elapsedTime': 2559.7000000178814}",162104936791,2943282310,POINT (0.3467905360280367 0.2252546978396149),,,,,,,,,,,,,,,,,,,,,,,,,,,,1,
0,44,5,"{'x': 665.8378291738304, 'y': 243.27507366678412, 'elapsedTime': 2559.7000000178814}",162104953467,2943298985,POINT (0.3467905360280367 0.2252546978396149),,,,,,,,,,,,,,,,,,,,,,,,,,,,1,
0,44,5,"{'x': 665.8378291738304, 'y': 243.27507366678412, 'elapsedTime': 2559.7000000178814}",162104970133,2943315651,POINT (0.3467905360280367 0.2252546978396149),,,,,,,,,,,,,,,,,,,,,,,,,,,,1,
0,44,5,"{'x': 670.2670948210653, 'y': 289.279656810007, 'elapsedTime': 2625.2000000178814}",162104986801,2943332318,POINT (0.3490974452193048 0.2678515340833398),,,,,,,,,,,,,,,,,,,,,,,,,,,1,1,
0,44,5,"{'x': 670.2670948210653, 'y': 289.279656810007, 'elapsedTime': 2625.2000000178814}",162105003469,2943348985,POINT (0.3490974452193048 0.2678515340833398),,,,,,,,,,,,,,,,,,,,,,,,,,,1,1,
0,44,5,"{'x': 670.2670948210653, 'y': 289.279656810007, 'elapsedTime': 2625.2000000178814}",162105020135,2943365651,POINT (0.3490974452193048 0.2678515340833398),,,,,,,,,,,,,,,,,,,,,,,,,,,1,1,
0,44,5,"{'x': 670.2670948210653, 'y': 289.279656810007, 'elapsedTime': 2625.2000000178814}",162105036803,2943382318,POINT (0.3490974452193048 0.2678515340833398),,,,,,,,,,,,,,,,,,,,,,,,,,,1,1,
0,44,5,"{'x': 670.2670948210653, 'y': 289.279656810007, 'elapsedTime': 2625.2000000178814}",162105053470,2943398985,POINT (0.3490974452193048 0.2678515340833398),,,,,,,,,,,,,,,,,,,,,,,,,,,1,1,
0,44,5,"{'x': 662.2893827106282, 'y': 345.5820561936009, 'elapsedTime': 2689.2000000178814}",162105070137,2943415651,POINT (0.3449423868284522 0.3199833853644453),,,,,,,,,,,,,,,,,,1,,,,,,,,,,,
0,44,5,"{'x': 662.2893827106282, 'y': 345.5820561936009, 'elapsedTime': 2689.2000000178814}",162105086807,2943432320,POINT (0.3449423868284522 0.3199833853644453),,,,,,,,,,,,,,,,,,1,,,,,,,,,,,
0,44,5,"{'x': 662.2893827106282, 'y': 345.5820561936009, 'elapsedTime': 2689.2000000178814}",162105103474,2943448987,POINT (0.3449423868284522 0.3199833853644453),,,,,,,,,,,,,,,,,,1,,,,,,,,,,,
0,44,5,"{'x': 662.2893827106282, 'y': 345.5820561936009, 'elapsedTime': 2689.2000000178814}",162105120141,2943465653,POINT (0.3449423868284522 0.3199833853644453),,,,,,,,,,,,,,,,,,1,,,,,,,,,,,
0,44,5,"{'x': 676.5636052219811, 'y': 399.6634171403682, 'elapsedTime': 2760.5}",162105136808,2943482320,POINT (0.3523768777197818 0.370058719574415),,,,,,,,,,,,,,,,,,,,,,,,,,,,,
0,44,5,"{'x': 676.5636052219811, 'y': 399.6634171403682, 'elapsedTime': 2760.5}",162105153476,2943498987,POINT (0.3523768777197818 0.370058719574415),,,,,,,,,,,,,,,,,,,,,,,,,,,,,
0,44,5,"{'x': 676.5636052219811, 'y': 399.6634171403682, 'elapsedTime': 2760.5}",162105170143,2943515653,POINT (0.3523768777197818 0.370058719574415),,,,,,,,,,,,,,,,,,,,,,,,,,,,,
0,44,5,"{'x': 676.5636052219811, 'y': 399.6634171403682, 'elapsedTime': 2760.5}",162105186810,2943532320,POINT (0.3523768777197818 0.370058719574415),,,,,,,,,,,,,,,,,,,,,,,,,,,,,
0,44,5,"{'x': 675.0470990267884, 'y': 355.76528908353316, 'elapsedTime': 2829.2000000178814}",162105203478,2943548987,POINT (0.3515870307431189 0.3294123047069751),,,,,,,,,,,,,,,,,,,,,,,,,,,,,
0,44,5,"{'x': 675.0470990267884, 'y': 355.76528908353316, 'elapsedTime': 2829.2000000178814}",162105220149,2943565658,POINT (0.3515870307431189 0.3294123047069751),,,,,,,,,,,,,,,,,,,,,,,,,,,,,
0,44,5,"{'x': 675.0470990267884, 'y': 355.76528908353316, 'elapsedTime': 2829.2000000178814}",162105236817,2943582325,POINT (0.3515870307431189 0.3294123047069751),,,,,,,,,,,,,,,,,,,,,,,,,,,,,
0,44,5,"{'x': 759.8321888629617, 'y': 368.4563429956731, 'elapsedTime': 2892.100000023842}",162105253484,2943598992,POINT (0.3957459316994593 0.3411632805515492),,,,,,,,,,,,,,,,,,,,,,,,,,,,,
0,44,5,"{'x': 759.8321888629617, 'y': 368.4563429956731, 'elapsedTime': 2892.100000023842}",162105270151,2943615658,POINT (0.3957459316994593 0.3411632805515492),,,,,,,,,,,,,,,,,,,,,,,,,,,,,
0,44,5,"{'x': 759.8321888629617, 'y': 368.4563429956731, 'elapsedTime': 2892.100000023842}",162105286819,2943632325,POINT (0.3957459316994593 0.3411632805515492),,,,,,,,,,,,,,,,,,,,,,,,,,,,,
0,44,5,"{'x': 759.8321888629617, 'y': 368.4563429956731, 'elapsedTime': 2892.100000023842}",162105303486,2943648992,POINT (0.3957459316994593 0.3411632805515492),,,,,,,,,,,,,,,,,,,,,,,,,,,,,
0,44,5,"{'x': 729.3749459986632, 'y': 359.16222647129433, 'elapsedTime': 2955}",162105320153,2943665658,POINT (0.3798827843743037 0.3325576171030503),,,,,,,,,,,,,,,,,,,,,,,,,,,,,
0,44,5,"{'x': 729.3749459986632, 'y': 359.16222647129433, 'elapsedTime': 2955}",162105336820,2943682325,POINT (0.3798827843743037 0.3325576171030503),,,,,,,,,,,,,,,,,,,,,,,,,,,,,
0,44,5,"{'x': 729.3749459986632, 'y': 359.16222647129433, 'elapsedTime': 2955}",162105353492,2943698996,POINT (0.3798827843743037 0.3325576171030503),,,,,,,,,,,,,,,,,,,,,,,,,,,,,
0,44,5,"{'x': 729.3749459986632, 'y': 359.16222647129433, 'elapsedTime': 2955}",162105370160,2943715663,POINT (0.3798827843743037 0.3325576171030503),,,,,,,,,,,,,,,,,,,,,,,,,,,,,
0,44,5,"{'x': 693.306665824667, 'y': 386.37445617066624, 'elapsedTime': 3019.2000000178814}",162105386827,2943732330,POINT (0.3610972217836807 0.3577541260839502),,,,,,,,,,,,,,,,,,,,,,,,,,,,,
0,44,5,"{'x': 693.306665824667, 'y': 386.37445617066624, 'elapsedTime': 3019.2000000178814}",162105403494,2943748996,POINT (0.3610972217836807 0.3577541260839502),,,,,,,,,,,,,,,,,,,,,,,,,,,,,
0,44,5,"{'x': 693.306665824667, 'y': 386.37445617066624, 'elapsedTime': 3019.2000000178814}",162105420161,2943765663,POINT (0.3610972217836807 0.3577541260839502),,,,,,,,,,,,,,,,,,,,,,,,,,,,,
0,44,5,"{'x': 693.306665824667, 'y': 386.37445617066624, 'elapsedTime': 3019.2000000178814}",162105436829,2943782330,POINT (0.3610972217836807 0.3577541260839502),,,,,,,,,,,,,,,,,,,,,,,,,,,,,
0,44,5,"{'x': 693.306665824667, 'y': 386.37445617066624, 'elapsedTime': 3019.2000000178814}",162105453495,2943798996,POINT (0.3610972217836807 0.3577541260839502),,,,,,,,,,,,,,,,,,,,,,,,,,,,,
0,44,5,"{'x': 689.6995689709263, 'y': 402.3087102829838, 'elapsedTime': 3086.300000011921}",162105470163,2943815663,POINT (0.3592185255056908 0.3725080650768368),,,,,,,,,,,,,,,,,,,,,,,,,,,,,
0,44,5,"{'x': 689.6995689709263, 'y': 402.3087102829838, 'elapsedTime': 3086.300000011921}",162105486834,2943832334,POINT (0.3592185255056908 0.3725080650768368),,,,,,,,,,,,,,,,,,,,,,,,,,,,,
0,44,5,"{'x': 689.6995689709263, 'y': 402.3087102829838, 'elapsedTime': 3086.300000011921}",162105503501,2943849000,POINT (0.3592185255056908 0.3725080650768368),,,,,,,,,,,,,,,,,,,,,,,,,,,,,
0,44,5,"{'x': 731.2947385812939, 'y': 461.7247925931023, 'elapsedTime': 3148.5}",162105520168,2943865667,POINT (0.3808826763444239 0.4275229561047244),,,,,,,,,,,,,,,,,,,,,,,,,,,,,
0,44,5,"{'x': 731.2947385812939, 'y': 461.7247925931023, 'elapsedTime': 3148.5}",162105536837,2943882334,POINT (0.3808826763444239 0.4275229561047244),,,,,,,,,,,,,,,,,,,,,,,,,,,,,
0,44,5,"{'x': 731.2947385812939, 'y': 461.7247925931023, 'elapsedTime': 3148.5}",162105553503,2943899000,POINT (0.3808826763444239 0.4275229561047244),,,,,,,,,,,,,,,,,,,,,,,,,,,,,
0,44,5,"{'x': 731.2947385812939, 'y': 461.7247925931023, 'elapsedTime': 3148.5}",162105570171,2943915667,POINT (0.3808826763444239 0.4275229561047244),,,,,,,,,,,,,,,,,,,,,,,,,,,,,
0,44,5,"{'x': 688.2631181277759, 'y': 447.5757993181485, 'elapsedTime': 3219.600000023842}",162105586838,2943932334,POINT (0.3584703740248833 0.414422036405693),,,,,,,,,,,,,,,,,,,,,,,,,,,,,
0,44,5,"{'x': 688.2631181277759, 'y': 447.5757993181485, 'elapsedTime': 3219.600000023842}",162105603505,2943949000,POINT (0.3584703740248833 0.414422036405693),,,,,,,,,,,,,,,,,,,,,,,,,,,,,
0,44,5,"{'x': 688.2631181277759, 'y': 447.5757993181485, 'elapsedTime': 3219.600000023842}",162105620175,2943965670,POINT (0.3584703740248833 0.414422036405693),,,,,,,,,,,,,,,,,,,,,,,,,,,,,
0,44,5,"{'x': 653.8847298324584, 'y': 413.53039255771006, 'elapsedTime': 3279.9000000059605}",162105636843,2943982337,POINT (0.3405649634544055 0.3828985116275093),,,,,,,,,,,,,,,,,,,,,,,,,,,,,
0,44,5,"{'x': 653.8847298324584, 'y': 413.53039255771006, 'elapsedTime': 3279.9000000059605}",162105653509,2943999003,POINT (0.3405649634544055 0.3828985116275093),,,,,,,,,,,,,,,,,,,,,,,,,,,,,
0,44,5,"{'x': 653.8847298324584, 'y': 413.53039255771006, 'elapsedTime': 3279.9000000059605}",162105670177,2944015670,POINT (0.3405649634544055 0.3828985116275093),,,,,,,,,,,,,,,,,,,,,,,,,,,,,
0,44,5,"{'x': 653.8847298324584, 'y': 413.53039255771006, 'elapsedTime': 3279.9000000059605}",162105686844,2944032337,POINT (0.3405649634544055 0.3828985116275093),,,,,,,,,,,,,,,,,,,,,,,,,,,,,
0,44,5,"{'x': 653.8847298324584, 'y': 413.53039255771006, 'elapsedTime': 3279.9000000059605}",162105703512,2944049003,POINT (0.3405649634544055 0.3828985116275093),,,,,,,,,,,,,,,,,,,,,,,,,,,,,
0,44,5,"{'x': 661.3762339781838, 'y': 417.30951443637167, 'elapsedTime': 3343}",162105720179,2944065670,POINT (0.344466788530304 0.386397698552196),,,,,,,,,,,,,,,,,,,,,,,,,,,,,
0,44,5,"{'x': 661.3762339781838, 'y': 417.30951443637167, 'elapsedTime': 3343}",162105736846,2944082337,POINT (0.344466788530304 0.386397698552196),,,,,,,,,,,,,,,,,,,,,,,,,,,,,
0,44,5,"{'x': 661.3762339781838, 'y': 417.30951443637167, 'elapsedTime': 3343}",162105753520,2944099010,POINT (0.344466788530304 0.386397698552196),,,,,,,,,,,,,,,,,,,,,,,,,,,,,
0,44,5,"{'x': 661.3762339781838, 'y': 417.30951443637167, 'elapsedTime': 3343}",162105770187,2944115677,POINT (0.344466788530304 0.386397698552196),,,,,,,,,,,,,,,,,,,,,,,,,,,,,
0,44,5,"{'x': 626.4350191019037, 'y': 434.95016075205007, 'elapsedTime': 3414.100000023842}",162105786855,2944132344,POINT (0.3262682391155748 0.4027316303259723),,,,,,,,,,,,,,,,,,,,,,,,,,,,,
0,44,5,"{'x': 626.4350191019037, 'y': 434.95016075205007, 'elapsedTime': 3414.100000023842}",162105803521,2944149010,POINT (0.3262682391155748 0.4027316303259723),,,,,,,,,,,,,,,,,,,,,,,,,,,,,
0,44,5,"{'x': 626.4350191019037, 'y': 434.95016075205007, 'elapsedTime': 3414.100000023842}",162105820189,2944165677,POINT (0.3262682391155748 0.4027316303259723),,,,,,,,,,,,,,,,,,,,,,,,,,,,,
0,44,5,"{'x': 626.4350191019037, 'y': 434.95016075205007, 'elapsedTime': 3414.100000023842}",162105836857,2944182344,POINT (0.3262682391155748 0.4027316303259723),,,,,,,,,,,,,,,,,,,,,,,,,,,,,
0,44,5,"{'x': 639.6676478851297, 'y': 408.67686258819816, 'elapsedTime': 3480}",162105853523,2944199010,POINT (0.333160233273505 0.3784045023964798),,,,,,,,,,,,,,,,,,,,,,,,,,,,,
0,44,5,"{'x': 639.6676478851297, 'y': 408.67686258819816, 'elapsedTime': 3480}",162105870191,2944215677,POINT (0.333160233273505 0.3784045023964798),,,,,,,,,,,,,,,,,,,,,,,,,,,,,
0,44,5,"{'x': 639.6676478851297, 'y': 408.67686258819816, 'elapsedTime': 3480}",162105886861,2944232346,POINT (0.333160233273505 0.3784045023964798),,,,,,,,,,,,,,,,,,,,,,,,,,,,,
0,44,5,"{'x': 639.6676478851297, 'y': 408.67686258819816, 'elapsedTime': 3480}",162105903528,2944249013,POINT (0.333160233273505 0.3784045023964798),,,,,,,,,,,,,,,,,,,,,,,,,,,,,
0,44,5,"{'x': 639.6676478851297, 'y': 408.67686258819816, 'elapsedTime': 3480}",162105920196,2944265680,POINT (0.333160233273505 0.3784045023964798),,,,,,,,,,,,,,,,,,,,,,,,,,,,,
0,44,5,"{'x': 639.6676478851297, 'y': 408.67686258819816, 'elapsedTime': 3480}",162105936862,2944282346,POINT (0.333160233273505 0.3784045023964798),,,,,,,,,,,,,,,,,,,,,,,,,,,,,
0,44,5,"{'x': 629.4148269082241, 'y': 380.99894651534777, 'elapsedTime': 3555.2000000178814}",162105953530,2944299013,POINT (0.3278202223480334 0.3527768023290257),,,,,,,,,,,,,,,,,,,,,,,,,,,,,
0,44,5,"{'x': 629.4148269082241, 'y': 380.99894651534777, 'elapsedTime': 3555.2000000178814}",162105970197,2944315680,POINT (0.3278202223480334 0.3527768023290257),,,,,,,,,,,,,,,,,,,,,,,,,,,,,
0,44,5,"{'x': 629.4148269082241, 'y': 380.99894651534777, 'elapsedTime': 3555.2000000178814}",162105986864,2944332346,POINT (0.3278202223480334 0.3527768023290257),,,,,,,,,,,,,,,,,,,,,,,,,,,,,
0,44,5,"{'x': 629.4148269082241, 'y': 380.99894651534777, 'elapsedTime': 3555.2000000178814}",162106003536,2944349018,POINT (0.3278202223480334 0.3527768023290257),,,,,,,,,,,,,,,,,,,,,,,,,,,,,
0,44,5,"{'x': 629.4148269082241, 'y': 380.99894651534777, 'elapsedTime': 3555.2000000178814}",162106020204,2944365685,POINT (0.3278202223480334 0.3527768023290257),,,,,,,,,,,,,,,,,,,,,,,,,,,,,
0,44,5,"{'x': 693.0025355221984, 'y': 420.23235784591054, 'elapsedTime': 3648}",162106036870,2944382351,POINT (0.3609388205844784 0.3891040350425098),,,,,,,,,,,,,,,,,,,,,,,,,,,,,
0,44,5,"{'x': 693.0025355221984, 'y': 420.23235784591054, 'elapsedTime': 3648}",162106053538,2944399018,POINT (0.3609388205844784 0.3891040350425098),,,,,,,,,,,,,,,,,,,,,,,,,,,,,
0,44,5,"{'x': 693.0025355221984, 'y': 420.23235784591054, 'elapsedTime': 3648}",162106070206,2944415685,POINT (0.3609388205844784 0.3891040350425098),,,,,,,,,,,,,,,,,,,,,,,,,,,,,
0,44,5,"{'x': 738.2697612966024, 'y': 445.93390619410775, 'elapsedTime': 3719.600000023842}",162106086873,2944432351,POINT (0.3845155006753138 0.4129017649945442),,,,,,,,,,,,,,,,,,,,,,,,,,,,,
0,44,5,"{'x': 738.2697612966024, 'y': 445.93390619410775, 'elapsedTime': 3719.600000023842}",162106103540,2944449018,POINT (0.3845155006753138 0.4129017649945442),,,,,,,,,,,,,,,,,,,,,,,,,,,,,
0,44,5,"{'x': 738.2697612966024, 'y': 445.93390619410775, 'elapsedTime': 3719.600000023842}",162106120208,2944465685,POINT (0.3845155006753138 0.4129017649945442),,,,,,,,,,,,,,,,,,,,,,,,,,,,,
0,44,5,"{'x': 738.2697612966024, 'y': 445.93390619410775, 'elapsedTime': 3719.600000023842}",162106136878,2944482355,POINT (0.3845155006753138 0.4129017649945442),,,,,,,,,,,,,,,,,,,,,,,,,,,,,
0,44,5,"{'x': 743.9807026792126, 'y': 473.3090232373805, 'elapsedTime': 3780.100000023842}",162106153546,2944499022,POINT (0.3874899493120899 0.4382490955901671),,,,,,,,,,,,,,,,,,,,,,,,,,,,,
0,44,5,"{'x': 743.9807026792126, 'y': 473.3090232373805, 'elapsedTime': 3780.100000023842}",162106170213,2944515689,POINT (0.3874899493120899 0.4382490955901671),,,,,,,,,,,,,,,,,,,,,,,,,,,,,
0,44,5,"{'x': 743.9807026792126, 'y': 473.3090232373805, 'elapsedTime': 3780.100000023842}",162106186880,2944532355,POINT (0.3874899493120899 0.4382490955901671),,,,,,,,,,,,,,,,,,,,,,,,,,,,,
0,44,5,"{'x': 743.9807026792126, 'y': 473.3090232373805, 'elapsedTime': 3780.100000023842}",162106203547,2944549022,POINT (0.3874899493120899 0.4382490955901671),,,,,,,,,,,,,,,,,,,,,,,,,,,,,
0,44,5,"{'x': 763.7666654225512, 'y': 493.63277554441896, 'elapsedTime': 3851.7000000178814}",162106220215,2944565689,POINT (0.3977951382409121 0.4570673847633509),,,,,,,,,,,,,,,,,,,,,,,,,,,,,
0,44,5,"{'x': 763.7666654225512, 'y': 493.63277554441896, 'elapsedTime': 3851.7000000178814}",162106236882,2944582355,POINT (0.3977951382409121 0.4570673847633509),,,,,,,,,,,,,,,,,,,,,,,,,,,,,
0,44,5,"{'x': 763.7666654225512, 'y': 493.63277554441896, 'elapsedTime': 3851.7000000178814}",162106253550,2944599022,POINT (0.3977951382409121 0.4570673847633509),,,,,,,,,,,,,,,,,,,,,,,,,,,,,
0,44,5,"{'x': 763.7666654225512, 'y': 493.63277554441896, 'elapsedTime': 3851.7000000178814}",162106270223,2944615695,POINT (0.3977951382409121 0.4570673847633509),,,,,,,,,,,,,,,,,,,,,,,,,,,,,
0,44,5,"{'x': 850.0163714363146, 'y': 552.9067586278713, 'elapsedTime': 3917.100000023842}",162106286890,2944632361,POINT (0.4427168601230805 0.5119507024332142),,,,,,,,,,,,,,,,,,,,,,,,,,,,1,
0,44,5,"{'x': 850.0163714363146, 'y': 552.9067586278713, 'elapsedTime': 3917.100000023842}",162106303557,2944649028,POINT (0.4427168601230805 0.5119507024332142),,,,,,,,,,,,,,,,,,,,,,,,,,,,1,
0,44,5,"{'x': 850.0163714363146, 'y': 552.9067586278713, 'elapsedTime': 3917.100000023842}",162106320225,2944665695,POINT (0.4427168601230805 0.5119507024332142),,,,,,,,,,,,,,,,,,,,,,,,,,,,1,
0,44,5,"{'x': 900.1881338742642, 'y': 585.7150773674825, 'elapsedTime': 3980.9000000059605}",162106336891,2944682361,POINT (0.4688479863928459 0.5423287753402616),,,,,,,,,,,,,,,,,,,,,,,,,,,,1,
0,44,5,"{'x': 900.1881338742642, 'y': 585.7150773674825, 'elapsedTime': 3980.9000000059605}",162106353559,2944699028,POINT (0.4688479863928459 0.5423287753402616),,,,,,,,,,,,,,,,,,,,,,,,,,,,1,
0,44,5,"{'x': 900.1881338742642, 'y': 585.7150773674825, 'elapsedTime': 3980.9000000059605}",162106370226,2944715695,POINT (0.4688479863928459 0.5423287753402616),,,,,,,,,,,,,,,,,,,,,,,,,,,,1,
0,44,5,"{'x': 900.1881338742642, 'y': 585.7150773674825, 'elapsedTime': 3980.9000000059605}",162106386893,2944732361,POINT (0.4688479863928459 0.5423287753402616),,,,,,,,,,,,,,,,,,,,,,,,,,,,1,
0,44,5,"{'x': 876.5305898178773, 'y': 588.4220285955237, 'elapsedTime': 4042.300000011921}",162106403577,2944749045,POINT (0.4565263488634778 0.5448352116625219),,,,,,,,,,,,,,,,,,,,,,,,,,,,1,
0,44,5,"{'x': 876.5305898178773, 'y': 588.4220285955237, 'elapsedTime': 4042.300000011921}",162106420245,2944765711,POINT (0.4565263488634778 0.5448352116625219),,,,,,,,,,,,,,,,,,,,,,,,,,,,1,
0,44,5,"{'x': 876.5305898178773, 'y': 588.4220285955237, 'elapsedTime': 4042.300000011921}",162106436912,2944782378,POINT (0.4565263488634778 0.5448352116625219),,,,,,,,,,,,,,,,,,,,,,,,,,,,1,
0,44,5,"{'x': 876.5305898178773, 'y': 588.4220285955237, 'elapsedTime': 4042.300000011921}",162106453580,2944799045,POINT (0.4565263488634778 0.5448352116625219),,,,,,,,,,,,,,,,,,,,,,,,,,,,1,
0,44,5,"{'x': 876.527086003912, 'y': 553.5332275801052, 'elapsedTime': 4101.300000011921}",162106470246,2944815711,POINT (0.4565245239603708 0.5125307662778752),,,,,,,,,,,,,,,,,,,,,,,,,,,,1,
0,44,5,"{'x': 876.527086003912, 'y': 553.5332275801052, 'elapsedTime': 4101.300000011921}",162106486914,2944832378,POINT (0.4565245239603708 0.5125307662778752),,,,,,,,,,,,,,,,,,,,,,,,,,,,1,
0,44,5,"{'x': 876.527086003912, 'y': 553.5332275801052, 'elapsedTime': 4101.300000011921}",162106503581,2944849045,POINT (0.4565245239603708 0.5125307662778752),,,,,,,,,,,,,,,,,,,,,,,,,,,,1,
0,44,5,"{'x': 875.4895848658401, 'y': 578.3425341236998, 'elapsedTime': 4162.100000023842}",162106520248,2944865711,POINT (0.4559841587842917 0.5355023464108332),,,,,,,,,,,,,,,,,,,,,,,,,,,,1,
0,44,5,"{'x': 875.4895848658401, 'y': 578.3425341236998, 'elapsedTime': 4162.100000023842}",162106536906,2944882369,POINT (0.4559841587842917 0.5355023464108332),,,,,,,,,,,,,,,,,,,,,,,,,,,,1,
0,44,5,"{'x': 875.4895848658401, 'y': 578.3425341236998, 'elapsedTime': 4162.100000023842}",162106553574,2944899036,POINT (0.4559841587842917 0.5355023464108332),,,,,,,,,,,,,,,,,,,,,,,,,,,,1,
0,44,5,"{'x': 875.4895848658401, 'y': 578.3425341236998, 'elapsedTime': 4162.100000023842}",162106570240,2944915702,POINT (0.4559841587842917 0.5355023464108332),,,,,,,,,,,,,,,,,,,,,,,,,,,,1,
0,44,5,"{'x': 875.4587226748436, 'y': 524.9865740152355, 'elapsedTime': 4220.800000011921}",162106586908,2944932369,POINT (0.455968084726481 0.4860986796437366),,,,,,,,,,,,,,,,,,,,,,,,,,,,1,
0,44,5,"{'x': 875.4587226748436, 'y': 524.9865740152355, 'elapsedTime': 4220.800000011921}",162106603576,2944949036,POINT (0.455968084726481 0.4860986796437366),,,,,,,,,,,,,,,,,,,,,,,,,,,,1,
0,44,5,"{'x': 875.4587226748436, 'y': 524.9865740152355, 'elapsedTime': 4220.800000011921}",162106620243,2944965702,POINT (0.455968084726481 0.4860986796437366),,,,,,,,,,,,,,,,,,,,,,,,,,,,1,
0,44,5,"{'x': 875.4587226748436, 'y': 524.9865740152355, 'elapsedTime': 4220.800000011921}",162106636910,2944982369,POINT (0.455968084726481 0.4860986796437366),,,,,,,,,,,,,,,,,,,,,,,,,,,,1,
0,44,5,"{'x': 927.6052472545994, 'y': 519.0533515187478, 'elapsedTime': 4280.800000011921}",162106653578,2944999036,POINT (0.4831277329451039 0.4806049551099517),,,,,,,,,,,,,,,,,,,,,,,,,,,,1,
0,44,5,"{'x': 927.6052472545994, 'y': 519.0533515187478, 'elapsedTime': 4280.800000011921}",162106670248,2945015706,POINT (0.4831277329451039 0.4806049551099517),,,,,,,,,,,,,,,,,,,,,,,,,,,,1,
0,44,5,"{'x': 927.6052472545994, 'y': 519.0533515187478, 'elapsedTime': 4280.800000011921}",162106686916,2945032373,POINT (0.4831277329451039 0.4806049551099517),,,,,,,,,,,,,,,,,,,,,,,,,,,,1,
0,44,5,"{'x': 933.2502355484846, 'y': 546.1737763773507, 'elapsedTime': 4342.9000000059605}",162106703583,2945049040,POINT (0.4860678310148358 0.5057164596086581),,,,,,,,,,,,,,,,,,,,,,,,,,,,1,
0,44,5,"{'x': 933.2502355484846, 'y': 546.1737763773507, 'elapsedTime': 4342.9000000059605}",162106720250,2945065706,POINT (0.4860678310148358 0.5057164596086581),,,,,,,,,,,,,,,,,,,,,,,,,,,,1,
0,44,5,"{'x': 933.2502355484846, 'y': 546.1737763773507, 'elapsedTime': 4342.9000000059605}",162106736917,2945082373,POINT (0.4860678310148358 0.5057164596086581),,,,,,,,,,,,,,,,,,,,,,,,,,,,1,
0,44,5,"{'x': 933.2502355484846, 'y': 546.1737763773507, 'elapsedTime': 4342.9000000059605}",162106753585,2945099040,POINT (0.4860678310148358 0.5057164596086581),,,,,,,,,,,,,,,,,,,,,,,,,,,,1,
0,44,5,"{'x': 933.2502355484846, 'y': 546.1737763773507, 'elapsedTime': 4342.9000000059605}",162106770251,2945115706,POINT (0.4860678310148358 0.5057164596086581),,,,,,,,,,,,,,,,,,,,,,,,,,,,1,
0,44,5,"{'x': 933.2502355484846, 'y': 546.1737763773507, 'elapsedTime': 4342.9000000059605}",162106786919,2945132373,POINT (0.4860678310148358 0.5057164596086581),,,,,,,,,,,,,,,,,,,,,,,,,,,,1,
0,44,5,"{'x': 933.2502355484846, 'y': 546.1737763773507, 'elapsedTime': 4342.9000000059605}",162106803594,2945149047,POINT (0.4860678310148358 0.5057164596086581),,,,,,,,,,,,,,,,,,,,,,,,,,,,1,
0,44,5,"{'x': 905.2162462978745, 'y': 543.4332176335832, 'elapsedTime': 4402}",162106820261,2945165713,POINT (0.4714667949468096 0.5031789052162807),,,,,,,,,,,,,,,,,,,,,,,,,,,,1,
0,44,5,"{'x': 905.2162462978745, 'y': 543.4332176335832, 'elapsedTime': 4402}",162106836928,2945182380,POINT (0.4714667949468096 0.5031789052162807),,,,,,,,,,,,,,,,,,,,,,,,,,,,1,
0,44,5,"{'x': 905.2162462978745, 'y': 543.4332176335832, 'elapsedTime': 4402}",162106853596,2945199047,POINT (0.4714667949468096 0.5031789052162807),,,,,,,,,,,,,,,,,,,,,,,,,,,,1,
0,44,5,"{'x': 905.2162462978745, 'y': 543.4332176335832, 'elapsedTime': 4402}",162106870262,2945215713,POINT (0.4714667949468096 0.5031789052162807),,,,,,,,,,,,,,,,,,,,,,,,,,,,1,
0,44,5,"{'x': 905.2162462978745, 'y': 543.4332176335832, 'elapsedTime': 4402}",162106886930,2945232380,POINT (0.4714667949468096 0.5031789052162807),,,,,,,,,,,,,,,,,,,,,,,,,,,,1,
0,44,5,"{'x': 822.3179423926529, 'y': 472.9954124199441, 'elapsedTime': 4517.4000000059605}",162106903597,2945249047,POINT (0.4282905949961734 0.4379587152036519),,,,,,,,,,,,,,,,,,,,,,,,,,,,,
0,44,5,"{'x': 822.3179423926529, 'y': 472.9954124199441, 'elapsedTime': 4517.4000000059605}",162106920267,2945265716,POINT (0.4282905949961734 0.4379587152036519),,,,,,,,,,,,,,,,,,,,,,,,,,,,,
0,44,5,"{'x': 822.3179423926529, 'y': 472.9954124199441, 'elapsedTime': 4517.4000000059605}",162106936934,2945282383,POINT (0.4282905949961734 0.4379587152036519),,,,,,,,,,,,,,,,,,,,,,,,,,,,,
0,44,5,"{'x': 822.3179423926529, 'y': 472.9954124199441, 'elapsedTime': 4517.4000000059605}",162106953601,2945299049,POINT (0.4282905949961734 0.4379587152036519),,,,,,,,,,,,,,,,,,,,,,,,,,,,,
0,44,5,"{'x': 786.1717732743771, 'y': 424.18620595046133, 'elapsedTime': 4610.300000011921}",162106970269,2945315716,POINT (0.4094644652470714 0.3927650055096864),,,,,,,,,,,,,,,,,,,,,,,,,,,,,
0,44,5,"{'x': 786.1717732743771, 'y': 424.18620595046133, 'elapsedTime': 4610.300000011921}",162106986937,2945332383,POINT (0.4094644652470714 0.3927650055096864),,,,,,,,,,,,,,,,,,,,,,,,,,,,,
0,44,5,"{'x': 786.1717732743771, 'y': 424.18620595046133, 'elapsedTime': 4610.300000011921}",162107003603,2945349049,POINT (0.4094644652470714 0.3927650055096864),,,,,,,,,,,,,,,,,,,,,,,,,,,,,
0,44,5,"{'x': 805.7195026988783, 'y': 445.7980827446997, 'elapsedTime': 4665.200000017881}",162107020271,2945365716,POINT (0.4196455743223325 0.4127760025413886),,,,,,,,,,,,,,,,,,,,,,,,,,,,,
0,44,5,"{'x': 805.7195026988783, 'y': 445.7980827446997, 'elapsedTime': 4665.200000017881}",162107036938,2945382383,POINT (0.4196455743223325 0.4127760025413886),,,,,,,,,,,,,,,,,,,,,,,,,,,,,
0,44,5,"{'x': 805.7195026988783, 'y': 445.7980827446997, 'elapsedTime': 4665.200000017881}",162107053610,2945399054,POINT (0.4196455743223325 0.4127760025413886),,,,,,,,,,,,,,,,,,,,,,,,,,,,,
0,44,5,"{'x': 805.7195026988783, 'y': 445.7980827446997, 'elapsedTime': 4665.200000017881}",162107070277,2945415721,POINT (0.4196455743223325 0.4127760025413886),,,,,,,,,,,,,,,,,,,,,,,,,,,,,
0,44,5,"{'x': 865.288349491501, 'y': 453.12238514263913, 'elapsedTime': 4725.700000017881}",162107086945,2945432388,POINT (0.4506710153601568 0.4195577640209622),,,,,,,,,,,,,,,,,,,,,,,,,,,,,
0,44,5,"{'x': 865.288349491501, 'y': 453.12238514263913, 'elapsedTime': 4725.700000017881}",162107103611,2945449054,POINT (0.4506710153601568 0.4195577640209622),,,,,,,,,,,,,,,,,,,,,,,,,,,,,
0,44,5,"{'x': 865.288349491501, 'y': 453.12238514263913, 'elapsedTime': 4725.700000017881}",162107120279,2945465721,POINT (0.4506710153601568 0.4195577640209622),,,,,,,,,,,,,,,,,,,,,,,,,,,,,
0,44,5,"{'x': 797.9458300716717, 'y': 463.93290680785964, 'elapsedTime': 4786.200000017881}",162107136947,2945482388,POINT (0.4155967864956623 0.4295675063035738),,,,,,,,,,,,,,,,,,,,,,,,,,,,,
0,44,5,"{'x': 797.9458300716717, 'y': 463.93290680785964, 'elapsedTime': 4786.200000017881}",162107153614,2945499054,POINT (0.4155967864956623 0.4295675063035738),,,,,,,,,,,,,,,,,,,,,,,,,,,,,
0,44,5,"{'x': 797.9458300716717, 'y': 463.93290680785964, 'elapsedTime': 4786.200000017881}",162107170281,2945515721,POINT (0.4155967864956623 0.4295675063035738),,,,,,,,,,,,,,,,,,,,,,,,,,,,,
0,44,5,"{'x': 697.0003613300424, 'y': 448.9154384079579, 'elapsedTime': 4842.100000023842}",162107186954,2945532393,POINT (0.3630210215260638 0.4156624429703314),,,,,,,,,,,,,,,,,,,,,,,,,,,,,
0,44,5,"{'x': 697.0003613300424, 'y': 448.9154384079579, 'elapsedTime': 4842.100000023842}",162107203620,2945549059,POINT (0.3630210215260638 0.4156624429703314),,,,,,,,,,,,,,,,,,,,,,,,,,,,,
0,44,5,"{'x': 697.0003613300424, 'y': 448.9154384079579, 'elapsedTime': 4842.100000023842}",162107220288,2945565726,POINT (0.3630210215260638 0.4156624429703314),,,,,,,,,,,,,,,,,,,,,,,,,,,,,
0,44,5,"{'x': 697.0003613300424, 'y': 448.9154384079579, 'elapsedTime': 4842.100000023842}",162107236955,2945582393,POINT (0.3630210215260638 0.4156624429703314),,,,,,,,,,,,,,,,,,,,,,,,,,,,,
0,44,5,"{'x': 672.0899822797056, 'y': 470.5483313693987, 'elapsedTime': 4893.800000011921}",162107253622,2945599059,POINT (0.35004686577068 0.4356928994161099),,,,,,,,,,,,,,,,,,,,,,,,,,,,,
0,44,5,"{'x': 672.0899822797056, 'y': 470.5483313693987, 'elapsedTime': 4893.800000011921}",162107270289,2945615726,POINT (0.35004686577068 0.4356928994161099),,,,,,,,,,,,,,,,,,,,,,,,,,,,,
0,44,5,"{'x': 672.0899822797056, 'y': 470.5483313693987, 'elapsedTime': 4893.800000011921}",162107286957,2945632393,POINT (0.35004686577068 0.4356928994161099),,,,,,,,,,,,,,,,,,,,,,,,,,,,,
0,44,5,"{'x': 689.3383933855515, 'y': 555.9882379895062, 'elapsedTime': 4945.700000017881}",162107303623,2945649059,POINT (0.3590304132216414 0.5148039240643576),,,,,,,,,,,,,,,,,,,,,,,,,,,,1,
0,44,5,"{'x': 689.3383933855515, 'y': 555.9882379895062, 'elapsedTime': 4945.700000017881}",162107320297,2945665732,POINT (0.3590304132216414 0.5148039240643576),,,,,,,,,,,,,,,,,,,,,,,,,,,,1,
0,44,5,"{'x': 689.3383933855515, 'y': 555.9882379895062, 'elapsedTime': 4945.700000017881}",162107336965,2945682399,POINT (0.3590304132216414 0.5148039240643576),,,,,,,,,,,,,,,,,,,,,,,,,,,,1,
0,44,5,"{'x': 712.3987605371902, 'y': 592.3572641689221, 'elapsedTime': 5004.700000017881}",162107353631,2945699065,POINT (0.3710410211131199 0.5484789483045576),,,,,,,,,,,,,,,,,,,,,,,,,,,,1,
0,44,5,"{'x': 712.3987605371902, 'y': 592.3572641689221, 'elapsedTime': 5004.700000017881}",162107370299,2945715732,POINT (0.3710410211131199 0.5484789483045576),,,,,,,,,,,,,,,,,,,,,,,,,,,,1,
0,44,5,"{'x': 712.3987605371902, 'y': 592.3572641689221, 'elapsedTime': 5004.700000017881}",162107386966,2945732399,POINT (0.3710410211131199 0.5484789483045576),,,,,,,,,,,,,,,,,,,,,,,,,,,,1,
0,44,5,"{'x': 712.3987605371902, 'y': 592.3572641689221, 'elapsedTime': 5004.700000017881}",162107403633,2945749065,POINT (0.3710410211131199 0.5484789483045576),,,,,,,,,,,,,,,,,,,,,,,,,,,,1,
0,44,5,"{'x': 827.1641840393637, 'y': 638.9403085836245, 'elapsedTime': 5055.100000023842}",162107420300,2945765732,POINT (0.4308146791871686 0.5916113968366894),,,,,,,,,,,,,,,,,,,,,,,,,,,,1,
0,44,5,"{'x': 827.1641840393637, 'y': 638.9403085836245, 'elapsedTime': 5055.100000023842}",162107436968,2945782399,POINT (0.4308146791871686 0.5916113968366894),,,,,,,,,,,,,,,,,,,,,,,,,,,,1,
0,44,5,"{'x': 765.882361724727, 'y': 638.3080080673113, 'elapsedTime': 5107.300000011921}",162107453638,2945799069,POINT (0.3988970633982953 0.5910259333956587),,,,,,,,,,,,,,,,,,,,,,,,,,,,1,
0,44,5,"{'x': 765.882361724727, 'y': 638.3080080673113, 'elapsedTime': 5107.300000011921}",162107470306,2945815736,POINT (0.3988970633982953 0.5910259333956587),,,,,,,,,,,,,,,,,,,,,,,,,,,,1,
0,44,5,"{'x': 765.882361724727, 'y': 638.3080080673113, 'elapsedTime': 5107.300000011921}",162107486972,2945832402,POINT (0.3988970633982953 0.5910259333956587),,,,,,,,,,,,,,,,,,,,,,,,,,,,1,
0,44,5,"{'x': 765.882361724727, 'y': 638.3080080673113, 'elapsedTime': 5107.300000011921}",162107503640,2945849069,POINT (0.3988970633982953 0.5910259333956587),,,,,,,,,,,,,,,,,,,,,,,,,,,,1,
0,44,5,"{'x': 765.882361724727, 'y': 638.3080080673113, 'elapsedTime': 5107.300000011921}",162107520307,2945865736,POINT (0.3988970633982953 0.5910259333956587),,,,,,,,,,,,,,,,,,,,,,,,,,,,1,
0,44,5,"{'x': 765.882361724727, 'y': 638.3080080673113, 'elapsedTime': 5107.300000011921}",162107536974,2945882402,POINT (0.3988970633982953 0.5910259333956587),,,,,,,,,,,,,,,,,,,,,,,,,,,,1,
0,44,5,"{'x': 765.882361724727, 'y': 638.3080080673113, 'elapsedTime': 5107.300000011921}",162107553641,2945899069,POINT (0.3988970633982953 0.5910259333956587),,,,,,,,,,,,,,,,,,,,,,,,,,,,1,
0,44,5,"{'x': 765.882361724727, 'y': 638.3080080673113, 'elapsedTime': 5107.300000011921}",162107570309,2945915736,POINT (0.3988970633982953 0.5910259333956587),,,,,,,,,,,,,,,,,,,,,,,,,,,,1,
0,44,5,"{'x': 767.458087345152, 'y': 600.94273599803, 'elapsedTime': 5157.5}",162107586979,2945932406,POINT (0.3997177538256 0.5564284592574352),,,,,,,,,,,,,,,,,,,,,,,,,,,,1,
0,44,5,"{'x': 767.458087345152, 'y': 600.94273599803, 'elapsedTime': 5157.5}",162107603647,2945949073,POINT (0.3997177538256 0.5564284592574352),,,,,,,,,,,,,,,,,,,,,,,,,,,,1,
0,44,5,"{'x': 748.021831302951, 'y': 673.778359656587, 'elapsedTime': 5206.300000011921}",162107620314,2945965740,POINT (0.3895947038036203 0.6238688515338768),,,,,,,,,,,,,,,,,,,,,,,,,,,,,1
0,44,5,"{'x': 748.021831302951, 'y': 673.778359656587, 'elapsedTime': 5206.300000011921}",162107636981,2945982406,POINT (0.3895947038036203 0.6238688515338768),,,,,,,,,,,,,,,,,,,,,,,,,,,,,1
0,44,5,"{'x': 826.0940134010049, 'y': 670.3090358446891, 'elapsedTime': 5270.200000017881}",162107653648,2945999073,POINT (0.4302572986463567 0.6206565146710085),,,,,,,,,,,,,,,,,,,,,,,,,,,,,1
0,44,5,"{'x': 826.0940134010049, 'y': 670.3090358446891, 'elapsedTime': 5270.200000017881}",162107670316,2946015740,POINT (0.4302572986463567 0.6206565146710085),,,,,,,,,,,,,,,,,,,,,,,,,,,,,1
0,44,5,"{'x': 826.0940134010049, 'y': 670.3090358446891, 'elapsedTime': 5270.200000017881}",162107686982,2946032406,POINT (0.4302572986463567 0.6206565146710085),,,,,,,,,,,,,,,,,,,,,,,,,,,,,1
0,44,5,"{'x': 770.6579411323135, 'y': 653.762252026, 'elapsedTime': 5353}",162107703650,2946049073,POINT (0.4013843443397466 0.6053354185425927),,,,,,,,,,,,,,,,,,,,,,,,,,,,,
0,44,5,"{'x': 770.6579411323135, 'y': 653.762252026, 'elapsedTime': 5353}",162107720322,2946065745,POINT (0.4013843443397466 0.6053354185425927),,,,,,,,,,,,,,,,,,,,,,,,,,,,,
