,pid,stimulus_number,coordinates,current_time,current_time1,geometry,int.1,-----------.1,main.1,int.2,a.1,=.1,1.1,b.1,=.2,2.1,c.1,=.3,3.1,c.2,=.4,a.2,==.1,b.2,std.1,cout.1,<<.1,c.3,return.1,0.1,-----------.6,question,code,choices
0,46,6,"{'x': 1166.8525728353065, 'y': 280.87571320929396, 'elapsedTime': 17163.90000000596}",70132368145,1082701747,POINT (0.6077357150183889 0.2600701048234204),,,,,,,,,,,,,,,,,,,,,,,,,,1,1,
0,46,6,"{'x': 1166.8525728353065, 'y': 280.87571320929396, 'elapsedTime': 17163.90000000596}",70132384811,1082718413,POINT (0.6077357150183889 0.2600701048234204),,,,,,,,,,,,,,,,,,,,,,,,,,1,1,
0,46,6,"{'x': 1166.8525728353065, 'y': 280.87571320929396, 'elapsedTime': 17163.90000000596}",70132401479,1082735080,POINT (0.6077357150183889 0.2600701048234204),,,,,,,,,,,,,,,,,,,,,,,,,,1,1,
0,46,6,"{'x': 1166.8525728353065, 'y': 280.87571320929396, 'elapsedTime': 17163.90000000596}",70132418146,1082751747,POINT (0.6077357150183889 0.2600701048234204),,,,,,,,,,,,,,,,,,,,,,,,,,1,1,
0,46,6,"{'x': 1166.8525728353065, 'y': 280.87571320929396, 'elapsedTime': 17163.90000000596}",70132434805,1082768405,POINT (0.6077357150183889 0.2600701048234204),,,,,,,,,,,,,,,,,,,,,,,,,,1,1,
0,46,6,"{'x': 1166.8525728353065, 'y': 280.87571320929396, 'elapsedTime': 17163.90000000596}",70132451471,1082785071,POINT (0.6077357150183889 0.2600701048234204),,,,,,,,,,,,,,,,,,,,,,,,,,1,1,
0,46,6,"{'x': 1166.8525728353065, 'y': 280.87571320929396, 'elapsedTime': 17163.90000000596}",70132468144,1082801743,POINT (0.6077357150183889 0.2600701048234204),,,,,,,,,,,,,,,,,,,,,,,,,,1,1,
0,46,6,"{'x': 1166.8525728353065, 'y': 280.87571320929396, 'elapsedTime': 17163.90000000596}",70132484811,1082818410,POINT (0.6077357150183889 0.2600701048234204),,,,,,,,,,,,,,,,,,,,,,,,,,1,1,
0,46,6,"{'x': 1166.8525728353065, 'y': 280.87571320929396, 'elapsedTime': 17163.90000000596}",70132501478,1082835076,POINT (0.6077357150183889 0.2600701048234204),,,,,,,,,,,,,,,,,,,,,,,,,,1,1,
0,46,6,"{'x': 1166.8525728353065, 'y': 280.87571320929396, 'elapsedTime': 17163.90000000596}",70132518145,1082851743,POINT (0.6077357150183889 0.2600701048234204),,,,,,,,,,,,,,,,,,,,,,,,,,1,1,
0,46,6,"{'x': 1166.8525728353065, 'y': 280.87571320929396, 'elapsedTime': 17163.90000000596}",70132534813,1082868410,POINT (0.6077357150183889 0.2600701048234204),,,,,,,,,,,,,,,,,,,,,,,,,,1,1,
0,46,6,"{'x': 1166.8525728353065, 'y': 280.87571320929396, 'elapsedTime': 17163.90000000596}",70132551479,1082885076,POINT (0.6077357150183889 0.2600701048234204),,,,,,,,,,,,,,,,,,,,,,,,,,1,1,
0,46,6,"{'x': 1166.8525728353065, 'y': 280.87571320929396, 'elapsedTime': 17163.90000000596}",70132568147,1082901743,POINT (0.6077357150183889 0.2600701048234204),,,,,,,,,,,,,,,,,,,,,,,,,,1,1,
0,46,6,"{'x': 1166.8525728353065, 'y': 280.87571320929396, 'elapsedTime': 17163.90000000596}",70132584814,1082918410,POINT (0.6077357150183889 0.2600701048234204),,,,,,,,,,,,,,,,,,,,,,,,,,1,1,
0,46,6,"{'x': 1166.8525728353065, 'y': 280.87571320929396, 'elapsedTime': 17163.90000000596}",70132601486,1082935081,POINT (0.6077357150183889 0.2600701048234204),,,,,,,,,,,,,,,,,,,,,,,,,,1,1,
0,46,6,"{'x': 1166.8525728353065, 'y': 280.87571320929396, 'elapsedTime': 17163.90000000596}",70132618153,1082951748,POINT (0.6077357150183889 0.2600701048234204),,,,,,,,,,,,,,,,,,,,,,,,,,1,1,
0,46,6,"{'x': 1166.8525728353065, 'y': 280.87571320929396, 'elapsedTime': 17163.90000000596}",70132634821,1082968415,POINT (0.6077357150183889 0.2600701048234204),,,,,,,,,,,,,,,,,,,,,,,,,,1,1,
0,46,6,"{'x': 1166.8525728353065, 'y': 280.87571320929396, 'elapsedTime': 17163.90000000596}",70132651487,1082985081,POINT (0.6077357150183889 0.2600701048234204),,,,,,,,,,,,,,,,,,,,,,,,,,1,1,
0,46,6,"{'x': 1166.8525728353065, 'y': 280.87571320929396, 'elapsedTime': 17163.90000000596}",70132668155,1083001748,POINT (0.6077357150183889 0.2600701048234204),,,,,,,,,,,,,,,,,,,,,,,,,,1,1,
0,46,6,"{'x': 1166.8525728353065, 'y': 280.87571320929396, 'elapsedTime': 17163.90000000596}",70132684822,1083018415,POINT (0.6077357150183889 0.2600701048234204),,,,,,,,,,,,,,,,,,,,,,,,,,1,1,
0,46,6,"{'x': 1166.8525728353065, 'y': 280.87571320929396, 'elapsedTime': 17163.90000000596}",70132701489,1083035081,POINT (0.6077357150183889 0.2600701048234204),,,,,,,,,,,,,,,,,,,,,,,,,,1,1,
0,46,6,"{'x': 1166.8525728353065, 'y': 280.87571320929396, 'elapsedTime': 17163.90000000596}",70132718156,1083051748,POINT (0.6077357150183889 0.2600701048234204),,,,,,,,,,,,,,,,,,,,,,,,,,1,1,
0,46,6,"{'x': 1166.8525728353065, 'y': 280.87571320929396, 'elapsedTime': 17163.90000000596}",70132734830,1083068421,POINT (0.6077357150183889 0.2600701048234204),,,,,,,,,,,,,,,,,,,,,,,,,,1,1,
0,46,6,"{'x': 1166.8525728353065, 'y': 280.87571320929396, 'elapsedTime': 17163.90000000596}",70132751496,1083085087,POINT (0.6077357150183889 0.2600701048234204),,,,,,,,,,,,,,,,,,,,,,,,,,1,1,
0,46,6,"{'x': 1166.8525728353065, 'y': 280.87571320929396, 'elapsedTime': 17163.90000000596}",70132768163,1083101754,POINT (0.6077357150183889 0.2600701048234204),,,,,,,,,,,,,,,,,,,,,,,,,,1,1,
0,46,6,"{'x': 1166.8525728353065, 'y': 280.87571320929396, 'elapsedTime': 17163.90000000596}",70132784831,1083118421,POINT (0.6077357150183889 0.2600701048234204),,,,,,,,,,,,,,,,,,,,,,,,,,1,1,
0,46,6,"{'x': 1166.8525728353065, 'y': 280.87571320929396, 'elapsedTime': 17163.90000000596}",70132801497,1083135087,POINT (0.6077357150183889 0.2600701048234204),,,,,,,,,,,,,,,,,,,,,,,,,,1,1,
0,46,6,"{'x': 1166.8525728353065, 'y': 280.87571320929396, 'elapsedTime': 17163.90000000596}",70132818165,1083151754,POINT (0.6077357150183889 0.2600701048234204),,,,,,,,,,,,,,,,,,,,,,,,,,1,1,
0,46,6,"{'x': 1166.8525728353065, 'y': 280.87571320929396, 'elapsedTime': 17163.90000000596}",70132834832,1083168421,POINT (0.6077357150183889 0.2600701048234204),,,,,,,,,,,,,,,,,,,,,,,,,,1,1,
0,46,6,"{'x': 1166.8525728353065, 'y': 280.87571320929396, 'elapsedTime': 17163.90000000596}",70132851499,1083185087,POINT (0.6077357150183889 0.2600701048234204),,,,,,,,,,,,,,,,,,,,,,,,,,1,1,
0,46,6,"{'x': 1166.8525728353065, 'y': 280.87571320929396, 'elapsedTime': 17163.90000000596}",70132868169,1083201757,POINT (0.6077357150183889 0.2600701048234204),,,,,,,,,,,,,,,,,,,,,,,,,,1,1,
0,46,6,"{'x': 1166.8525728353065, 'y': 280.87571320929396, 'elapsedTime': 17163.90000000596}",70132884837,1083218424,POINT (0.6077357150183889 0.2600701048234204),,,,,,,,,,,,,,,,,,,,,,,,,,1,1,
0,46,6,"{'x': 1166.8525728353065, 'y': 280.87571320929396, 'elapsedTime': 17163.90000000596}",70132901512,1083235099,POINT (0.6077357150183889 0.2600701048234204),,,,,,,,,,,,,,,,,,,,,,,,,,1,1,
0,46,6,"{'x': 1166.8525728353065, 'y': 280.87571320929396, 'elapsedTime': 17163.90000000596}",70132918179,1083251765,POINT (0.6077357150183889 0.2600701048234204),,,,,,,,,,,,,,,,,,,,,,,,,,1,1,
0,46,6,"{'x': 1166.8525728353065, 'y': 280.87571320929396, 'elapsedTime': 17163.90000000596}",70132934846,1083268432,POINT (0.6077357150183889 0.2600701048234204),,,,,,,,,,,,,,,,,,,,,,,,,,1,1,
0,46,6,"{'x': 1166.8525728353065, 'y': 280.87571320929396, 'elapsedTime': 17163.90000000596}",70132951514,1083285099,POINT (0.6077357150183889 0.2600701048234204),,,,,,,,,,,,,,,,,,,,,,,,,,1,1,
0,46,6,"{'x': 1166.8525728353065, 'y': 280.87571320929396, 'elapsedTime': 17163.90000000596}",70132968181,1083301765,POINT (0.6077357150183889 0.2600701048234204),,,,,,,,,,,,,,,,,,,,,,,,,,1,1,
0,46,6,"{'x': 1166.8525728353065, 'y': 280.87571320929396, 'elapsedTime': 17163.90000000596}",70132984849,1083318432,POINT (0.6077357150183889 0.2600701048234204),,,,,,,,,,,,,,,,,,,,,,,,,,1,1,
0,46,6,"{'x': 1166.8525728353065, 'y': 280.87571320929396, 'elapsedTime': 17163.90000000596}",70133001521,1083335104,POINT (0.6077357150183889 0.2600701048234204),,,,,,,,,,,,,,,,,,,,,,,,,,1,1,
0,46,6,"{'x': 1166.8525728353065, 'y': 280.87571320929396, 'elapsedTime': 17163.90000000596}",70133018188,1083351770,POINT (0.6077357150183889 0.2600701048234204),,,,,,,,,,,,,,,,,,,,,,,,,,1,1,
0,46,6,"{'x': 1166.8525728353065, 'y': 280.87571320929396, 'elapsedTime': 17163.90000000596}",70133034855,1083368437,POINT (0.6077357150183889 0.2600701048234204),,,,,,,,,,,,,,,,,,,,,,,,,,1,1,
0,46,6,"{'x': 1166.8525728353065, 'y': 280.87571320929396, 'elapsedTime': 17163.90000000596}",70133051523,1083385104,POINT (0.6077357150183889 0.2600701048234204),,,,,,,,,,,,,,,,,,,,,,,,,,1,1,
0,46,6,"{'x': 1166.8525728353065, 'y': 280.87571320929396, 'elapsedTime': 17163.90000000596}",70133068189,1083401770,POINT (0.6077357150183889 0.2600701048234204),,,,,,,,,,,,,,,,,,,,,,,,,,1,1,
0,46,6,"{'x': 1166.8525728353065, 'y': 280.87571320929396, 'elapsedTime': 17163.90000000596}",70133084857,1083418437,POINT (0.6077357150183889 0.2600701048234204),,,,,,,,,,,,,,,,,,,,,,,,,,1,1,
0,46,6,"{'x': 1166.8525728353065, 'y': 280.87571320929396, 'elapsedTime': 17163.90000000596}",70133101524,1083435104,POINT (0.6077357150183889 0.2600701048234204),,,,,,,,,,,,,,,,,,,,,,,,,,1,1,
0,46,6,"{'x': 1166.8525728353065, 'y': 280.87571320929396, 'elapsedTime': 17163.90000000596}",70133118190,1083451770,POINT (0.6077357150183889 0.2600701048234204),,,,,,,,,,,,,,,,,,,,,,,,,,1,1,
0,46,6,"{'x': 1166.8525728353065, 'y': 280.87571320929396, 'elapsedTime': 17163.90000000596}",70133134863,1083468442,POINT (0.6077357150183889 0.2600701048234204),,,,,,,,,,,,,,,,,,,,,,,,,,1,1,
0,46,6,"{'x': 1166.8525728353065, 'y': 280.87571320929396, 'elapsedTime': 17163.90000000596}",70133151529,1083485108,POINT (0.6077357150183889 0.2600701048234204),,,,,,,,,,,,,,,,,,,,,,,,,,1,1,
0,46,6,"{'x': 1166.8525728353065, 'y': 280.87571320929396, 'elapsedTime': 17163.90000000596}",70133168197,1083501775,POINT (0.6077357150183889 0.2600701048234204),,,,,,,,,,,,,,,,,,,,,,,,,,1,1,
0,46,6,"{'x': 1166.8525728353065, 'y': 280.87571320929396, 'elapsedTime': 17163.90000000596}",70133184864,1083518442,POINT (0.6077357150183889 0.2600701048234204),,,,,,,,,,,,,,,,,,,,,,,,,,1,1,
0,46,6,"{'x': 1166.8525728353065, 'y': 280.87571320929396, 'elapsedTime': 17163.90000000596}",70133201531,1083535108,POINT (0.6077357150183889 0.2600701048234204),,,,,,,,,,,,,,,,,,,,,,,,,,1,1,
0,46,6,"{'x': 1166.8525728353065, 'y': 280.87571320929396, 'elapsedTime': 17163.90000000596}",70133218199,1083551775,POINT (0.6077357150183889 0.2600701048234204),,,,,,,,,,,,,,,,,,,,,,,,,,1,1,
0,46,6,"{'x': 1166.8525728353065, 'y': 280.87571320929396, 'elapsedTime': 17163.90000000596}",70133234867,1083568442,POINT (0.6077357150183889 0.2600701048234204),,,,,,,,,,,,,,,,,,,,,,,,,,1,1,
0,46,6,"{'x': 1166.8525728353065, 'y': 280.87571320929396, 'elapsedTime': 17163.90000000596}",70133251536,1083585111,POINT (0.6077357150183889 0.2600701048234204),,,,,,,,,,,,,,,,,,,,,,,,,,1,1,
0,46,6,"{'x': 1166.8525728353065, 'y': 280.87571320929396, 'elapsedTime': 17163.90000000596}",70133268204,1083601778,POINT (0.6077357150183889 0.2600701048234204),,,,,,,,,,,,,,,,,,,,,,,,,,1,1,
0,46,6,"{'x': 1166.8525728353065, 'y': 280.87571320929396, 'elapsedTime': 17163.90000000596}",70133284871,1083618445,POINT (0.6077357150183889 0.2600701048234204),,,,,,,,,,,,,,,,,,,,,,,,,,1,1,
0,46,6,"{'x': 1166.8525728353065, 'y': 280.87571320929396, 'elapsedTime': 17163.90000000596}",70133301538,1083635111,POINT (0.6077357150183889 0.2600701048234204),,,,,,,,,,,,,,,,,,,,,,,,,,1,1,
0,46,6,"{'x': 1166.8525728353065, 'y': 280.87571320929396, 'elapsedTime': 17163.90000000596}",70133318205,1083651778,POINT (0.6077357150183889 0.2600701048234204),,,,,,,,,,,,,,,,,,,,,,,,,,1,1,
0,46,6,"{'x': 1166.8525728353065, 'y': 280.87571320929396, 'elapsedTime': 17163.90000000596}",70133334873,1083668445,POINT (0.6077357150183889 0.2600701048234204),,,,,,,,,,,,,,,,,,,,,,,,,,1,1,
0,46,6,"{'x': 1166.8525728353065, 'y': 280.87571320929396, 'elapsedTime': 17163.90000000596}",70133351539,1083685111,POINT (0.6077357150183889 0.2600701048234204),,,,,,,,,,,,,,,,,,,,,,,,,,1,1,
0,46,6,"{'x': 1166.8525728353065, 'y': 280.87571320929396, 'elapsedTime': 17163.90000000596}",70133368207,1083701778,POINT (0.6077357150183889 0.2600701048234204),,,,,,,,,,,,,,,,,,,,,,,,,,1,1,
0,46,6,"{'x': 1166.8525728353065, 'y': 280.87571320929396, 'elapsedTime': 17163.90000000596}",70133384880,1083718451,POINT (0.6077357150183889 0.2600701048234204),,,,,,,,,,,,,,,,,,,,,,,,,,1,1,
0,46,6,"{'x': 1166.8525728353065, 'y': 280.87571320929396, 'elapsedTime': 17163.90000000596}",70133401547,1083735117,POINT (0.6077357150183889 0.2600701048234204),,,,,,,,,,,,,,,,,,,,,,,,,,1,1,
0,46,6,"{'x': 1166.8525728353065, 'y': 280.87571320929396, 'elapsedTime': 17163.90000000596}",70133418214,1083751784,POINT (0.6077357150183889 0.2600701048234204),,,,,,,,,,,,,,,,,,,,,,,,,,1,1,
0,46,6,"{'x': 1166.8525728353065, 'y': 280.87571320929396, 'elapsedTime': 17163.90000000596}",70133434882,1083768451,POINT (0.6077357150183889 0.2600701048234204),,,,,,,,,,,,,,,,,,,,,,,,,,1,1,
0,46,6,"{'x': 1166.8525728353065, 'y': 280.87571320929396, 'elapsedTime': 17163.90000000596}",70133451549,1083785117,POINT (0.6077357150183889 0.2600701048234204),,,,,,,,,,,,,,,,,,,,,,,,,,1,1,
0,46,6,"{'x': 1166.8525728353065, 'y': 280.87571320929396, 'elapsedTime': 17163.90000000596}",70133468216,1083801784,POINT (0.6077357150183889 0.2600701048234204),,,,,,,,,,,,,,,,,,,,,,,,,,1,1,
0,46,6,"{'x': 1166.8525728353065, 'y': 280.87571320929396, 'elapsedTime': 17163.90000000596}",70133484884,1083818451,POINT (0.6077357150183889 0.2600701048234204),,,,,,,,,,,,,,,,,,,,,,,,,,1,1,
0,46,6,"{'x': 1166.8525728353065, 'y': 280.87571320929396, 'elapsedTime': 17163.90000000596}",70133501550,1083835117,POINT (0.6077357150183889 0.2600701048234204),,,,,,,,,,,,,,,,,,,,,,,,,,1,1,
0,46,6,"{'x': 1166.8525728353065, 'y': 280.87571320929396, 'elapsedTime': 17163.90000000596}",70133518224,1083851790,POINT (0.6077357150183889 0.2600701048234204),,,,,,,,,,,,,,,,,,,,,,,,,,1,1,
0,46,6,"{'x': 1166.8525728353065, 'y': 280.87571320929396, 'elapsedTime': 17163.90000000596}",70133534891,1083868457,POINT (0.6077357150183889 0.2600701048234204),,,,,,,,,,,,,,,,,,,,,,,,,,1,1,
0,46,6,"{'x': 1166.8525728353065, 'y': 280.87571320929396, 'elapsedTime': 17163.90000000596}",70133551558,1083885123,POINT (0.6077357150183889 0.2600701048234204),,,,,,,,,,,,,,,,,,,,,,,,,,1,1,
0,46,6,"{'x': 1166.8525728353065, 'y': 280.87571320929396, 'elapsedTime': 17163.90000000596}",70133568225,1083901790,POINT (0.6077357150183889 0.2600701048234204),,,,,,,,,,,,,,,,,,,,,,,,,,1,1,
0,46,6,"{'x': 1166.8525728353065, 'y': 280.87571320929396, 'elapsedTime': 17163.90000000596}",70133584893,1083918457,POINT (0.6077357150183889 0.2600701048234204),,,,,,,,,,,,,,,,,,,,,,,,,,1,1,
0,46,6,"{'x': 1166.8525728353065, 'y': 280.87571320929396, 'elapsedTime': 17163.90000000596}",70133601559,1083935123,POINT (0.6077357150183889 0.2600701048234204),,,,,,,,,,,,,,,,,,,,,,,,,,1,1,
0,46,6,"{'x': 1166.8525728353065, 'y': 280.87571320929396, 'elapsedTime': 17163.90000000596}",70133618227,1083951790,POINT (0.6077357150183889 0.2600701048234204),,,,,,,,,,,,,,,,,,,,,,,,,,1,1,
0,46,6,"{'x': 1166.8525728353065, 'y': 280.87571320929396, 'elapsedTime': 17163.90000000596}",70133634894,1083968457,POINT (0.6077357150183889 0.2600701048234204),,,,,,,,,,,,,,,,,,,,,,,,,,1,1,
0,46,6,"{'x': 1166.8525728353065, 'y': 280.87571320929396, 'elapsedTime': 17163.90000000596}",70133651565,1083985127,POINT (0.6077357150183889 0.2600701048234204),,,,,,,,,,,,,,,,,,,,,,,,,,1,1,
0,46,6,"{'x': 1166.8525728353065, 'y': 280.87571320929396, 'elapsedTime': 17163.90000000596}",70133668232,1084001794,POINT (0.6077357150183889 0.2600701048234204),,,,,,,,,,,,,,,,,,,,,,,,,,1,1,
0,46,6,"{'x': 1166.8525728353065, 'y': 280.87571320929396, 'elapsedTime': 17163.90000000596}",70133684900,1084018461,POINT (0.6077357150183889 0.2600701048234204),,,,,,,,,,,,,,,,,,,,,,,,,,1,1,
0,46,6,"{'x': 1166.8525728353065, 'y': 280.87571320929396, 'elapsedTime': 17163.90000000596}",70133701567,1084035127,POINT (0.6077357150183889 0.2600701048234204),,,,,,,,,,,,,,,,,,,,,,,,,,1,1,
0,46,6,"{'x': 1166.8525728353065, 'y': 280.87571320929396, 'elapsedTime': 17163.90000000596}",70133718234,1084051794,POINT (0.6077357150183889 0.2600701048234204),,,,,,,,,,,,,,,,,,,,,,,,,,1,1,
0,46,6,"{'x': 1166.8525728353065, 'y': 280.87571320929396, 'elapsedTime': 17163.90000000596}",70133734901,1084068460,POINT (0.6077357150183889 0.2600701048234204),,,,,,,,,,,,,,,,,,,,,,,,,,1,1,
0,46,6,"{'x': 1166.8525728353065, 'y': 280.87571320929396, 'elapsedTime': 17163.90000000596}",70133751569,1084085127,POINT (0.6077357150183889 0.2600701048234204),,,,,,,,,,,,,,,,,,,,,,,,,,1,1,
0,46,6,"{'x': 1166.8525728353065, 'y': 280.87571320929396, 'elapsedTime': 17163.90000000596}",70133768236,1084101794,POINT (0.6077357150183889 0.2600701048234204),,,,,,,,,,,,,,,,,,,,,,,,,,1,1,
0,46,6,"{'x': 1166.8525728353065, 'y': 280.87571320929396, 'elapsedTime': 17163.90000000596}",70133784906,1084118463,POINT (0.6077357150183889 0.2600701048234204),,,,,,,,,,,,,,,,,,,,,,,,,,1,1,
0,46,6,"{'x': 499.702049114092, 'y': 499.76581917780254, 'elapsedTime': 10.5}",70133801573,1084135130,POINT (0.2602614839135896 0.4627461288683357),,,,,,,,,,,,,,,,,,,,,,,,,,,,
0,46,6,"{'x': 499.702049114092, 'y': 499.76581917780254, 'elapsedTime': 10.5}",70133818241,1084151797,POINT (0.2602614839135896 0.4627461288683357),,,,,,,,,,,,,,,,,,,,,,,,,,,,
0,46,6,"{'x': 499.702049114092, 'y': 499.76581917780254, 'elapsedTime': 10.5}",70133834907,1084168463,POINT (0.2602614839135896 0.4627461288683357),,,,,,,,,,,,,,,,,,,,,,,,,,,,
0,46,6,"{'x': 499.702049114092, 'y': 499.76581917780254, 'elapsedTime': 10.5}",70133851575,1084185130,POINT (0.2602614839135896 0.4627461288683357),,,,,,,,,,,,,,,,,,,,,,,,,,,,
0,46,6,"{'x': 499.702049114092, 'y': 499.76581917780254, 'elapsedTime': 10.5}",70133868242,1084201797,POINT (0.2602614839135896 0.4627461288683357),,,,,,,,,,,,,,,,,,,,,,,,,,,,
0,46,6,"{'x': 499.702049114092, 'y': 499.76581917780254, 'elapsedTime': 10.5}",70133884908,1084218463,POINT (0.2602614839135896 0.4627461288683357),,,,,,,,,,,,,,,,,,,,,,,,,,,,
0,46,6,"{'x': 499.702049114092, 'y': 499.76581917780254, 'elapsedTime': 10.5}",70133901576,1084235130,POINT (0.2602614839135896 0.4627461288683357),,,,,,,,,,,,,,,,,,,,,,,,,,,,
0,46,6,"{'x': 499.702049114092, 'y': 499.76581917780254, 'elapsedTime': 10.5}",70133918249,1084251803,POINT (0.2602614839135896 0.4627461288683357),,,,,,,,,,,,,,,,,,,,,,,,,,,,
0,46,6,"{'x': 499.25748490772185, 'y': 496.7975297598524, 'elapsedTime': 650.4000000059605}",70133934917,1084268469,POINT (0.2600299400561051 0.4599977127406041),,,,,,,,,,,,,,,,,,,,,,,,,,,,
0,46,6,"{'x': 499.25748490772185, 'y': 496.7975297598524, 'elapsedTime': 650.4000000059605}",70133951584,1084285136,POINT (0.2600299400561051 0.4599977127406041),,,,,,,,,,,,,,,,,,,,,,,,,,,,
0,46,6,"{'x': 499.25748490772185, 'y': 496.7975297598524, 'elapsedTime': 650.4000000059605}",70133968252,1084301803,POINT (0.2600299400561051 0.4599977127406041),,,,,,,,,,,,,,,,,,,,,,,,,,,,
0,46,6,"{'x': 499.25748490772185, 'y': 496.7975297598524, 'elapsedTime': 650.4000000059605}",70133984918,1084318469,POINT (0.2600299400561051 0.4599977127406041),,,,,,,,,,,,,,,,,,,,,,,,,,,,
0,46,6,"{'x': 504.8849794380581, 'y': 490.95815328366, 'elapsedTime': 703.7000000029802}",70134001586,1084335136,POINT (0.2629609267906552 0.4545908826700555),,,,,,,,,,,,,,,,,,,,,,,,,,,,
0,46,6,"{'x': 504.8849794380581, 'y': 490.95815328366, 'elapsedTime': 703.7000000029802}",70134018253,1084351803,POINT (0.2629609267906552 0.4545908826700555),,,,,,,,,,,,,,,,,,,,,,,,,,,,
0,46,6,"{'x': 504.8849794380581, 'y': 490.95815328366, 'elapsedTime': 703.7000000029802}",70134034920,1084368469,POINT (0.2629609267906552 0.4545908826700555),,,,,,,,,,,,,,,,,,,,,,,,,,,,
0,46,6,"{'x': 504.8849794380581, 'y': 490.95815328366, 'elapsedTime': 703.7000000029802}",70134051592,1084385141,POINT (0.2629609267906552 0.4545908826700555),,,,,,,,,,,,,,,,,,,,,,,,,,,,
0,46,6,"{'x': 516.7877596370328, 'y': 475.3686991825415, 'elapsedTime': 782.8000000119209}",70134068260,1084401808,POINT (0.2691602914776212 0.4401562029467977),,,,,,,,,,,,,,,,,,,,,,,,,,,,
0,46,6,"{'x': 516.7877596370328, 'y': 475.3686991825415, 'elapsedTime': 782.8000000119209}",70134084926,1084418474,POINT (0.2691602914776212 0.4401562029467977),,,,,,,,,,,,,,,,,,,,,,,,,,,,
0,46,6,"{'x': 516.7877596370328, 'y': 475.3686991825415, 'elapsedTime': 782.8000000119209}",70134101594,1084435141,POINT (0.2691602914776212 0.4401562029467977),,,,,,,,,,,,,,,,,,,,,,,,,,,,
0,46,6,"{'x': 526.4910942308838, 'y': 451.72789192329975, 'elapsedTime': 856.3000000119209}",70134118261,1084451808,POINT (0.2742141115785853 0.4182665665956479),,,,,,,,,,,,,,,,,,,,,,,,,,,,
0,46,6,"{'x': 526.4910942308838, 'y': 451.72789192329975, 'elapsedTime': 856.3000000119209}",70134134928,1084468474,POINT (0.2742141115785853 0.4182665665956479),,,,,,,,,,,,,,,,,,,,,,,,,,,,
0,46,6,"{'x': 526.4910942308838, 'y': 451.72789192329975, 'elapsedTime': 856.3000000119209}",70134151595,1084485141,POINT (0.2742141115785853 0.4182665665956479),,,,,,,,,,,,,,,,,,,,,,,,,,,,
0,46,6,"{'x': 561.0283934858621, 'y': 416.5446562128977, 'elapsedTime': 903.4000000059605}",70134168263,1084501808,POINT (0.2922022882738865 0.3856894964934238),,,,,,,,,,,,,,,,,,,,,,,,,,,,
0,46,6,"{'x': 561.0283934858621, 'y': 416.5446562128977, 'elapsedTime': 903.4000000059605}",70134184935,1084518479,POINT (0.2922022882738865 0.3856894964934238),,,,,,,,,,,,,,,,,,,,,,,,,,,,
0,46,6,"{'x': 561.0283934858621, 'y': 416.5446562128977, 'elapsedTime': 903.4000000059605}",70134201602,1084535146,POINT (0.2922022882738865 0.3856894964934238),,,,,,,,,,,,,,,,,,,,,,,,,,,,
0,46,6,"{'x': 593.0119889218652, 'y': 371.1130835187841, 'elapsedTime': 951.3000000119209}",70134218270,1084551813,POINT (0.3088604108968048 0.3436232254803556),,,,,,,,,,,,,,,,,,,,,,,,,,,,
0,46,6,"{'x': 593.0119889218652, 'y': 371.1130835187841, 'elapsedTime': 951.3000000119209}",70134234937,1084568479,POINT (0.3088604108968048 0.3436232254803556),,,,,,,,,,,,,,,,,,,,,,,,,,,,
0,46,6,"{'x': 593.0119889218652, 'y': 371.1130835187841, 'elapsedTime': 951.3000000119209}",70134251604,1084585146,POINT (0.3088604108968048 0.3436232254803556),,,,,,,,,,,,,,,,,,,,,,,,,,,,
0,46,6,"{'x': 609.9837598956454, 'y': 309.2130634932205, 'elapsedTime': 997.9000000059605}",70134268271,1084601813,POINT (0.3176998749456487 0.2863083921233523),,,,,,,,,,,,,,,,,,,,,,,,,,1,1,
0,46,6,"{'x': 609.9837598956454, 'y': 309.2130634932205, 'elapsedTime': 997.9000000059605}",70134284938,1084618479,POINT (0.3176998749456487 0.2863083921233523),,,,,,,,,,,,,,,,,,,,,,,,,,1,1,
0,46,6,"{'x': 616.8932094088267, 'y': 260.9960530957631, 'elapsedTime': 1042.4000000059605}",70134301608,1084635149,POINT (0.3212985465670972 0.2416630121257066),,,,,,,,,,,,,,,,,,,,,,,,,,,1,
0,46,6,"{'x': 616.8932094088267, 'y': 260.9960530957631, 'elapsedTime': 1042.4000000059605}",70134318275,1084651815,POINT (0.3212985465670972 0.2416630121257066),,,,,,,,,,,,,,,,,,,,,,,,,,,1,
0,46,6,"{'x': 616.8932094088267, 'y': 260.9960530957631, 'elapsedTime': 1042.4000000059605}",70134334942,1084668482,POINT (0.3212985465670972 0.2416630121257066),,,,,,,,,,,,,,,,,,,,,,,,,,,1,
0,46,6,"{'x': 660.5334097646816, 'y': 274.6532900585119, 'elapsedTime': 1088.9000000059605}",70134351610,1084685149,POINT (0.3440278175857717 0.2543086019060296),,,,,,,,,,,,,,,,,,,,,,,,,,1,1,
0,46,6,"{'x': 660.5334097646816, 'y': 274.6532900585119, 'elapsedTime': 1088.9000000059605}",70134368276,1084701815,POINT (0.3440278175857717 0.2543086019060296),,,,,,,,,,,,,,,,,,,,,,,,,,1,1,
0,46,6,"{'x': 660.5334097646816, 'y': 274.6532900585119, 'elapsedTime': 1088.9000000059605}",70134384944,1084718482,POINT (0.3440278175857717 0.2543086019060296),,,,,,,,,,,,,,,,,,,,,,,,,,1,1,
0,46,6,"{'x': 660.5334097646816, 'y': 274.6532900585119, 'elapsedTime': 1088.9000000059605}",70134401612,1084735149,POINT (0.3440278175857717 0.2543086019060296),,,,,,,,,,,,,,,,,,,,,,,,,,1,1,
0,46,6,"{'x': 727.6357875037307, 'y': 288.2125494358296, 'elapsedTime': 1138.7000000029802}",70134418279,1084751815,POINT (0.3789769726581931 0.2668634716998422),,,,,,,,,,,,,,,,,,,,,,,,,,1,1,
0,46,6,"{'x': 727.6357875037307, 'y': 288.2125494358296, 'elapsedTime': 1138.7000000029802}",70134434949,1084768485,POINT (0.3789769726581931 0.2668634716998422),,,,,,,,,,,,,,,,,,,,,,,,,,1,1,
0,46,6,"{'x': 737.7264039704961, 'y': 235.63806586209603, 'elapsedTime': 1185.7000000029802}",70134451617,1084785152,POINT (0.3842325020679667 0.2181833943167556),,,,,,,,,,,,,,,,,,,,,,,,,,,1,
0,46,6,"{'x': 737.7264039704961, 'y': 235.63806586209603, 'elapsedTime': 1185.7000000029802}",70134468283,1084801818,POINT (0.3842325020679667 0.2181833943167556),,,,,,,,,,,,,,,,,,,,,,,,,,,1,
0,46,6,"{'x': 737.7264039704961, 'y': 235.63806586209603, 'elapsedTime': 1185.7000000029802}",70134484951,1084818485,POINT (0.3842325020679667 0.2181833943167556),,,,,,,,,,,,,,,,,,,,,,,,,,,1,
0,46,6,"{'x': 738.8772531188101, 'y': 195.61551236437944, 'elapsedTime': 1232.2000000029802}",70134501618,1084835152,POINT (0.3848319026660469 0.1811254744114625),,,,,,,,,,,,,,,,,,,,,,,,,,1,,
0,46,6,"{'x': 738.8772531188101, 'y': 195.61551236437944, 'elapsedTime': 1232.2000000029802}",70134518285,1084851818,POINT (0.3848319026660469 0.1811254744114625),,,,,,,,,,,,,,,,,,,,,,,,,,1,,
0,46,6,"{'x': 738.8772531188101, 'y': 195.61551236437944, 'elapsedTime': 1232.2000000029802}",70134534952,1084868485,POINT (0.3848319026660469 0.1811254744114625),,,,,,,,,,,,,,,,,,,,,,,,,,1,,
0,46,6,"{'x': 706.2841210301991, 'y': 154.66667305153038, 'elapsedTime': 1284.4000000059605}",70134551620,1084885152,POINT (0.367856313036562 0.1432098824551207),,,,,,,,,,,,,,,,,,,,,,,,,,1,,
0,46,6,"{'x': 706.2841210301991, 'y': 154.66667305153038, 'elapsedTime': 1284.4000000059605}",70134568294,1084901826,POINT (0.367856313036562 0.1432098824551207),,,,,,,,,,,,,,,,,,,,,,,,,,1,,
0,46,6,"{'x': 706.2841210301991, 'y': 154.66667305153038, 'elapsedTime': 1284.4000000059605}",70134584962,1084918493,POINT (0.367856313036562 0.1432098824551207),,,,,,,,,,,,,,,,,,,,,,,,,,1,,
0,46,6,"{'x': 706.1909345174589, 'y': 134.88871017794915, 'elapsedTime': 1330}",70134601629,1084935160,POINT (0.3678077783945098 0.1248969538684714),,,,,,,,,,,,,,,,,,,,,,,,,,,,
0,46,6,"{'x': 706.1909345174589, 'y': 134.88871017794915, 'elapsedTime': 1330}",70134618296,1084951826,POINT (0.3678077783945098 0.1248969538684714),,,,,,,,,,,,,,,,,,,,,,,,,,,,
0,46,6,"{'x': 706.1909345174589, 'y': 134.88871017794915, 'elapsedTime': 1330}",70134634964,1084968493,POINT (0.3678077783945098 0.1248969538684714),,,,,,,,,,,,,,,,,,,,,,,,,,,,
0,46,6,"{'x': 702.2979224834952, 'y': 154.7973797923925, 'elapsedTime': 1381.4000000059605}",70134651631,1084985160,POINT (0.3657801679601537 0.1433309072151782),,,,,,,,,,,,,,,,,,,,,,,,,,1,,
0,46,6,"{'x': 702.2979224834952, 'y': 154.7973797923925, 'elapsedTime': 1381.4000000059605}",70134668298,1085001826,POINT (0.3657801679601537 0.1433309072151782),,,,,,,,,,,,,,,,,,,,,,,,,,1,,
0,46,6,"{'x': 702.2979224834952, 'y': 154.7973797923925, 'elapsedTime': 1381.4000000059605}",70134684965,1085018493,POINT (0.3657801679601537 0.1433309072151782),,,,,,,,,,,,,,,,,,,,,,,,,,1,,
0,46,6,"{'x': 680.9466392788713, 'y': 136.72661996502686, 'elapsedTime': 1438.5}",70134701637,1085035164,POINT (0.3546597079577455 0.1265987221898397),,,,,,,,,,,,,,,,,,,,,,,,,,,,
0,46,6,"{'x': 680.9466392788713, 'y': 136.72661996502686, 'elapsedTime': 1438.5}",70134718303,1085051830,POINT (0.3546597079577455 0.1265987221898397),,,,,,,,,,,,,,,,,,,,,,,,,,,,
0,46,6,"{'x': 680.9466392788713, 'y': 136.72661996502686, 'elapsedTime': 1438.5}",70134734971,1085068497,POINT (0.3546597079577455 0.1265987221898397),,,,,,,,,,,,,,,,,,,,,,,,,,,,
0,46,6,"{'x': 681.568427982838, 'y': 197.44046351479938, 'elapsedTime': 1488}",70134751637,1085085163,POINT (0.3549835562410614 0.1828152439951846),,,,,,,,,,,,,,,,,,,,,,,,,,1,,
0,46,6,"{'x': 681.568427982838, 'y': 197.44046351479938, 'elapsedTime': 1488}",70134768305,1085101830,POINT (0.3549835562410614 0.1828152439951846),,,,,,,,,,,,,,,,,,,,,,,,,,1,,
0,46,6,"{'x': 681.568427982838, 'y': 197.44046351479938, 'elapsedTime': 1488}",70134784972,1085118497,POINT (0.3549835562410614 0.1828152439951846),,,,,,,,,,,,,,,,,,,,,,,,,,1,,
0,46,6,"{'x': 665.5565049623602, 'y': 223.42587248886454, 'elapsedTime': 1528.800000011921}",70134801639,1085135163,POINT (0.3466440130012293 0.2068758078600598),,,,,,,,,,,,,,,,,,,,,,,,,,,,
0,46,6,"{'x': 665.5565049623602, 'y': 223.42587248886454, 'elapsedTime': 1528.800000011921}",70134818306,1085151830,POINT (0.3466440130012293 0.2068758078600598),,,,,,,,,,,,,,,,,,,,,,,,,,,,
0,46,6,"{'x': 665.5565049623602, 'y': 223.42587248886454, 'elapsedTime': 1528.800000011921}",70134834978,1085168501,POINT (0.3466440130012293 0.2068758078600598),,,,,,,,,,,,,,,,,,,,,,,,,,,,
0,46,6,"{'x': 694.9106878880099, 'y': 258.4749901772138, 'elapsedTime': 1583.9000000059605}",70134851644,1085185167,POINT (0.3619326499416718 0.2393286946085313),,,,,,,,,,,,,,,,,,,,,,,,,,,1,
0,46,6,"{'x': 694.9106878880099, 'y': 258.4749901772138, 'elapsedTime': 1583.9000000059605}",70134868312,1085201834,POINT (0.3619326499416718 0.2393286946085313),,,,,,,,,,,,,,,,,,,,,,,,,,,1,
0,46,6,"{'x': 694.9106878880099, 'y': 258.4749901772138, 'elapsedTime': 1583.9000000059605}",70134884980,1085218501,POINT (0.3619326499416718 0.2393286946085313),,,,,,,,,,,,,,,,,,,,,,,,,,,1,
0,46,6,"{'x': 685.370778312648, 'y': 255.05800969989372, 'elapsedTime': 1633.2000000029802}",70134901647,1085235167,POINT (0.3569639470378375 0.2361648237961979),,,,,,,,,,,,,,,,,,,,,,,,,,,1,
0,46,6,"{'x': 685.370778312648, 'y': 255.05800969989372, 'elapsedTime': 1633.2000000029802}",70134918314,1085251834,POINT (0.3569639470378375 0.2361648237961979),,,,,,,,,,,,,,,,,,,,,,,,,,,1,
0,46,6,"{'x': 685.370778312648, 'y': 255.05800969989372, 'elapsedTime': 1633.2000000029802}",70134934982,1085268501,POINT (0.3569639470378375 0.2361648237961979),,,,,,,,,,,,,,,,,,,,,,,,,,,1,
0,46,6,"{'x': 652.9776316758742, 'y': 269.0001349866627, 'elapsedTime': 1684.300000011921}",70134951648,1085285167,POINT (0.3400925164978512 0.2490741990617247),,,,,,,,,,,,,,,,,,,,,,,,,,,1,
0,46,6,"{'x': 652.9776316758742, 'y': 269.0001349866627, 'elapsedTime': 1684.300000011921}",70134968319,1085301837,POINT (0.3400925164978512 0.2490741990617247),,,,,,,,,,,,,,,,,,,,,,,,,,,1,
0,46,6,"{'x': 652.9776316758742, 'y': 269.0001349866627, 'elapsedTime': 1684.300000011921}",70134984986,1085318504,POINT (0.3400925164978512 0.2490741990617247),,,,,,,,,,,,,,,,,,,,,,,,,,,1,
0,46,6,"{'x': 698.3927240701851, 'y': 297.1074759577357, 'elapsedTime': 1732.5}",70135001652,1085335170,POINT (0.3637462104532214 0.2750995147756812),,,,,,,,,,,,,,,,,,,,,,,,,,1,1,
0,46,6,"{'x': 698.3927240701851, 'y': 297.1074759577357, 'elapsedTime': 1732.5}",70135018320,1085351837,POINT (0.3637462104532214 0.2750995147756812),,,,,,,,,,,,,,,,,,,,,,,,,,1,1,
0,46,6,"{'x': 698.3927240701851, 'y': 297.1074759577357, 'elapsedTime': 1732.5}",70135034988,1085368504,POINT (0.3637462104532214 0.2750995147756812),,,,,,,,,,,,,,,,,,,,,,,,,,1,1,
0,46,6,"{'x': 748.589739370257, 'y': 331.88609274759983, 'elapsedTime': 1777.4000000059605}",70135051654,1085385170,POINT (0.3898904892553422 0.3073019377292591),,,,,,,,,,,,,,,,,,,,,,,,,,,1,
0,46,6,"{'x': 748.589739370257, 'y': 331.88609274759983, 'elapsedTime': 1777.4000000059605}",70135068322,1085401837,POINT (0.3898904892553422 0.3073019377292591),,,,,,,,,,,,,,,,,,,,,,,,,,,1,
0,46,6,"{'x': 746.1801273650949, 'y': 345.30605061632355, 'elapsedTime': 1826.7000000029802}",70135084989,1085418504,POINT (0.3886354830026536 0.319727824644744),,,,,,,,,,,,,,,,,,,,,,,,,,,1,
0,46,6,"{'x': 746.1801273650949, 'y': 345.30605061632355, 'elapsedTime': 1826.7000000029802}",70135101663,1085435177,POINT (0.3886354830026536 0.319727824644744),,,,,,,,,,,,,,,,,,,,,,,,,,,1,
0,46,6,"{'x': 746.1801273650949, 'y': 345.30605061632355, 'elapsedTime': 1826.7000000029802}",70135118331,1085451844,POINT (0.3886354830026536 0.319727824644744),,,,,,,,,,,,,,,,,,,,,,,,,,,1,
0,46,6,"{'x': 724.2513408826969, 'y': 361.1943002200626, 'elapsedTime': 1873.300000011921}",70135134998,1085468511,POINT (0.3772142400430713 0.3344391668704283),,,,,,,,,,,,,,,,,,,,,,,,,,,,
0,46,6,"{'x': 724.2513408826969, 'y': 361.1943002200626, 'elapsedTime': 1873.300000011921}",70135151665,1085485177,POINT (0.3772142400430713 0.3344391668704283),,,,,,,,,,,,,,,,,,,,,,,,,,,,
0,46,6,"{'x': 724.2513408826969, 'y': 361.1943002200626, 'elapsedTime': 1873.300000011921}",70135168332,1085501844,POINT (0.3772142400430713 0.3344391668704283),,,,,,,,,,,,,,,,,,,,,,,,,,,,
0,46,6,"{'x': 783.705536666233, 'y': 417.0533913446522, 'elapsedTime': 1914.800000011921}",70135185000,1085518511,POINT (0.408179967013663 0.3861605475413446),,,,,,,,,,,,,,,,,,,,,,,,,,,,
0,46,6,"{'x': 783.705536666233, 'y': 417.0533913446522, 'elapsedTime': 1914.800000011921}",70135201666,1085535177,POINT (0.408179967013663 0.3861605475413446),,,,,,,,,,,,,,,,,,,,,,,,,,,,
0,46,6,"{'x': 783.705536666233, 'y': 417.0533913446522, 'elapsedTime': 1914.800000011921}",70135218341,1085551851,POINT (0.408179967013663 0.3861605475413446),,,,,,,,,,,,,,,,,,,,,,,,,,,,
0,46,6,"{'x': 757.64419152811, 'y': 404.6124800161036, 'elapsedTime': 1970.800000011921}",70135235008,1085568518,POINT (0.394606349754224 0.3746411852000959),,,,,,,,,,,,,,,,,,,,,,,,,,,,
0,46,6,"{'x': 757.64419152811, 'y': 404.6124800161036, 'elapsedTime': 1970.800000011921}",70135251675,1085585184,POINT (0.394606349754224 0.3746411852000959),,,,,,,,,,,,,,,,,,,,,,,,,,,,
0,46,6,"{'x': 741.8526722614415, 'y': 386.9348664069637, 'elapsedTime': 2013.800000011921}",70135268342,1085601851,POINT (0.3863816001361675 0.3582730244508923),,,,,,,,,,,,,,,,,,,,,,,,,,,,
0,46,6,"{'x': 741.8526722614415, 'y': 386.9348664069637, 'elapsedTime': 2013.800000011921}",70135285009,1085618517,POINT (0.3863816001361675 0.3582730244508923),,,,,,,,,,,,,,,,,,,,,,,,,,,,
0,46,6,"{'x': 741.8526722614415, 'y': 386.9348664069637, 'elapsedTime': 2013.800000011921}",70135301676,1085635184,POINT (0.3863816001361675 0.3582730244508923),,,,,,,,,,,,,,,,,,,,,,,,,,,,
0,46,6,"{'x': 739.9164551236694, 'y': 417.1492131086253, 'elapsedTime': 2052.5}",70135318344,1085651851,POINT (0.3853731537102444 0.3862492713968753),,,,,,,,,,,,,,,,,,,,,,,,,,,,
0,46,6,"{'x': 739.9164551236694, 'y': 417.1492131086253, 'elapsedTime': 2052.5}",70135335010,1085668517,POINT (0.3853731537102444 0.3862492713968753),,,,,,,,,,,,,,,,,,,,,,,,,,,,
0,46,6,"{'x': 739.9164551236694, 'y': 417.1492131086253, 'elapsedTime': 2052.5}",70135351680,1085685185,POINT (0.3853731537102444 0.3862492713968753),,,,,,,,,,,,,,,,,,,,,,,,,,,,
0,46,6,"{'x': 739.9164551236694, 'y': 417.1492131086253, 'elapsedTime': 2052.5}",70135368347,1085701852,POINT (0.3853731537102444 0.3862492713968753),,,,,,,,,,,,,,,,,,,,,,,,,,,,
0,46,6,"{'x': 771.875033311542, 'y': 472.9326564028983, 'elapsedTime': 2095.9000000059605}",70135385013,1085718518,POINT (0.4020182465164281 0.4379006077804614),,,,,,,,,,,,,,,,,,,,,,,,,,,,
0,46,6,"{'x': 771.875033311542, 'y': 472.9326564028983, 'elapsedTime': 2095.9000000059605}",70135401681,1085735185,POINT (0.4020182465164281 0.4379006077804614),,,,,,,,,,,,,,,,,,,,,,,,,,,,
0,46,6,"{'x': 771.875033311542, 'y': 472.9326564028983, 'elapsedTime': 2095.9000000059605}",70135418348,1085751852,POINT (0.4020182465164281 0.4379006077804614),,,,,,,,,,,,,,,,,,,,,,,,,,,,
0,46,6,"{'x': 771.875033311542, 'y': 472.9326564028983, 'elapsedTime': 2095.9000000059605}",70135435015,1085768518,POINT (0.4020182465164281 0.4379006077804614),,,,,,,,,,,,,,,,,,,,,,,,,,,,
0,46,6,"{'x': 750.8344386897907, 'y': 486.24472301162064, 'elapsedTime': 2163.6000000089407}",70135451682,1085785185,POINT (0.391059603484266 0.4502265953811302),,,,,,,,,,,,,,,,,,,,,,,,,,,,
0,46,6,"{'x': 750.8344386897907, 'y': 486.24472301162064, 'elapsedTime': 2163.6000000089407}",70135468350,1085801852,POINT (0.391059603484266 0.4502265953811302),,,,,,,,,,,,,,,,,,,,,,,,,,,,
0,46,6,"{'x': 750.8344386897907, 'y': 486.24472301162064, 'elapsedTime': 2163.6000000089407}",70135485024,1085818525,POINT (0.391059603484266 0.4502265953811302),,,,,,,,,,,,,,,,,,,,,,,,,,,,
0,46,6,"{'x': 750.9789199339529, 'y': 500.9248228680795, 'elapsedTime': 2235.300000011921}",70135501691,1085835192,POINT (0.3911348541322671 0.4638192804334069),,,,,,,,,,,,,,,,,,,,,,,,,,,,
0,46,6,"{'x': 750.9789199339529, 'y': 500.9248228680795, 'elapsedTime': 2235.300000011921}",70135518359,1085851859,POINT (0.3911348541322671 0.4638192804334069),,,,,,,,,,,,,,,,,,,,,,,,,,,,
0,46,6,"{'x': 750.9789199339529, 'y': 500.9248228680795, 'elapsedTime': 2235.300000011921}",70135535025,1085868525,POINT (0.3911348541322671 0.4638192804334069),,,,,,,,,,,,,,,,,,,,,,,,,,,,
0,46,6,"{'x': 798.9253689278155, 'y': 502.9945303890151, 'elapsedTime': 2278.7000000029802}",70135551693,1085885192,POINT (0.4161069629832372 0.4657356762861251),,,,,,,,,,,,,,,,,,,,,,,,,,,,
0,46,6,"{'x': 798.9253689278155, 'y': 502.9945303890151, 'elapsedTime': 2278.7000000029802}",70135568360,1085901859,POINT (0.4161069629832372 0.4657356762861251),,,,,,,,,,,,,,,,,,,,,,,,,,,,
0,46,6,"{'x': 798.9253689278155, 'y': 502.9945303890151, 'elapsedTime': 2278.7000000029802}",70135585027,1085918525,POINT (0.4161069629832372 0.4657356762861251),,,,,,,,,,,,,,,,,,,,,,,,,,,,
0,46,6,"{'x': 827.0985229676861, 'y': 463.2594110787305, 'elapsedTime': 2328.1000000089407}",70135601695,1085935192,POINT (0.4307804807123365 0.4289438991469727),,,,,,,,,,,,,,,,,,,,,,,,,,,,
0,46,6,"{'x': 827.0985229676861, 'y': 463.2594110787305, 'elapsedTime': 2328.1000000089407}",70135618366,1085951863,POINT (0.4307804807123365 0.4289438991469727),,,,,,,,,,,,,,,,,,,,,,,,,,,,
0,46,6,"{'x': 827.0985229676861, 'y': 463.2594110787305, 'elapsedTime': 2328.1000000089407}",70135635033,1085968529,POINT (0.4307804807123365 0.4289438991469727),,,,,,,,,,,,,,,,,,,,,,,,,,,,
0,46,6,"{'x': 815.1861784471276, 'y': 474.3565591726999, 'elapsedTime': 2377.1000000089407}",70135651700,1085985196,POINT (0.424576134607879 0.4392190362710184),,,,,,,,,,,,,,,,,,,,,,,,,,,,
0,46,6,"{'x': 815.1861784471276, 'y': 474.3565591726999, 'elapsedTime': 2377.1000000089407}",70135668368,1086001863,POINT (0.424576134607879 0.4392190362710184),,,,,,,,,,,,,,,,,,,,,,,,,,,,
0,46,6,"{'x': 848.1814459114362, 'y': 492.43269057792173, 'elapsedTime': 2422.5}",70135685034,1086018529,POINT (0.4417611697455397 0.4559561949795571),,,,,,,,,,,,,,,,,,,,,,,,,,,,
0,46,6,"{'x': 848.1814459114362, 'y': 492.43269057792173, 'elapsedTime': 2422.5}",70135701702,1086035196,POINT (0.4417611697455397 0.4559561949795571),,,,,,,,,,,,,,,,,,,,,,,,,,,,
0,46,6,"{'x': 848.1814459114362, 'y': 492.43269057792173, 'elapsedTime': 2422.5}",70135718369,1086051863,POINT (0.4417611697455397 0.4559561949795571),,,,,,,,,,,,,,,,,,,,,,,,,,,,
0,46,6,"{'x': 822.4013324600443, 'y': 471.09423036560133, 'elapsedTime': 2467}",70135735036,1086068529,POINT (0.4283340273229397 0.4361983614496309),,,,,,,,,,,,,,,,,,,,,,,,,,,,
0,46,6,"{'x': 822.4013324600443, 'y': 471.09423036560133, 'elapsedTime': 2467}",70135751707,1086085200,POINT (0.4283340273229397 0.4361983614496309),,,,,,,,,,,,,,,,,,,,,,,,,,,,
0,46,6,"{'x': 822.4013324600443, 'y': 471.09423036560133, 'elapsedTime': 2467}",70135768375,1086101867,POINT (0.4283340273229397 0.4361983614496309),,,,,,,,,,,,,,,,,,,,,,,,,,,,
0,46,6,"{'x': 822.4013324600443, 'y': 471.09423036560133, 'elapsedTime': 2467}",70135785041,1086118533,POINT (0.4283340273229397 0.4361983614496309),,,,,,,,,,,,,,,,,,,,,,,,,,,,
0,46,6,"{'x': 822.4013324600443, 'y': 471.09423036560133, 'elapsedTime': 2467}",70135801709,1086135200,POINT (0.4283340273229397 0.4361983614496309),,,,,,,,,,,,,,,,,,,,,,,,,,,,
0,46,6,"{'x': 822.4013324600443, 'y': 471.09423036560133, 'elapsedTime': 2467}",70135818375,1086151866,POINT (0.4283340273229397 0.4361983614496309),,,,,,,,,,,,,,,,,,,,,,,,,,,,
0,46,6,"{'x': 822.4013324600443, 'y': 471.09423036560133, 'elapsedTime': 2467}",70135835043,1086168533,POINT (0.4283340273229397 0.4361983614496309),,,,,,,,,,,,,,,,,,,,,,,,,,,,
0,46,6,"{'x': 786.2876166181794, 'y': 470.24876820017926, 'elapsedTime': 2578.4000000059605}",70135851711,1086185200,POINT (0.4095248003219684 0.4354155261112771),,,,,,,,,,,,,,,,,,,,,,,,,,,,
0,46,6,"{'x': 786.2876166181794, 'y': 470.24876820017926, 'elapsedTime': 2578.4000000059605}",70135868377,1086201866,POINT (0.4095248003219684 0.4354155261112771),,,,,,,,,,,,,,,,,,,,,,,,,,,,
0,46,6,"{'x': 737.3230416885013, 'y': 458.55142047937727, 'elapsedTime': 2629.6000000089407}",70135885048,1086218536,POINT (0.3840224175460944 0.424584648592016),,,,,,,,,,,,,,,,,,,,,,,,,,,,
0,46,6,"{'x': 737.3230416885013, 'y': 458.55142047937727, 'elapsedTime': 2629.6000000089407}",70135901715,1086235203,POINT (0.3840224175460944 0.424584648592016),,,,,,,,,,,,,,,,,,,,,,,,,,,,
0,46,6,"{'x': 737.3230416885013, 'y': 458.55142047937727, 'elapsedTime': 2629.6000000089407}",70135918382,1086251869,POINT (0.3840224175460944 0.424584648592016),,,,,,,,,,,,,,,,,,,,,,,,,,,,
0,46,6,"{'x': 746.7270364536588, 'y': 418.0914962495707, 'elapsedTime': 2670.1000000089407}",70135935050,1086268536,POINT (0.3889203314862806 0.3871217557866395),,,,,,,,,,,,,,,,,,,,,,,,,,,,
0,46,6,"{'x': 746.7270364536588, 'y': 418.0914962495707, 'elapsedTime': 2670.1000000089407}",70135951717,1086285203,POINT (0.3889203314862806 0.3871217557866395),,,,,,,,,,,,,,,,,,,,,,,,,,,,
0,46,6,"{'x': 793.4931119845986, 'y': 428.29497565167793, 'elapsedTime': 2708.5}",70135968384,1086301869,POINT (0.4132776624919784 0.3965694218997018),,,,,,,,,,,,,,,,,,,,,,,,,,,,
0,46,6,"{'x': 793.4931119845986, 'y': 428.29497565167793, 'elapsedTime': 2708.5}",70135985051,1086318536,POINT (0.4132776624919784 0.3965694218997018),,,,,,,,,,,,,,,,,,,,,,,,,,,,
0,46,6,"{'x': 793.4931119845986, 'y': 428.29497565167793, 'elapsedTime': 2708.5}",70136001719,1086335203,POINT (0.4132776624919784 0.3965694218997018),,,,,,,,,,,,,,,,,,,,,,,,,,,,
0,46,6,"{'x': 753.6990949751143, 'y': 439.09086240622463, 'elapsedTime': 2749.6000000089407}",70136018391,1086351875,POINT (0.3925516119662054 0.4065656133390968),,,,,,,,,,,,,,,,,,,,,,,,,,,,
0,46,6,"{'x': 753.6990949751143, 'y': 439.09086240622463, 'elapsedTime': 2749.6000000089407}",70136035059,1086368542,POINT (0.3925516119662054 0.4065656133390968),,,,,,,,,,,,,,,,,,,,,,,,,,,,
0,46,6,"{'x': 782.0884041795298, 'y': 405.379228524979, 'elapsedTime': 2790}",70136051726,1086385209,POINT (0.4073377105101718 0.3753511375231287),,,,,,,,,,,,,,,,,,,,,,,,,,,,
0,46,6,"{'x': 782.0884041795298, 'y': 405.379228524979, 'elapsedTime': 2790}",70136068393,1086401875,POINT (0.4073377105101718 0.3753511375231287),,,,,,,,,,,,,,,,,,,,,,,,,,,,
0,46,6,"{'x': 765.2585672563349, 'y': 411.3374474828532, 'elapsedTime': 2831}",70136085061,1086418542,POINT (0.3985721704460078 0.3808680069285678),,,,,,,,,,,,,,,,,,,,,,,,,,,,
0,46,6,"{'x': 765.2585672563349, 'y': 411.3374474828532, 'elapsedTime': 2831}",70136101728,1086435209,POINT (0.3985721704460078 0.3808680069285678),,,,,,,,,,,,,,,,,,,,,,,,,,,,
0,46,6,"{'x': 785.0879585537552, 'y': 471.20790967220535, 'elapsedTime': 2867.7000000029802}",70136118395,1086451875,POINT (0.4088999784134142 0.4363036200668568),,,,,,,,,,,,,,,,,,,,,,,,,,,,
0,46,6,"{'x': 785.0879585537552, 'y': 471.20790967220535, 'elapsedTime': 2867.7000000029802}",70136135065,1086468545,POINT (0.4088999784134142 0.4363036200668568),,,,,,,,,,,,,,,,,,,,,,,,,,,,
0,46,6,"{'x': 785.6133086174245, 'y': 440.876159121548, 'elapsedTime': 2905.2000000029802}",70136151733,1086485212,POINT (0.409173598238242 0.4082186658532852),,,,,,,,,,,,,,,,,,,,,,,,,,,,
0,46,6,"{'x': 785.6133086174245, 'y': 440.876159121548, 'elapsedTime': 2905.2000000029802}",70136168400,1086501878,POINT (0.409173598238242 0.4082186658532852),,,,,,,,,,,,,,,,,,,,,,,,,,,,
0,46,6,"{'x': 785.6133086174245, 'y': 440.876159121548, 'elapsedTime': 2905.2000000029802}",70136185067,1086518545,POINT (0.409173598238242 0.4082186658532852),,,,,,,,,,,,,,,,,,,,,,,,,,,,
0,46,6,"{'x': 785.6133086174245, 'y': 440.876159121548, 'elapsedTime': 2905.2000000029802}",70136201734,1086535212,POINT (0.409173598238242 0.4082186658532852),,,,,,,,,,,,,,,,,,,,,,,,,,,,
0,46,6,"{'x': 785.6133086174245, 'y': 440.876159121548, 'elapsedTime': 2905.2000000029802}",70136218401,1086551878,POINT (0.409173598238242 0.4082186658532852),,,,,,,,,,,,,,,,,,,,,,,,,,,,
0,46,6,"{'x': 737.9621079467497, 'y': 414.4452978697083, 'elapsedTime': 2947.1000000089407}",70136235068,1086568545,POINT (0.3843552645555988 0.3837456461756559),,,,,,,,,,,,,,,,,,,,,,,,,,,,
0,46,6,"{'x': 737.9621079467497, 'y': 414.4452978697083, 'elapsedTime': 2947.1000000089407}",70136251736,1086585212,POINT (0.3843552645555988 0.3837456461756559),,,,,,,,,,,,,,,,,,,,,,,,,,,,
0,46,6,"{'x': 737.9621079467497, 'y': 414.4452978697083, 'elapsedTime': 2947.1000000089407}",70136268408,1086601884,POINT (0.3843552645555988 0.3837456461756559),,,,,,,,,,,,,,,,,,,,,,,,,,,,
0,46,6,"{'x': 750.667049193566, 'y': 486.94850905853974, 'elapsedTime': 3014.1000000089407}",70136285074,1086618549,POINT (0.3909724214549823 0.4508782491282776),,,,,,,,,,,,,,,,,,,,,,,,,,,,
0,46,6,"{'x': 750.667049193566, 'y': 486.94850905853974, 'elapsedTime': 3014.1000000089407}",70136301744,1086635218,POINT (0.3909724214549823 0.4508782491282776),,,,,,,,,,,,,,,,,,,,,,,,,,,,
0,46,6,"{'x': 750.667049193566, 'y': 486.94850905853974, 'elapsedTime': 3014.1000000089407}",70136318410,1086651884,POINT (0.3909724214549823 0.4508782491282776),,,,,,,,,,,,,,,,,,,,,,,,,,,,
0,46,6,"{'x': 750.667049193566, 'y': 486.94850905853974, 'elapsedTime': 3014.1000000089407}",70136335078,1086668551,POINT (0.3909724214549823 0.4508782491282776),,,,,,,,,,,,,,,,,,,,,,,,,,,,
0,46,6,"{'x': 728.881671566835, 'y': 439.0739195405506, 'elapsedTime': 3065.9000000059605}",70136351745,1086685218,POINT (0.3796258706077266 0.4065499255005098),,,,,,,,,,,,,,,,,,,,,,,,,,,,
0,46,6,"{'x': 728.881671566835, 'y': 439.0739195405506, 'elapsedTime': 3065.9000000059605}",70136368412,1086701884,POINT (0.3796258706077266 0.4065499255005098),,,,,,,,,,,,,,,,,,,,,,,,,,,,
0,46,6,"{'x': 718.0305606826961, 'y': 465.81458132533044, 'elapsedTime': 3118.800000011921}",70136385080,1086718551,POINT (0.3739742503555709 0.4313097975234541),,,,,,,,,,,,,,,,,,,,,,,,,,,,
0,46,6,"{'x': 718.0305606826961, 'y': 465.81458132533044, 'elapsedTime': 3118.800000011921}",70136401744,1086735215,POINT (0.3739742503555709 0.4313097975234541),,,,,,,,,,,,,,,,,,,,,,,,,,,,
0,46,6,"{'x': 718.0305606826961, 'y': 465.81458132533044, 'elapsedTime': 3118.800000011921}",70136418414,1086751884,POINT (0.3739742503555709 0.4313097975234541),,,,,,,,,,,,,,,,,,,,,,,,,,,,
0,46,6,"{'x': 698.4708855960026, 'y': 491.75633705647624, 'elapsedTime': 3160.800000011921}",70136435081,1086768551,POINT (0.3637869195812514 0.4553299417189595),,,,,,,,,,,,,,,,,,,,,,,,,,,,
0,46,6,"{'x': 698.4708855960026, 'y': 491.75633705647624, 'elapsedTime': 3160.800000011921}",70136451748,1086785217,POINT (0.3637869195812514 0.4553299417189595),,,,,,,,,,,,,,,,,,,,,,,,,,,,
0,46,6,"{'x': 698.4708855960026, 'y': 491.75633705647624, 'elapsedTime': 3160.800000011921}",70136468413,1086801882,POINT (0.3637869195812514 0.4553299417189595),,,,,,,,,,,,,,,,,,,,,,,,,,,,
0,46,6,"{'x': 693.31581652093, 'y': 447.7216720560644, 'elapsedTime': 3209.5}",70136485081,1086818549,POINT (0.3611019877713177 0.4145571037556152),,,,,,,,,,,,,,,,,,,,,,,,,,,,
0,46,6,"{'x': 693.31581652093, 'y': 447.7216720560644, 'elapsedTime': 3209.5}",70136501747,1086835215,POINT (0.3611019877713177 0.4145571037556152),,,,,,,,,,,,,,,,,,,,,,,,,,,,
0,46,6,"{'x': 693.31581652093, 'y': 447.7216720560644, 'elapsedTime': 3209.5}",70136518415,1086851882,POINT (0.3611019877713177 0.4145571037556152),,,,,,,,,,,,,,,,,,,,,,,,,,,,
0,46,6,"{'x': 673.9284686249014, 'y': 439.3526968606592, 'elapsedTime': 3262.9000000059605}",70136535093,1086868560,POINT (0.3510044107421361 0.4068080526487585),,,,,,,,,,,,,,,,,,,,,,,,,,,,
0,46,6,"{'x': 673.9284686249014, 'y': 439.3526968606592, 'elapsedTime': 3262.9000000059605}",70136551760,1086885226,POINT (0.3510044107421361 0.4068080526487585),,,,,,,,,,,,,,,,,,,,,,,,,,,,
0,46,6,"{'x': 685.0459698580788, 'y': 440.44134643630076, 'elapsedTime': 3308.800000011921}",70136568427,1086901893,POINT (0.3567947759677494 0.4078160615150933),,,,,,,,,,,,,,,,,,,,,,,,,,,,
0,46,6,"{'x': 685.0459698580788, 'y': 440.44134643630076, 'elapsedTime': 3308.800000011921}",70136585097,1086918562,POINT (0.3567947759677494 0.4078160615150933),,,,,,,,,,,,,,,,,,,,,,,,,,,,
0,46,6,"{'x': 685.0459698580788, 'y': 440.44134643630076, 'elapsedTime': 3308.800000011921}",70136601764,1086935228,POINT (0.3567947759677494 0.4078160615150933),,,,,,,,,,,,,,,,,,,,,,,,,,,,
0,46,6,"{'x': 694.0199083101313, 'y': 435.3028403303198, 'elapsedTime': 3362.1000000089407}",70136618432,1086951895,POINT (0.36146870224486 0.4030581854910368),,,,,,,,,,,,,,,,,,,,,,,,,,,,
0,46,6,"{'x': 694.0199083101313, 'y': 435.3028403303198, 'elapsedTime': 3362.1000000089407}",70136635099,1086968562,POINT (0.36146870224486 0.4030581854910368),,,,,,,,,,,,,,,,,,,,,,,,,,,,
0,46,6,"{'x': 694.0199083101313, 'y': 435.3028403303198, 'elapsedTime': 3362.1000000089407}",70136651766,1086985228,POINT (0.36146870224486 0.4030581854910368),,,,,,,,,,,,,,,,,,,,,,,,,,,,
0,46,6,"{'x': 726.7287626821523, 'y': 462.246328518251, 'elapsedTime': 3403.800000011921}",70136668436,1087001898,POINT (0.3785045638969543 0.4280058597391213),,,,,,,,,,,,,,,,,,,,,,,,,,,,
0,46,6,"{'x': 726.7287626821523, 'y': 462.246328518251, 'elapsedTime': 3403.800000011921}",70136685104,1087018565,POINT (0.3785045638969543 0.4280058597391213),,,,,,,,,,,,,,,,,,,,,,,,,,,,
0,46,6,"{'x': 726.7287626821523, 'y': 462.246328518251, 'elapsedTime': 3403.800000011921}",70136701770,1087035231,POINT (0.3785045638969543 0.4280058597391213),,,,,,,,,,,,,,,,,,,,,,,,,,,,
0,46,6,"{'x': 713.6566753029035, 'y': 430.41560452345317, 'elapsedTime': 3444.5}",70136718437,1087051898,POINT (0.3716961850535956 0.3985329671513455),,,,,,,,,,,,,,,,,,,,,,,,,,,,
0,46,6,"{'x': 713.6566753029035, 'y': 430.41560452345317, 'elapsedTime': 3444.5}",70136735105,1087068565,POINT (0.3716961850535956 0.3985329671513455),,,,,,,,,,,,,,,,,,,,,,,,,,,,
0,46,6,"{'x': 716.2660440520629, 'y': 417.751239616675, 'elapsedTime': 3492.4000000059605}",70136751771,1087085231,POINT (0.3730552312771161 0.3868067033487732),,,,,,,,,,,,,,,,,,,,,,,,,,,,
0,46,6,"{'x': 716.2660440520629, 'y': 417.751239616675, 'elapsedTime': 3492.4000000059605}",70136768439,1087101898,POINT (0.3730552312771161 0.3868067033487732),,,,,,,,,,,,,,,,,,,,,,,,,,,,
0,46,6,"{'x': 716.2660440520629, 'y': 417.751239616675, 'elapsedTime': 3492.4000000059605}",70136785107,1087118565,POINT (0.3730552312771161 0.3868067033487732),,,,,,,,,,,,,,,,,,,,,,,,,,,,
0,46,6,"{'x': 730.8794031150252, 'y': 419.8644712731195, 'elapsedTime': 3535.4000000059605}",70136801777,1087135235,POINT (0.3806663557890756 0.3887633993269625),,,,,,,,,,,,,,,,,,,,,,,,,,,,
