,pid,stimulus_number,coordinates,current_time,current_time1,geometry,using.1,-----------.1,namespace.1,std.1,double.1,afunc.1,int.1,n.1,if.1,n.2,==.1,0.1,return.1,0.0.1,-----------.3,double.2,term.1,=.1,1.0.1,/.1,pow.1,n.3,2.0.1,-----------.5,if.2,n.4,%.1,2.2,==.2,0.2,return.2,afunc.2,n.5,-.1,1.1,-.2,term.2,-----------.10,else.1,return.3,afunc.3,n.6,-.3,1.2,+.1,term.3,-----------.13,-----------.14,question,code,choices
0,54,18,"{'x': 745.2011672450142, 'y': 393.9291225516647, 'elapsedTime': 7140.300000011921}",436686897964,1253274591,POINT (0.3881256079401115 0.3647491875478377),,,,,,,,,,,,,,,,,,,,,,,,,,,,,,,,,,,,,,,,,,,,,,,,,,,
0,54,18,"{'x': 745.2011672450142, 'y': 393.9291225516647, 'elapsedTime': 7140.300000011921}",436686914632,1253291258,POINT (0.3881256079401115 0.3647491875478377),,,,,,,,,,,,,,,,,,,,,,,,,,,,,,,,,,,,,,,,,,,,,,,,,,,
0,54,18,"{'x': 745.2011672450142, 'y': 393.9291225516647, 'elapsedTime': 7140.300000011921}",436686931298,1253307924,POINT (0.3881256079401115 0.3647491875478377),,,,,,,,,,,,,,,,,,,,,,,,,,,,,,,,,,,,,,,,,,,,,,,,,,,
0,54,18,"{'x': 745.2011672450142, 'y': 393.9291225516647, 'elapsedTime': 7140.300000011921}",436686947966,1253324591,POINT (0.3881256079401115 0.3647491875478377),,,,,,,,,,,,,,,,,,,,,,,,,,,,,,,,,,,,,,,,,,,,,,,,,,,
0,54,18,"{'x': 745.2011672450142, 'y': 393.9291225516647, 'elapsedTime': 7140.300000011921}",436686964636,1253341261,POINT (0.3881256079401115 0.3647491875478377),,,,,,,,,,,,,,,,,,,,,,,,,,,,,,,,,,,,,,,,,,,,,,,,,,,
0,54,18,"{'x': 745.2011672450142, 'y': 393.9291225516647, 'elapsedTime': 7140.300000011921}",436686981303,1253357927,POINT (0.3881256079401115 0.3647491875478377),,,,,,,,,,,,,,,,,,,,,,,,,,,,,,,,,,,,,,,,,,,,,,,,,,,
0,54,18,"{'x': 745.2011672450142, 'y': 393.9291225516647, 'elapsedTime': 7140.300000011921}",436686997970,1253374594,POINT (0.3881256079401115 0.3647491875478377),,,,,,,,,,,,,,,,,,,,,,,,,,,,,,,,,,,,,,,,,,,,,,,,,,,
0,54,18,"{'x': 745.2011672450142, 'y': 393.9291225516647, 'elapsedTime': 7140.300000011921}",436687014638,1253391261,POINT (0.3881256079401115 0.3647491875478377),,,,,,,,,,,,,,,,,,,,,,,,,,,,,,,,,,,,,,,,,,,,,,,,,,,
0,54,18,"{'x': 745.2011672450142, 'y': 393.9291225516647, 'elapsedTime': 7140.300000011921}",436687031304,1253407927,POINT (0.3881256079401115 0.3647491875478377),,,,,,,,,,,,,,,,,,,,,,,,,,,,,,,,,,,,,,,,,,,,,,,,,,,
0,54,18,"{'x': 745.2011672450142, 'y': 393.9291225516647, 'elapsedTime': 7140.300000011921}",436687047972,1253424594,POINT (0.3881256079401115 0.3647491875478377),,,,,,,,,,,,,,,,,,,,,,,,,,,,,,,,,,,,,,,,,,,,,,,,,,,
0,54,18,"{'x': 745.2011672450142, 'y': 393.9291225516647, 'elapsedTime': 7140.300000011921}",436687064638,1253441260,POINT (0.3881256079401115 0.3647491875478377),,,,,,,,,,,,,,,,,,,,,,,,,,,,,,,,,,,,,,,,,,,,,,,,,,,
0,54,18,"{'x': 745.2011672450142, 'y': 393.9291225516647, 'elapsedTime': 7140.300000011921}",436687081305,1253457927,POINT (0.3881256079401115 0.3647491875478377),,,,,,,,,,,,,,,,,,,,,,,,,,,,,,,,,,,,,,,,,,,,,,,,,,,
0,54,18,"{'x': 745.2011672450142, 'y': 393.9291225516647, 'elapsedTime': 7140.300000011921}",436687097978,1253474599,POINT (0.3881256079401115 0.3647491875478377),,,,,,,,,,,,,,,,,,,,,,,,,,,,,,,,,,,,,,,,,,,,,,,,,,,
0,54,18,"{'x': 745.2011672450142, 'y': 393.9291225516647, 'elapsedTime': 7140.300000011921}",436687114644,1253491265,POINT (0.3881256079401115 0.3647491875478377),,,,,,,,,,,,,,,,,,,,,,,,,,,,,,,,,,,,,,,,,,,,,,,,,,,
0,54,18,"{'x': 745.2011672450142, 'y': 393.9291225516647, 'elapsedTime': 7140.300000011921}",436687131312,1253507932,POINT (0.3881256079401115 0.3647491875478377),,,,,,,,,,,,,,,,,,,,,,,,,,,,,,,,,,,,,,,,,,,,,,,,,,,
0,54,18,"{'x': 745.2011672450142, 'y': 393.9291225516647, 'elapsedTime': 7140.300000011921}",436687147979,1253524599,POINT (0.3881256079401115 0.3647491875478377),,,,,,,,,,,,,,,,,,,,,,,,,,,,,,,,,,,,,,,,,,,,,,,,,,,
0,54,18,"{'x': 745.2011672450142, 'y': 393.9291225516647, 'elapsedTime': 7140.300000011921}",436687164646,1253541265,POINT (0.3881256079401115 0.3647491875478377),,,,,,,,,,,,,,,,,,,,,,,,,,,,,,,,,,,,,,,,,,,,,,,,,,,
0,54,18,"{'x': 745.2011672450142, 'y': 393.9291225516647, 'elapsedTime': 7140.300000011921}",436687181313,1253557932,POINT (0.3881256079401115 0.3647491875478377),,,,,,,,,,,,,,,,,,,,,,,,,,,,,,,,,,,,,,,,,,,,,,,,,,,
0,54,18,"{'x': 745.2011672450142, 'y': 393.9291225516647, 'elapsedTime': 7140.300000011921}",436687197981,1253574599,POINT (0.3881256079401115 0.3647491875478377),,,,,,,,,,,,,,,,,,,,,,,,,,,,,,,,,,,,,,,,,,,,,,,,,,,
0,54,18,"{'x': 745.2011672450142, 'y': 393.9291225516647, 'elapsedTime': 7140.300000011921}",436687214652,1253591270,POINT (0.3881256079401115 0.3647491875478377),,,,,,,,,,,,,,,,,,,,,,,,,,,,,,,,,,,,,,,,,,,,,,,,,,,
0,54,18,"{'x': 745.2011672450142, 'y': 393.9291225516647, 'elapsedTime': 7140.300000011921}",436687231320,1253607937,POINT (0.3881256079401115 0.3647491875478377),,,,,,,,,,,,,,,,,,,,,,,,,,,,,,,,,,,,,,,,,,,,,,,,,,,
0,54,18,"{'x': 745.2011672450142, 'y': 393.9291225516647, 'elapsedTime': 7140.300000011921}",436687247987,1253624604,POINT (0.3881256079401115 0.3647491875478377),,,,,,,,,,,,,,,,,,,,,,,,,,,,,,,,,,,,,,,,,,,,,,,,,,,
0,54,18,"{'x': 745.2011672450142, 'y': 393.9291225516647, 'elapsedTime': 7140.300000011921}",436687264654,1253641270,POINT (0.3881256079401115 0.3647491875478377),,,,,,,,,,,,,,,,,,,,,,,,,,,,,,,,,,,,,,,,,,,,,,,,,,,
0,54,18,"{'x': 745.2011672450142, 'y': 393.9291225516647, 'elapsedTime': 7140.300000011921}",436687281321,1253657937,POINT (0.3881256079401115 0.3647491875478377),,,,,,,,,,,,,,,,,,,,,,,,,,,,,,,,,,,,,,,,,,,,,,,,,,,
0,54,18,"{'x': 745.2011672450142, 'y': 393.9291225516647, 'elapsedTime': 7140.300000011921}",436687297989,1253674604,POINT (0.3881256079401115 0.3647491875478377),,,,,,,,,,,,,,,,,,,,,,,,,,,,,,,,,,,,,,,,,,,,,,,,,,,
0,54,18,"{'x': 745.2011672450142, 'y': 393.9291225516647, 'elapsedTime': 7140.300000011921}",436687314647,1253691262,POINT (0.3881256079401115 0.3647491875478377),,,,,,,,,,,,,,,,,,,,,,,,,,,,,,,,,,,,,,,,,,,,,,,,,,,
0,54,18,"{'x': 745.2011672450142, 'y': 393.9291225516647, 'elapsedTime': 7140.300000011921}",436687331314,1253707928,POINT (0.3881256079401115 0.3647491875478377),,,,,,,,,,,,,,,,,,,,,,,,,,,,,,,,,,,,,,,,,,,,,,,,,,,
0,54,18,"{'x': 745.2011672450142, 'y': 393.9291225516647, 'elapsedTime': 7140.300000011921}",436687347984,1253724598,POINT (0.3881256079401115 0.3647491875478377),,,,,,,,,,,,,,,,,,,,,,,,,,,,,,,,,,,,,,,,,,,,,,,,,,,
0,54,18,"{'x': 745.2011672450142, 'y': 393.9291225516647, 'elapsedTime': 7140.300000011921}",436687364652,1253741265,POINT (0.3881256079401115 0.3647491875478377),,,,,,,,,,,,,,,,,,,,,,,,,,,,,,,,,,,,,,,,,,,,,,,,,,,
0,54,18,"{'x': 745.2011672450142, 'y': 393.9291225516647, 'elapsedTime': 7140.300000011921}",436687381318,1253757931,POINT (0.3881256079401115 0.3647491875478377),,,,,,,,,,,,,,,,,,,,,,,,,,,,,,,,,,,,,,,,,,,,,,,,,,,
0,54,18,"{'x': 745.2011672450142, 'y': 393.9291225516647, 'elapsedTime': 7140.300000011921}",436687397995,1253774607,POINT (0.3881256079401115 0.3647491875478377),,,,,,,,,,,,,,,,,,,,,,,,,,,,,,,,,,,,,,,,,,,,,,,,,,,
0,54,18,"{'x': 745.2011672450142, 'y': 393.9291225516647, 'elapsedTime': 7140.300000011921}",436687414661,1253791273,POINT (0.3881256079401115 0.3647491875478377),,,,,,,,,,,,,,,,,,,,,,,,,,,,,,,,,,,,,,,,,,,,,,,,,,,
0,54,18,"{'x': 745.2011672450142, 'y': 393.9291225516647, 'elapsedTime': 7140.300000011921}",436687431329,1253807940,POINT (0.3881256079401115 0.3647491875478377),,,,,,,,,,,,,,,,,,,,,,,,,,,,,,,,,,,,,,,,,,,,,,,,,,,
0,54,18,"{'x': 745.2011672450142, 'y': 393.9291225516647, 'elapsedTime': 7140.300000011921}",436687447987,1253824598,POINT (0.3881256079401115 0.3647491875478377),,,,,,,,,,,,,,,,,,,,,,,,,,,,,,,,,,,,,,,,,,,,,,,,,,,
0,54,18,"{'x': 745.2011672450142, 'y': 393.9291225516647, 'elapsedTime': 7140.300000011921}",436687464654,1253841265,POINT (0.3881256079401115 0.3647491875478377),,,,,,,,,,,,,,,,,,,,,,,,,,,,,,,,,,,,,,,,,,,,,,,,,,,
0,54,18,"{'x': 745.2011672450142, 'y': 393.9291225516647, 'elapsedTime': 7140.300000011921}",436687481327,1253857937,POINT (0.3881256079401115 0.3647491875478377),,,,,,,,,,,,,,,,,,,,,,,,,,,,,,,,,,,,,,,,,,,,,,,,,,,
0,54,18,"{'x': 745.2011672450142, 'y': 393.9291225516647, 'elapsedTime': 7140.300000011921}",436687497994,1253874604,POINT (0.3881256079401115 0.3647491875478377),,,,,,,,,,,,,,,,,,,,,,,,,,,,,,,,,,,,,,,,,,,,,,,,,,,
0,54,18,"{'x': 745.2011672450142, 'y': 393.9291225516647, 'elapsedTime': 7140.300000011921}",436687514662,1253891271,POINT (0.3881256079401115 0.3647491875478377),,,,,,,,,,,,,,,,,,,,,,,,,,,,,,,,,,,,,,,,,,,,,,,,,,,
0,54,18,"{'x': 745.2011672450142, 'y': 393.9291225516647, 'elapsedTime': 7140.300000011921}",436687531328,1253907937,POINT (0.3881256079401115 0.3647491875478377),,,,,,,,,,,,,,,,,,,,,,,,,,,,,,,,,,,,,,,,,,,,,,,,,,,
0,54,18,"{'x': 745.2011672450142, 'y': 393.9291225516647, 'elapsedTime': 7140.300000011921}",436687548005,1253924613,POINT (0.3881256079401115 0.3647491875478377),,,,,,,,,,,,,,,,,,,,,,,,,,,,,,,,,,,,,,,,,,,,,,,,,,,
0,54,18,"{'x': 745.2011672450142, 'y': 393.9291225516647, 'elapsedTime': 7140.300000011921}",436687564671,1253941279,POINT (0.3881256079401115 0.3647491875478377),,,,,,,,,,,,,,,,,,,,,,,,,,,,,,,,,,,,,,,,,,,,,,,,,,,
0,54,18,"{'x': 745.2011672450142, 'y': 393.9291225516647, 'elapsedTime': 7140.300000011921}",436687581339,1253957946,POINT (0.3881256079401115 0.3647491875478377),,,,,,,,,,,,,,,,,,,,,,,,,,,,,,,,,,,,,,,,,,,,,,,,,,,
0,54,18,"{'x': 745.2011672450142, 'y': 393.9291225516647, 'elapsedTime': 7140.300000011921}",436687598005,1253974612,POINT (0.3881256079401115 0.3647491875478377),,,,,,,,,,,,,,,,,,,,,,,,,,,,,,,,,,,,,,,,,,,,,,,,,,,
0,54,18,"{'x': 745.2011672450142, 'y': 393.9291225516647, 'elapsedTime': 7140.300000011921}",436687614679,1253991285,POINT (0.3881256079401115 0.3647491875478377),,,,,,,,,,,,,,,,,,,,,,,,,,,,,,,,,,,,,,,,,,,,,,,,,,,
0,54,18,"{'x': 745.2011672450142, 'y': 393.9291225516647, 'elapsedTime': 7140.300000011921}",436687631346,1254007952,POINT (0.3881256079401115 0.3647491875478377),,,,,,,,,,,,,,,,,,,,,,,,,,,,,,,,,,,,,,,,,,,,,,,,,,,
0,54,18,"{'x': 745.2011672450142, 'y': 393.9291225516647, 'elapsedTime': 7140.300000011921}",436687648013,1254024618,POINT (0.3881256079401115 0.3647491875478377),,,,,,,,,,,,,,,,,,,,,,,,,,,,,,,,,,,,,,,,,,,,,,,,,,,
0,54,18,"{'x': 745.2011672450142, 'y': 393.9291225516647, 'elapsedTime': 7140.300000011921}",436687664680,1254041285,POINT (0.3881256079401115 0.3647491875478377),,,,,,,,,,,,,,,,,,,,,,,,,,,,,,,,,,,,,,,,,,,,,,,,,,,
0,54,18,"{'x': 745.2011672450142, 'y': 393.9291225516647, 'elapsedTime': 7140.300000011921}",436687681348,1254057952,POINT (0.3881256079401115 0.3647491875478377),,,,,,,,,,,,,,,,,,,,,,,,,,,,,,,,,,,,,,,,,,,,,,,,,,,
0,54,18,"{'x': 745.2011672450142, 'y': 393.9291225516647, 'elapsedTime': 7140.300000011921}",436687698006,1254074610,POINT (0.3881256079401115 0.3647491875478377),,,,,,,,,,,,,,,,,,,,,,,,,,,,,,,,,,,,,,,,,,,,,,,,,,,
0,54,18,"{'x': 745.2011672450142, 'y': 393.9291225516647, 'elapsedTime': 7140.300000011921}",436687714673,1254091276,POINT (0.3881256079401115 0.3647491875478377),,,,,,,,,,,,,,,,,,,,,,,,,,,,,,,,,,,,,,,,,,,,,,,,,,,
0,54,18,"{'x': 745.2011672450142, 'y': 393.9291225516647, 'elapsedTime': 7140.300000011921}",436687731340,1254107943,POINT (0.3881256079401115 0.3647491875478377),,,,,,,,,,,,,,,,,,,,,,,,,,,,,,,,,,,,,,,,,,,,,,,,,,,
0,54,18,"{'x': 745.2011672450142, 'y': 393.9291225516647, 'elapsedTime': 7140.300000011921}",436687748018,1254124620,POINT (0.3881256079401115 0.3647491875478377),,,,,,,,,,,,,,,,,,,,,,,,,,,,,,,,,,,,,,,,,,,,,,,,,,,
0,54,18,"{'x': 745.2011672450142, 'y': 393.9291225516647, 'elapsedTime': 7140.300000011921}",436687764677,1254141279,POINT (0.3881256079401115 0.3647491875478377),,,,,,,,,,,,,,,,,,,,,,,,,,,,,,,,,,,,,,,,,,,,,,,,,,,
0,54,18,"{'x': 745.2011672450142, 'y': 393.9291225516647, 'elapsedTime': 7140.300000011921}",436687781345,1254157946,POINT (0.3881256079401115 0.3647491875478377),,,,,,,,,,,,,,,,,,,,,,,,,,,,,,,,,,,,,,,,,,,,,,,,,,,
0,54,18,"{'x': 745.2011672450142, 'y': 393.9291225516647, 'elapsedTime': 7140.300000011921}",436687798010,1254174611,POINT (0.3881256079401115 0.3647491875478377),,,,,,,,,,,,,,,,,,,,,,,,,,,,,,,,,,,,,,,,,,,,,,,,,,,
0,54,18,"{'x': 745.2011672450142, 'y': 393.9291225516647, 'elapsedTime': 7140.300000011921}",436687814678,1254191278,POINT (0.3881256079401115 0.3647491875478377),,,,,,,,,,,,,,,,,,,,,,,,,,,,,,,,,,,,,,,,,,,,,,,,,,,
0,54,18,"{'x': 745.2011672450142, 'y': 393.9291225516647, 'elapsedTime': 7140.300000011921}",436687831353,1254207953,POINT (0.3881256079401115 0.3647491875478377),,,,,,,,,,,,,,,,,,,,,,,,,,,,,,,,,,,,,,,,,,,,,,,,,,,
0,54,18,"{'x': 745.2011672450142, 'y': 393.9291225516647, 'elapsedTime': 7140.300000011921}",436687848020,1254224620,POINT (0.3881256079401115 0.3647491875478377),,,,,,,,,,,,,,,,,,,,,,,,,,,,,,,,,,,,,,,,,,,,,,,,,,,
0,54,18,"{'x': 745.2011672450142, 'y': 393.9291225516647, 'elapsedTime': 7140.300000011921}",436687864688,1254241287,POINT (0.3881256079401115 0.3647491875478377),,,,,,,,,,,,,,,,,,,,,,,,,,,,,,,,,,,,,,,,,,,,,,,,,,,
0,54,18,"{'x': 745.2011672450142, 'y': 393.9291225516647, 'elapsedTime': 7140.300000011921}",436687881360,1254257959,POINT (0.3881256079401115 0.3647491875478377),,,,,,,,,,,,,,,,,,,,,,,,,,,,,,,,,,,,,,,,,,,,,,,,,,,
0,54,18,"{'x': 745.2011672450142, 'y': 393.9291225516647, 'elapsedTime': 7140.300000011921}",436687898027,1254274625,POINT (0.3881256079401115 0.3647491875478377),,,,,,,,,,,,,,,,,,,,,,,,,,,,,,,,,,,,,,,,,,,,,,,,,,,
0,54,18,"{'x': 745.2011672450142, 'y': 393.9291225516647, 'elapsedTime': 7140.300000011921}",436687914694,1254291292,POINT (0.3881256079401115 0.3647491875478377),,,,,,,,,,,,,,,,,,,,,,,,,,,,,,,,,,,,,,,,,,,,,,,,,,,
0,54,18,"{'x': 745.2011672450142, 'y': 393.9291225516647, 'elapsedTime': 7140.300000011921}",436687931362,1254307959,POINT (0.3881256079401115 0.3647491875478377),,,,,,,,,,,,,,,,,,,,,,,,,,,,,,,,,,,,,,,,,,,,,,,,,,,
0,54,18,"{'x': 745.2011672450142, 'y': 393.9291225516647, 'elapsedTime': 7140.300000011921}",436687948028,1254324625,POINT (0.3881256079401115 0.3647491875478377),,,,,,,,,,,,,,,,,,,,,,,,,,,,,,,,,,,,,,,,,,,,,,,,,,,
0,54,18,"{'x': 745.2011672450142, 'y': 393.9291225516647, 'elapsedTime': 7140.300000011921}",436687964696,1254341292,POINT (0.3881256079401115 0.3647491875478377),,,,,,,,,,,,,,,,,,,,,,,,,,,,,,,,,,,,,,,,,,,,,,,,,,,
0,54,18,"{'x': 745.2011672450142, 'y': 393.9291225516647, 'elapsedTime': 7140.300000011921}",436687981363,1254357959,POINT (0.3881256079401115 0.3647491875478377),,,,,,,,,,,,,,,,,,,,,,,,,,,,,,,,,,,,,,,,,,,,,,,,,,,
0,54,18,"{'x': 745.2011672450142, 'y': 393.9291225516647, 'elapsedTime': 7140.300000011921}",436687998030,1254374625,POINT (0.3881256079401115 0.3647491875478377),,,,,,,,,,,,,,,,,,,,,,,,,,,,,,,,,,,,,,,,,,,,,,,,,,,
0,54,18,"{'x': 745.2011672450142, 'y': 393.9291225516647, 'elapsedTime': 7140.300000011921}",436688014703,1254391298,POINT (0.3881256079401115 0.3647491875478377),,,,,,,,,,,,,,,,,,,,,,,,,,,,,,,,,,,,,,,,,,,,,,,,,,,
0,54,18,"{'x': 745.2011672450142, 'y': 393.9291225516647, 'elapsedTime': 7140.300000011921}",436688031371,1254407965,POINT (0.3881256079401115 0.3647491875478377),,,,,,,,,,,,,,,,,,,,,,,,,,,,,,,,,,,,,,,,,,,,,,,,,,,
0,54,18,"{'x': 745.2011672450142, 'y': 393.9291225516647, 'elapsedTime': 7140.300000011921}",436688048037,1254424631,POINT (0.3881256079401115 0.3647491875478377),,,,,,,,,,,,,,,,,,,,,,,,,,,,,,,,,,,,,,,,,,,,,,,,,,,
0,54,18,"{'x': 745.2011672450142, 'y': 393.9291225516647, 'elapsedTime': 7140.300000011921}",436688064705,1254441298,POINT (0.3881256079401115 0.3647491875478377),,,,,,,,,,,,,,,,,,,,,,,,,,,,,,,,,,,,,,,,,,,,,,,,,,,
0,54,18,"{'x': 745.2011672450142, 'y': 393.9291225516647, 'elapsedTime': 7140.300000011921}",436688081371,1254457964,POINT (0.3881256079401115 0.3647491875478377),,,,,,,,,,,,,,,,,,,,,,,,,,,,,,,,,,,,,,,,,,,,,,,,,,,
0,54,18,"{'x': 745.2011672450142, 'y': 393.9291225516647, 'elapsedTime': 7140.300000011921}",436688098039,1254474631,POINT (0.3881256079401115 0.3647491875478377),,,,,,,,,,,,,,,,,,,,,,,,,,,,,,,,,,,,,,,,,,,,,,,,,,,
0,54,18,"{'x': 745.2011672450142, 'y': 393.9291225516647, 'elapsedTime': 7140.300000011921}",436688114706,1254491298,POINT (0.3881256079401115 0.3647491875478377),,,,,,,,,,,,,,,,,,,,,,,,,,,,,,,,,,,,,,,,,,,,,,,,,,,
0,54,18,"{'x': 745.2011672450142, 'y': 393.9291225516647, 'elapsedTime': 7140.300000011921}",436688131373,1254507964,POINT (0.3881256079401115 0.3647491875478377),,,,,,,,,,,,,,,,,,,,,,,,,,,,,,,,,,,,,,,,,,,,,,,,,,,
0,54,18,"{'x': 745.2011672450142, 'y': 393.9291225516647, 'elapsedTime': 7140.300000011921}",436688148045,1254524636,POINT (0.3881256079401115 0.3647491875478377),,,,,,,,,,,,,,,,,,,,,,,,,,,,,,,,,,,,,,,,,,,,,,,,,,,
0,54,18,"{'x': 745.2011672450142, 'y': 393.9291225516647, 'elapsedTime': 7140.300000011921}",436688164713,1254541303,POINT (0.3881256079401115 0.3647491875478377),,,,,,,,,,,,,,,,,,,,,,,,,,,,,,,,,,,,,,,,,,,,,,,,,,,
0,54,18,"{'x': 745.2011672450142, 'y': 393.9291225516647, 'elapsedTime': 7140.300000011921}",436688181379,1254557969,POINT (0.3881256079401115 0.3647491875478377),,,,,,,,,,,,,,,,,,,,,,,,,,,,,,,,,,,,,,,,,,,,,,,,,,,
0,54,18,"{'x': 745.2011672450142, 'y': 393.9291225516647, 'elapsedTime': 7140.300000011921}",436688198047,1254574636,POINT (0.3881256079401115 0.3647491875478377),,,,,,,,,,,,,,,,,,,,,,,,,,,,,,,,,,,,,,,,,,,,,,,,,,,
0,54,18,"{'x': 745.2011672450142, 'y': 393.9291225516647, 'elapsedTime': 7140.300000011921}",436688214714,1254591303,POINT (0.3881256079401115 0.3647491875478377),,,,,,,,,,,,,,,,,,,,,,,,,,,,,,,,,,,,,,,,,,,,,,,,,,,
0,54,18,"{'x': 745.2011672450142, 'y': 393.9291225516647, 'elapsedTime': 7140.300000011921}",436688231380,1254607969,POINT (0.3881256079401115 0.3647491875478377),,,,,,,,,,,,,,,,,,,,,,,,,,,,,,,,,,,,,,,,,,,,,,,,,,,
0,54,18,"{'x': 745.2011672450142, 'y': 393.9291225516647, 'elapsedTime': 7140.300000011921}",436688248048,1254624636,POINT (0.3881256079401115 0.3647491875478377),,,,,,,,,,,,,,,,,,,,,,,,,,,,,,,,,,,,,,,,,,,,,,,,,,,
0,54,18,"{'x': 745.2011672450142, 'y': 393.9291225516647, 'elapsedTime': 7140.300000011921}",436688264718,1254641306,POINT (0.3881256079401115 0.3647491875478377),,,,,,,,,,,,,,,,,,,,,,,,,,,,,,,,,,,,,,,,,,,,,,,,,,,
0,54,18,"{'x': 745.2011672450142, 'y': 393.9291225516647, 'elapsedTime': 7140.300000011921}",436688281385,1254657972,POINT (0.3881256079401115 0.3647491875478377),,,,,,,,,,,,,,,,,,,,,,,,,,,,,,,,,,,,,,,,,,,,,,,,,,,
0,54,18,"{'x': 745.2011672450142, 'y': 393.9291225516647, 'elapsedTime': 7140.300000011921}",436688298052,1254674639,POINT (0.3881256079401115 0.3647491875478377),,,,,,,,,,,,,,,,,,,,,,,,,,,,,,,,,,,,,,,,,,,,,,,,,,,
0,54,18,"{'x': 745.2011672450142, 'y': 393.9291225516647, 'elapsedTime': 7140.300000011921}",436688314720,1254691306,POINT (0.3881256079401115 0.3647491875478377),,,,,,,,,,,,,,,,,,,,,,,,,,,,,,,,,,,,,,,,,,,,,,,,,,,
0,54,18,"{'x': 745.2011672450142, 'y': 393.9291225516647, 'elapsedTime': 7140.300000011921}",436688331386,1254707972,POINT (0.3881256079401115 0.3647491875478377),,,,,,,,,,,,,,,,,,,,,,,,,,,,,,,,,,,,,,,,,,,,,,,,,,,
0,54,18,"{'x': 745.2011672450142, 'y': 393.9291225516647, 'elapsedTime': 7140.300000011921}",436688348054,1254724639,POINT (0.3881256079401115 0.3647491875478377),,,,,,,,,,,,,,,,,,,,,,,,,,,,,,,,,,,,,,,,,,,,,,,,,,,
0,54,18,"{'x': 745.2011672450142, 'y': 393.9291225516647, 'elapsedTime': 7140.300000011921}",436688364721,1254741306,POINT (0.3881256079401115 0.3647491875478377),,,,,,,,,,,,,,,,,,,,,,,,,,,,,,,,,,,,,,,,,,,,,,,,,,,
0,54,18,"{'x': 745.2011672450142, 'y': 393.9291225516647, 'elapsedTime': 7140.300000011921}",436688381388,1254757972,POINT (0.3881256079401115 0.3647491875478377),,,,,,,,,,,,,,,,,,,,,,,,,,,,,,,,,,,,,,,,,,,,,,,,,,,
0,54,18,"{'x': 745.2011672450142, 'y': 393.9291225516647, 'elapsedTime': 7140.300000011921}",436688398059,1254774643,POINT (0.3881256079401115 0.3647491875478377),,,,,,,,,,,,,,,,,,,,,,,,,,,,,,,,,,,,,,,,,,,,,,,,,,,
0,54,18,"{'x': 745.2011672450142, 'y': 393.9291225516647, 'elapsedTime': 7140.300000011921}",436688414727,1254791310,POINT (0.3881256079401115 0.3647491875478377),,,,,,,,,,,,,,,,,,,,,,,,,,,,,,,,,,,,,,,,,,,,,,,,,,,
0,54,18,"{'x': 745.2011672450142, 'y': 393.9291225516647, 'elapsedTime': 7140.300000011921}",436688431393,1254807976,POINT (0.3881256079401115 0.3647491875478377),,,,,,,,,,,,,,,,,,,,,,,,,,,,,,,,,,,,,,,,,,,,,,,,,,,
0,54,18,"{'x': 745.2011672450142, 'y': 393.9291225516647, 'elapsedTime': 7140.300000011921}",436688448061,1254824643,POINT (0.3881256079401115 0.3647491875478377),,,,,,,,,,,,,,,,,,,,,,,,,,,,,,,,,,,,,,,,,,,,,,,,,,,
0,54,18,"{'x': 745.2011672450142, 'y': 393.9291225516647, 'elapsedTime': 7140.300000011921}",436688464728,1254841310,POINT (0.3881256079401115 0.3647491875478377),,,,,,,,,,,,,,,,,,,,,,,,,,,,,,,,,,,,,,,,,,,,,,,,,,,
0,54,18,"{'x': 745.2011672450142, 'y': 393.9291225516647, 'elapsedTime': 7140.300000011921}",436688481395,1254857976,POINT (0.3881256079401115 0.3647491875478377),,,,,,,,,,,,,,,,,,,,,,,,,,,,,,,,,,,,,,,,,,,,,,,,,,,
0,54,18,"{'x': 745.2011672450142, 'y': 393.9291225516647, 'elapsedTime': 7140.300000011921}",436688498062,1254874643,POINT (0.3881256079401115 0.3647491875478377),,,,,,,,,,,,,,,,,,,,,,,,,,,,,,,,,,,,,,,,,,,,,,,,,,,
0,54,18,"{'x': 745.2011672450142, 'y': 393.9291225516647, 'elapsedTime': 7140.300000011921}",436688514730,1254891310,POINT (0.3881256079401115 0.3647491875478377),,,,,,,,,,,,,,,,,,,,,,,,,,,,,,,,,,,,,,,,,,,,,,,,,,,
0,54,18,"{'x': 745.2011672450142, 'y': 393.9291225516647, 'elapsedTime': 7140.300000011921}",436688531403,1254907983,POINT (0.3881256079401115 0.3647491875478377),,,,,,,,,,,,,,,,,,,,,,,,,,,,,,,,,,,,,,,,,,,,,,,,,,,
0,54,18,"{'x': 745.2011672450142, 'y': 393.9291225516647, 'elapsedTime': 7140.300000011921}",436688548071,1254924650,POINT (0.3881256079401115 0.3647491875478377),,,,,,,,,,,,,,,,,,,,,,,,,,,,,,,,,,,,,,,,,,,,,,,,,,,
0,54,18,"{'x': 745.2011672450142, 'y': 393.9291225516647, 'elapsedTime': 7140.300000011921}",436688564738,1254941317,POINT (0.3881256079401115 0.3647491875478377),,,,,,,,,,,,,,,,,,,,,,,,,,,,,,,,,,,,,,,,,,,,,,,,,,,
0,54,18,"{'x': 745.2011672450142, 'y': 393.9291225516647, 'elapsedTime': 7140.300000011921}",436688581405,1254957983,POINT (0.3881256079401115 0.3647491875478377),,,,,,,,,,,,,,,,,,,,,,,,,,,,,,,,,,,,,,,,,,,,,,,,,,,
0,54,18,"{'x': 745.2011672450142, 'y': 393.9291225516647, 'elapsedTime': 7140.300000011921}",436688598072,1254974650,POINT (0.3881256079401115 0.3647491875478377),,,,,,,,,,,,,,,,,,,,,,,,,,,,,,,,,,,,,,,,,,,,,,,,,,,
0,54,18,"{'x': 745.2011672450142, 'y': 393.9291225516647, 'elapsedTime': 7140.300000011921}",436688614738,1254991316,POINT (0.3881256079401115 0.3647491875478377),,,,,,,,,,,,,,,,,,,,,,,,,,,,,,,,,,,,,,,,,,,,,,,,,,,
0,54,18,"{'x': 745.2011672450142, 'y': 393.9291225516647, 'elapsedTime': 7140.300000011921}",436688631406,1255007983,POINT (0.3881256079401115 0.3647491875478377),,,,,,,,,,,,,,,,,,,,,,,,,,,,,,,,,,,,,,,,,,,,,,,,,,,
0,54,18,"{'x': 745.2011672450142, 'y': 393.9291225516647, 'elapsedTime': 7140.300000011921}",436688648073,1255024650,POINT (0.3881256079401115 0.3647491875478377),,,,,,,,,,,,,,,,,,,,,,,,,,,,,,,,,,,,,,,,,,,,,,,,,,,
0,54,18,"{'x': 745.2011672450142, 'y': 393.9291225516647, 'elapsedTime': 7140.300000011921}",436688664743,1255041319,POINT (0.3881256079401115 0.3647491875478377),,,,,,,,,,,,,,,,,,,,,,,,,,,,,,,,,,,,,,,,,,,,,,,,,,,
0,54,18,"{'x': 499.5552172026913, 'y': 500.13825778518753, 'elapsedTime': 4.399999976158142}",436688681410,1255057986,POINT (0.2601850089597351 0.4630909794307292),,,,,,,,,,,,,,,,,,,,,,,,,,,,,,,,,,,,,,,,,,,,,,,,,,,
0,54,18,"{'x': 499.5552172026913, 'y': 500.13825778518753, 'elapsedTime': 4.399999976158142}",436688698078,1255074653,POINT (0.2601850089597351 0.4630909794307292),,,,,,,,,,,,,,,,,,,,,,,,,,,,,,,,,,,,,,,,,,,,,,,,,,,
0,54,18,"{'x': 499.5552172026913, 'y': 500.13825778518753, 'elapsedTime': 4.399999976158142}",436688714744,1255091319,POINT (0.2601850089597351 0.4630909794307292),,,,,,,,,,,,,,,,,,,,,,,,,,,,,,,,,,,,,,,,,,,,,,,,,,,
0,54,18,"{'x': 499.5552172026913, 'y': 500.13825778518753, 'elapsedTime': 4.399999976158142}",436688731412,1255107986,POINT (0.2601850089597351 0.4630909794307292),,,,,,,,,,,,,,,,,,,,,,,,,,,,,,,,,,,,,,,,,,,,,,,,,,,
0,54,18,"{'x': 499.62121001939613, 'y': 500.4586292062132, 'elapsedTime': 919.6999999880791}",436688748079,1255124653,POINT (0.2602193802184355 0.4633876196353826),,,,,,,,,,,,,,,,,,,,,,,,,,,,,,,,,,,,,,,,,,,,,,,,,,,
0,54,18,"{'x': 499.62121001939613, 'y': 500.4586292062132, 'elapsedTime': 919.6999999880791}",436688764746,1255141319,POINT (0.2602193802184355 0.4633876196353826),,,,,,,,,,,,,,,,,,,,,,,,,,,,,,,,,,,,,,,,,,,,,,,,,,,
0,54,18,"{'x': 499.62121001939613, 'y': 500.4586292062132, 'elapsedTime': 919.6999999880791}",436688781405,1255157978,POINT (0.2602193802184355 0.4633876196353826),,,,,,,,,,,,,,,,,,,,,,,,,,,,,,,,,,,,,,,,,,,,,,,,,,,
0,54,18,"{'x': 509.9901596486119, 'y': 501.8479932139592, 'elapsedTime': 977.5999999642372}",436688798086,1255174658,POINT (0.2656198748169854 0.464674067790703),,,,,,,,,,,,,,,,,,,,,,,,,,,,,,,,,,,,,,,,,,,,,,,,,,,
0,54,18,"{'x': 509.9901596486119, 'y': 501.8479932139592, 'elapsedTime': 977.5999999642372}",436688814752,1255191324,POINT (0.2656198748169854 0.464674067790703),,,,,,,,,,,,,,,,,,,,,,,,,,,,,,,,,,,,,,,,,,,,,,,,,,,
0,54,18,"{'x': 509.9901596486119, 'y': 501.8479932139592, 'elapsedTime': 977.5999999642372}",436688831420,1255207991,POINT (0.2656198748169854 0.464674067790703),,,,,,,,,,,,,,,,,,,,,,,,,,,,,,,,,,,,,,,,,,,,,,,,,,,
0,54,18,"{'x': 509.9901596486119, 'y': 501.8479932139592, 'elapsedTime': 977.5999999642372}",436688848087,1255224658,POINT (0.2656198748169854 0.464674067790703),,,,,,,,,,,,,,,,,,,,,,,,,,,,,,,,,,,,,,,,,,,,,,,,,,,
0,54,18,"{'x': 533.5234664432894, 'y': 493.75804228565164, 'elapsedTime': 1032.699999988079}",436688864754,1255241324,POINT (0.2778768054392132 0.4571833724867145),,,,,,,,,,,,,,,,,,,,,,,,,,,,,,,,,,,,,,,,,,,,,,,,,,,
0,54,18,"{'x': 533.5234664432894, 'y': 493.75804228565164, 'elapsedTime': 1032.699999988079}",436688881421,1255257991,POINT (0.2778768054392132 0.4571833724867145),,,,,,,,,,,,,,,,,,,,,,,,,,,,,,,,,,,,,,,,,,,,,,,,,,,
0,54,18,"{'x': 533.5234664432894, 'y': 493.75804228565164, 'elapsedTime': 1032.699999988079}",436688898089,1255274658,POINT (0.2778768054392132 0.4571833724867145),,,,,,,,,,,,,,,,,,,,,,,,,,,,,,,,,,,,,,,,,,,,,,,,,,,
0,54,18,"{'x': 568.3679747673339, 'y': 485.92448944564956, 'elapsedTime': 1090.5999999642372}",436688914755,1255291324,POINT (0.2960249868579864 0.4499300828200459),,,,,,,,,,,,,,,,,,,,,,,,,,,,,,,,,,,,,,,,,,,,,,,,,,,
0,54,18,"{'x': 568.3679747673339, 'y': 485.92448944564956, 'elapsedTime': 1090.5999999642372}",436688931427,1255307995,POINT (0.2960249868579864 0.4499300828200459),,,,,,,,,,,,,,,,,,,,,,,,,,,,,,,,,,,,,,,,,,,,,,,,,,,
0,54,18,"{'x': 568.3679747673339, 'y': 485.92448944564956, 'elapsedTime': 1090.5999999642372}",436688948094,1255324662,POINT (0.2960249868579864 0.4499300828200459),,,,,,,,,,,,,,,,,,,,,,,,,,,,,,,,,,,,,,,,,,,,,,,,,,,
0,54,18,"{'x': 580.4059644289727, 'y': 485.5449545698251, 'elapsedTime': 1146.699999988079}",436688964761,1255341328,POINT (0.3022947731400899 0.449578661638727),,,,,,,,,,,,,,,,,,,,,,,,,,,,,,,,,,,,,,,,,,,,,,,,,,,
0,54,18,"{'x': 580.4059644289727, 'y': 485.5449545698251, 'elapsedTime': 1146.699999988079}",436688981428,1255357995,POINT (0.3022947731400899 0.449578661638727),,,,,,,,,,,,,,,,,,,,,,,,,,,,,,,,,,,,,,,,,,,,,,,,,,,
0,54,18,"{'x': 580.4059644289727, 'y': 485.5449545698251, 'elapsedTime': 1146.699999988079}",436688998095,1255374662,POINT (0.3022947731400899 0.449578661638727),,,,,,,,,,,,,,,,,,,,,,,,,,,,,,,,,,,,,,,,,,,,,,,,,,,
0,54,18,"{'x': 580.4059644289727, 'y': 485.5449545698251, 'elapsedTime': 1146.699999988079}",436689014754,1255391320,POINT (0.3022947731400899 0.449578661638727),,,,,,,,,,,,,,,,,,,,,,,,,,,,,,,,,,,,,,,,,,,,,,,,,,,
0,54,18,"{'x': 580.4059644289727, 'y': 485.5449545698251, 'elapsedTime': 1146.699999988079}",436689031429,1255407995,POINT (0.3022947731400899 0.449578661638727),,,,,,,,,,,,,,,,,,,,,,,,,,,,,,,,,,,,,,,,,,,,,,,,,,,
0,54,18,"{'x': 603.8104828350404, 'y': 491.6625602772341, 'elapsedTime': 1203.5}",436689048097,1255424662,POINT (0.3144846264765835 0.4552431113678094),,,,,,,,,,,,,,,,,,,,,,,,,,,,,,,,,,,,,,,,,,,,,,,,,,,
0,54,18,"{'x': 603.8104828350404, 'y': 491.6625602772341, 'elapsedTime': 1203.5}",436689064770,1255441335,POINT (0.3144846264765835 0.4552431113678094),,,,,,,,,,,,,,,,,,,,,,,,,,,,,,,,,,,,,,,,,,,,,,,,,,,
0,54,18,"{'x': 603.8104828350404, 'y': 491.6625602772341, 'elapsedTime': 1203.5}",436689081438,1255458002,POINT (0.3144846264765835 0.4552431113678094),,,,,,,,,,,,,,,,,,,,,,,,,,,,,,,,,,,,,,,,,,,,,,,,,,,
0,54,18,"{'x': 603.8104828350404, 'y': 491.6625602772341, 'elapsedTime': 1203.5}",436689098105,1255474669,POINT (0.3144846264765835 0.4552431113678094),,,,,,,,,,,,,,,,,,,,,,,,,,,,,,,,,,,,,,,,,,,,,,,,,,,
0,54,18,"{'x': 631.5256619193026, 'y': 425.3197141517102, 'elapsedTime': 1286.699999988079}",436689114772,1255491335,POINT (0.3289196155829701 0.3938145501404724),,,,,,,,,,,,,,,,,,,,,,,,,,,,,,,,,,,,,,,,,,,,,,,,,,,
0,54,18,"{'x': 631.5256619193026, 'y': 425.3197141517102, 'elapsedTime': 1286.699999988079}",436689131430,1255507993,POINT (0.3289196155829701 0.3938145501404724),,,,,,,,,,,,,,,,,,,,,,,,,,,,,,,,,,,,,,,,,,,,,,,,,,,
0,54,18,"{'x': 631.5256619193026, 'y': 425.3197141517102, 'elapsedTime': 1286.699999988079}",436689148098,1255524660,POINT (0.3289196155829701 0.3938145501404724),,,,,,,,,,,,,,,,,,,,,,,,,,,,,,,,,,,,,,,,,,,,,,,,,,,
0,54,18,"{'x': 688.4380961115368, 'y': 432.64986134795106, 'elapsedTime': 1344.5}",436689164773,1255541335,POINT (0.3585615083914254 0.4006017234703251),,,,,,,,,,,,,,,,,,,,,,,,,,,,,,,,,,,,,,,,,,,,,,,,,,,
0,54,18,"{'x': 688.4380961115368, 'y': 432.64986134795106, 'elapsedTime': 1344.5}",436689181444,1255558005,POINT (0.3585615083914254 0.4006017234703251),,,,,,,,,,,,,,,,,,,,,,,,,,,,,,,,,,,,,,,,,,,,,,,,,,,
0,54,18,"{'x': 688.4380961115368, 'y': 432.64986134795106, 'elapsedTime': 1344.5}",436689198110,1255574671,POINT (0.3585615083914254 0.4006017234703251),,,,,,,,,,,,,,,,,,,,,,,,,,,,,,,,,,,,,,,,,,,,,,,,,,,
0,54,18,"{'x': 809.0760757272386, 'y': 483.8795201566127, 'elapsedTime': 1405.300000011921}",436689214778,1255591338,POINT (0.4213937894412701 0.4480365927376044),,,,,,,,,,,,,,,,,,,,,,,,,,,,,,,,,,,,,,,,,,,,,,,,,,,
0,54,18,"{'x': 809.0760757272386, 'y': 483.8795201566127, 'elapsedTime': 1405.300000011921}",436689231445,1255608005,POINT (0.4213937894412701 0.4480365927376044),,,,,,,,,,,,,,,,,,,,,,,,,,,,,,,,,,,,,,,,,,,,,,,,,,,
0,54,18,"{'x': 809.0760757272386, 'y': 483.8795201566127, 'elapsedTime': 1405.300000011921}",436689248104,1255624663,POINT (0.4213937894412701 0.4480365927376044),,,,,,,,,,,,,,,,,,,,,,,,,,,,,,,,,,,,,,,,,,,,,,,,,,,
0,54,18,"{'x': 809.0760757272386, 'y': 483.8795201566127, 'elapsedTime': 1405.300000011921}",436689264779,1255641338,POINT (0.4213937894412701 0.4480365927376044),,,,,,,,,,,,,,,,,,,,,,,,,,,,,,,,,,,,,,,,,,,,,,,,,,,
0,54,18,"{'x': 809.0760757272386, 'y': 483.8795201566127, 'elapsedTime': 1405.300000011921}",436689281447,1255658005,POINT (0.4213937894412701 0.4480365927376044),,,,,,,,,,,,,,,,,,,,,,,,,,,,,,,,,,,,,,,,,,,,,,,,,,,
0,54,18,"{'x': 832.2774906305577, 'y': 484.296036071997, 'elapsedTime': 1461.699999988079}",436689298113,1255674671,POINT (0.4334778597034155 0.4484222556222194),,,,,,,,,,,,,,,,,,,,,,,,,,,,,,,,,,,,,,,,,,,,,,,,,,,
0,54,18,"{'x': 832.2774906305577, 'y': 484.296036071997, 'elapsedTime': 1461.699999988079}",436689314778,1255691335,POINT (0.4334778597034155 0.4484222556222194),,,,,,,,,,,,,,,,,,,,,,,,,,,,,,,,,,,,,,,,,,,,,,,,,,,
0,54,18,"{'x': 832.2774906305577, 'y': 484.296036071997, 'elapsedTime': 1461.699999988079}",436689331453,1255708010,POINT (0.4334778597034155 0.4484222556222194),,,,,,,,,,,,,,,,,,,,,,,,,,,,,,,,,,,,,,,,,,,,,,,,,,,
0,54,18,"{'x': 814.2608288645538, 'y': 439.63898609890003, 'elapsedTime': 1527.5}",436689348120,1255724676,POINT (0.4240941817002884 0.4070731352767593),,,,,,,,,,,,,,,,,,,,,,,,,,,,,,,,,,,,,,,,,,,,,,,,,,,
0,54,18,"{'x': 814.2608288645538, 'y': 439.63898609890003, 'elapsedTime': 1527.5}",436689364787,1255741343,POINT (0.4240941817002884 0.4070731352767593),,,,,,,,,,,,,,,,,,,,,,,,,,,,,,,,,,,,,,,,,,,,,,,,,,,
0,54,18,"{'x': 814.2608288645538, 'y': 439.63898609890003, 'elapsedTime': 1527.5}",436689381454,1255758010,POINT (0.4240941817002884 0.4070731352767593),,,,,,,,,,,,,,,,,,,,,,,,,,,,,,,,,,,,,,,,,,,,,,,,,,,
0,54,18,"{'x': 825.5023685040524, 'y': 440.12309349658875, 'elapsedTime': 1583}",436689398121,1255774676,POINT (0.4299491502625273 0.4075213828672118),,,,,,,,,,,,,,,,,,,,,,,,,,,,,,,,,,,,,,,,,,,,,,,,,,,
0,54,18,"{'x': 825.5023685040524, 'y': 440.12309349658875, 'elapsedTime': 1583}",436689414788,1255791343,POINT (0.4299491502625273 0.4075213828672118),,,,,,,,,,,,,,,,,,,,,,,,,,,,,,,,,,,,,,,,,,,,,,,,,,,
0,54,18,"{'x': 825.5023685040524, 'y': 440.12309349658875, 'elapsedTime': 1583}",436689431456,1255808010,POINT (0.4299491502625273 0.4075213828672118),,,,,,,,,,,,,,,,,,,,,,,,,,,,,,,,,,,,,,,,,,,,,,,,,,,
0,54,18,"{'x': 825.5023685040524, 'y': 440.12309349658875, 'elapsedTime': 1583}",436689448127,1255824681,POINT (0.4299491502625273 0.4075213828672118),,,,,,,,,,,,,,,,,,,,,,,,,,,,,,,,,,,,,,,,,,,,,,,,,,,
0,54,18,"{'x': 884.9071208879876, 'y': 465.53026927111335, 'elapsedTime': 1638.300000011921}",436689464795,1255841348,POINT (0.4608891254624936 0.4310465456214013),,,,,,,,,,,,,,,,,,,,,,,,,,,,,,,,,,,,,,,,,,,,,,,,,,,
0,54,18,"{'x': 884.9071208879876, 'y': 465.53026927111335, 'elapsedTime': 1638.300000011921}",436689481462,1255858015,POINT (0.4608891254624936 0.4310465456214013),,,,,,,,,,,,,,,,,,,,,,,,,,,,,,,,,,,,,,,,,,,,,,,,,,,
0,54,18,"{'x': 884.9071208879876, 'y': 465.53026927111335, 'elapsedTime': 1638.300000011921}",436689498129,1255874681,POINT (0.4608891254624936 0.4310465456214013),,,,,,,,,,,,,,,,,,,,,,,,,,,,,,,,,,,,,,,,,,,,,,,,,,,
0,54,18,"{'x': 895.1555072875981, 'y': 552.8146272981132, 'elapsedTime': 1692.800000011921}",436689514796,1255891348,POINT (0.4662268267122906 0.5118653956464011),,,,,,,,,,,,,,,,,,,,,,,,,,,,,,,,,,,,,,,,,,,,,,,,,,1,
0,54,18,"{'x': 895.1555072875981, 'y': 552.8146272981132, 'elapsedTime': 1692.800000011921}",436689531464,1255908015,POINT (0.4662268267122906 0.5118653956464011),,,,,,,,,,,,,,,,,,,,,,,,,,,,,,,,,,,,,,,,,,,,,,,,,,1,
0,54,18,"{'x': 895.1555072875981, 'y': 552.8146272981132, 'elapsedTime': 1692.800000011921}",436689548130,1255924681,POINT (0.4662268267122906 0.5118653956464011),,,,,,,,,,,,,,,,,,,,,,,,,,,,,,,,,,,,,,,,,,,,,,,,,,1,
0,54,18,"{'x': 895.1555072875981, 'y': 552.8146272981132, 'elapsedTime': 1692.800000011921}",436689564798,1255941348,POINT (0.4662268267122906 0.5118653956464011),,,,,,,,,,,,,,,,,,,,,,,,,,,,,,,,,,,,,,,,,,,,,,,,,,1,
0,54,18,"{'x': 905.1978267999673, 'y': 549.7662330317343, 'elapsedTime': 1749.699999988079}",436689581470,1255958020,POINT (0.4714572014583163 0.5090428083627169),,,,,,,,,,,,,,,,,,,,,,,,,,,,,,,,,,,,,,,,,,,,,,,,,,1,
0,54,18,"{'x': 905.1978267999673, 'y': 549.7662330317343, 'elapsedTime': 1749.699999988079}",436689598137,1255974686,POINT (0.4714572014583163 0.5090428083627169),,,,,,,,,,,,,,,,,,,,,,,,,,,,,,,,,,,,,,,,,,,,,,,,,,1,
0,54,18,"{'x': 905.1978267999673, 'y': 549.7662330317343, 'elapsedTime': 1749.699999988079}",436689614804,1255991353,POINT (0.4714572014583163 0.5090428083627169),,,,,,,,,,,,,,,,,,,,,,,,,,,,,,,,,,,,,,,,,,,,,,,,,,1,
0,54,18,"{'x': 905.1978267999673, 'y': 549.7662330317343, 'elapsedTime': 1749.699999988079}",436689631471,1256008019,POINT (0.4714572014583163 0.5090428083627169),,,,,,,,,,,,,,,,,,,,,,,,,,,,,,,,,,,,,,,,,,,,,,,,,,1,
0,54,18,"{'x': 928.5772329200996, 'y': 589.1371524619432, 'elapsedTime': 1818.3999999761581}",436689648138,1256024686,POINT (0.4836339754792186 0.5454973633906881),,,,,,,,,,,,,,,,,,,,,,,,,,,,,,,,,,,,,,,,,,,,,,,,,,1,
0,54,18,"{'x': 928.5772329200996, 'y': 589.1371524619432, 'elapsedTime': 1818.3999999761581}",436689664806,1256041353,POINT (0.4836339754792186 0.5454973633906881),,,,,,,,,,,,,,,,,,,,,,,,,,,,,,,,,,,,,,,,,,,,,,,,,,1,
0,54,18,"{'x': 928.5772329200996, 'y': 589.1371524619432, 'elapsedTime': 1818.3999999761581}",436689681473,1256058020,POINT (0.4836339754792186 0.5454973633906881),,,,,,,,,,,,,,,,,,,,,,,,,,,,,,,,,,,,,,,,,,,,,,,,,,1,
0,54,18,"{'x': 936.8179380651042, 'y': 592.4760277412097, 'elapsedTime': 1877.8999999761581}",436689698140,1256074686,POINT (0.4879260094089084 0.5485889145751942),,,,,,,,,,,,,,,,,,,,,,,,,,,,,,,,,,,,,,,,,,,,,,,,,,1,
0,54,18,"{'x': 936.8179380651042, 'y': 592.4760277412097, 'elapsedTime': 1877.8999999761581}",436689714812,1256091358,POINT (0.4879260094089084 0.5485889145751942),,,,,,,,,,,,,,,,,,,,,,,,,,,,,,,,,,,,,,,,,,,,,,,,,,1,
0,54,18,"{'x': 936.8179380651042, 'y': 592.4760277412097, 'elapsedTime': 1877.8999999761581}",436689731479,1256108024,POINT (0.4879260094089084 0.5485889145751942),,,,,,,,,,,,,,,,,,,,,,,,,,,,,,,,,,,,,,,,,,,,,,,,,,1,
0,54,18,"{'x': 949.9876554701899, 'y': 575.3755789974556, 'elapsedTime': 1936.5999999642372}",436689748146,1256124691,POINT (0.4947852372240573 0.5327551657383848),,,,,,,,,,,,,,,,,,,,,,,,,,,,,,,,,,,,,,,,,,,,,,,,,,1,
0,54,18,"{'x': 949.9876554701899, 'y': 575.3755789974556, 'elapsedTime': 1936.5999999642372}",436689764814,1256141358,POINT (0.4947852372240573 0.5327551657383848),,,,,,,,,,,,,,,,,,,,,,,,,,,,,,,,,,,,,,,,,,,,,,,,,,1,
0,54,18,"{'x': 949.9876554701899, 'y': 575.3755789974556, 'elapsedTime': 1936.5999999642372}",436689781480,1256158024,POINT (0.4947852372240573 0.5327551657383848),,,,,,,,,,,,,,,,,,,,,,,,,,,,,,,,,,,,,,,,,,,,,,,,,,1,
0,54,18,"{'x': 949.9876554701899, 'y': 575.3755789974556, 'elapsedTime': 1936.5999999642372}",436689798146,1256174689,POINT (0.4947852372240573 0.5327551657383848),,,,,,,,,,,,,,,,,,,,,,,,,,,,,,,,,,,,,,,,,,,,,,,,,,1,
0,54,18,"{'x': 964.3013766534632, 'y': 562.7040462375265, 'elapsedTime': 1992.5999999642372}",436689814814,1256191356,POINT (0.5022403003403454 0.5210222650347468),,,,,,,,,,,,,,,,,,,,,,,,,,,,,,,,,,,,,,,,,,,,,,,,,,1,
0,54,18,"{'x': 964.3013766534632, 'y': 562.7040462375265, 'elapsedTime': 1992.5999999642372}",436689831480,1256208022,POINT (0.5022403003403454 0.5210222650347468),,,,,,,,,,,,,,,,,,,,,,,,,,,,,,,,,,,,,,,,,,,,,,,,,,1,
0,54,18,"{'x': 964.3013766534632, 'y': 562.7040462375265, 'elapsedTime': 1992.5999999642372}",436689848154,1256224695,POINT (0.5022403003403454 0.5210222650347468),,,,,,,,,,,,,,,,,,,,,,,,,,,,,,,,,,,,,,,,,,,,,,,,,,1,
0,54,18,"{'x': 964.3013766534632, 'y': 562.7040462375265, 'elapsedTime': 1992.5999999642372}",436689864821,1256241362,POINT (0.5022403003403454 0.5210222650347468),,,,,,,,,,,,,,,,,,,,,,,,,,,,,,,,,,,,,,,,,,,,,,,,,,1,
0,54,18,"{'x': 964.3013766534632, 'y': 562.7040462375265, 'elapsedTime': 1992.5999999642372}",436689881488,1256258028,POINT (0.5022403003403454 0.5210222650347468),,,,,,,,,,,,,,,,,,,,,,,,,,,,,,,,,,,,,,,,,,,,,,,,,,1,
0,54,18,"{'x': 978.2082439926963, 'y': 611.3831123516471, 'elapsedTime': 2049.699999988079}",436689898155,1256274695,POINT (0.5094834604128626 0.5660954743996732),,,,,,,,,,,,,,,,,,,,,,,,,,,,,,,,,,,,,,,,,,,,,,,,,,1,
0,54,18,"{'x': 978.2082439926963, 'y': 611.3831123516471, 'elapsedTime': 2049.699999988079}",436689914823,1256291362,POINT (0.5094834604128626 0.5660954743996732),,,,,,,,,,,,,,,,,,,,,,,,,,,,,,,,,,,,,,,,,,,,,,,,,,1,
0,54,18,"{'x': 978.2082439926963, 'y': 611.3831123516471, 'elapsedTime': 2049.699999988079}",436689931489,1256308028,POINT (0.5094834604128626 0.5660954743996732),,,,,,,,,,,,,,,,,,,,,,,,,,,,,,,,,,,,,,,,,,,,,,,,,,1,
0,54,18,"{'x': 963.8310957400504, 'y': 612.3550937495902, 'elapsedTime': 2133.300000011921}",436689948157,1256324695,POINT (0.5019953623646096 0.5669954571755464),,,,,,,,,,,,,,,,,,,,,,,,,,,,,,,,,,,,,,,,,,,,,,,,,,1,
0,54,18,"{'x': 963.8310957400504, 'y': 612.3550937495902, 'elapsedTime': 2133.300000011921}",436689964824,1256341362,POINT (0.5019953623646096 0.5669954571755464),,,,,,,,,,,,,,,,,,,,,,,,,,,,,,,,,,,,,,,,,,,,,,,,,,1,
0,54,18,"{'x': 963.8310957400504, 'y': 612.3550937495902, 'elapsedTime': 2133.300000011921}",436689981497,1256358034,POINT (0.5019953623646096 0.5669954571755464),,,,,,,,,,,,,,,,,,,,,,,,,,,,,,,,,,,,,,,,,,,,,,,,,,1,
0,54,18,"{'x': 965.4731756966526, 'y': 618.8915593050464, 'elapsedTime': 2180.399999976158}",436689998164,1256374701,POINT (0.5028506123420066 0.5730477400972651),,,,,,,,,,,,,,,,,,,,,,,,,,,,,,,,,,,,,,,,,,,,,,,,,,1,
0,54,18,"{'x': 965.4731756966526, 'y': 618.8915593050464, 'elapsedTime': 2180.399999976158}",436690014832,1256391368,POINT (0.5028506123420066 0.5730477400972651),,,,,,,,,,,,,,,,,,,,,,,,,,,,,,,,,,,,,,,,,,,,,,,,,,1,
0,54,18,"{'x': 965.4731756966526, 'y': 618.8915593050464, 'elapsedTime': 2180.399999976158}",436690031498,1256408034,POINT (0.5028506123420066 0.5730477400972651),,,,,,,,,,,,,,,,,,,,,,,,,,,,,,,,,,,,,,,,,,,,,,,,,,1,
0,54,18,"{'x': 965.4731756966526, 'y': 618.8915593050464, 'elapsedTime': 2180.399999976158}",436690048166,1256424701,POINT (0.5028506123420066 0.5730477400972651),,,,,,,,,,,,,,,,,,,,,,,,,,,,,,,,,,,,,,,,,,,,,,,,,,1,
0,54,18,"{'x': 943.8561914489013, 'y': 561.8095729305094, 'elapsedTime': 2232.599999964237}",436690064833,1256441368,POINT (0.4915917663796361 0.5201940490097309),,,,,,,,,,,,,,,,,,,,,,,,,,,,,,,,,,,,,,,,,,,,,,,,,,1,
0,54,18,"{'x': 943.8561914489013, 'y': 561.8095729305094, 'elapsedTime': 2232.599999964237}",436690081500,1256458034,POINT (0.4915917663796361 0.5201940490097309),,,,,,,,,,,,,,,,,,,,,,,,,,,,,,,,,,,,,,,,,,,,,,,,,,1,
0,54,18,"{'x': 943.8561914489013, 'y': 561.8095729305094, 'elapsedTime': 2232.599999964237}",436690098168,1256474702,POINT (0.4915917663796361 0.5201940490097309),,,,,,,,,,,,,,,,,,,,,,,,,,,,,,,,,,,,,,,,,,,,,,,,,,1,
0,54,18,"{'x': 921.9290215054282, 'y': 596.6524759238897, 'elapsedTime': 2294.399999976158}",436690114838,1256491371,POINT (0.4801713653674105 0.5524559962258238),,,,,,,,,,,,,,,,,,,,,,,,,,,,,,,,,,,,,,,,,,,,,,,,,,1,
0,54,18,"{'x': 921.9290215054282, 'y': 596.6524759238897, 'elapsedTime': 2294.399999976158}",436690131504,1256508037,POINT (0.4801713653674105 0.5524559962258238),,,,,,,,,,,,,,,,,,,,,,,,,,,,,,,,,,,,,,,,,,,,,,,,,,1,
0,54,18,"{'x': 921.9290215054282, 'y': 596.6524759238897, 'elapsedTime': 2294.399999976158}",436690148169,1256524702,POINT (0.4801713653674105 0.5524559962258238),,,,,,,,,,,,,,,,,,,,,,,,,,,,,,,,,,,,,,,,,,,,,,,,,,1,
0,54,18,"{'x': 845.47700234424, 'y': 566.3115967963381, 'elapsedTime': 2347.899999976158}",436690164839,1256541371,POINT (0.440352605387625 0.5243625896262389),,,,,,,,,,,,,,,,,,,,,,,,,,,,,,,,,,,,,,,,,,,,,,,,,,1,
0,54,18,"{'x': 845.47700234424, 'y': 566.3115967963381, 'elapsedTime': 2347.899999976158}",436690181505,1256558037,POINT (0.440352605387625 0.5243625896262389),,,,,,,,,,,,,,,,,,,,,,,,,,,,,,,,,,,,,,,,,,,,,,,,,,1,
0,54,18,"{'x': 845.47700234424, 'y': 566.3115967963381, 'elapsedTime': 2347.899999976158}",436690198173,1256574704,POINT (0.440352605387625 0.5243625896262389),,,,,,,,,,,,,,,,,,,,,,,,,,,,,,,,,,,,,,,,,,,,,,,,,,1,
0,54,18,"{'x': 810.1326809623954, 'y': 580.2033008853009, 'elapsedTime': 2395.699999988079}",436690214840,1256591371,POINT (0.4219441046679143 0.5372252785975008),,,,,,,,,,,,,,,,,,,,,,,,,,,,,,,,,,,,,,,,,,,,,,,,,,1,
0,54,18,"{'x': 810.1326809623954, 'y': 580.2033008853009, 'elapsedTime': 2395.699999988079}",436690231511,1256608041,POINT (0.4219441046679143 0.5372252785975008),,,,,,,,,,,,,,,,,,,,,,,,,,,,,,,,,,,,,,,,,,,,,,,,,,1,
0,54,18,"{'x': 810.1326809623954, 'y': 580.2033008853009, 'elapsedTime': 2395.699999988079}",436690248178,1256624708,POINT (0.4219441046679143 0.5372252785975008),,,,,,,,,,,,,,,,,,,,,,,,,,,,,,,,,,,,,,,,,,,,,,,,,,1,
0,54,18,"{'x': 810.1326809623954, 'y': 580.2033008853009, 'elapsedTime': 2395.699999988079}",436690264845,1256641374,POINT (0.4219441046679143 0.5372252785975008),,,,,,,,,,,,,,,,,,,,,,,,,,,,,,,,,,,,,,,,,,,,,,,,,,1,
0,54,18,"{'x': 810.1326809623954, 'y': 580.2033008853009, 'elapsedTime': 2395.699999988079}",436690281510,1256658039,POINT (0.4219441046679143 0.5372252785975008),,,,,,,,,,,,,,,,,,,,,,,,,,,,,,,,,,,,,,,,,,,,,,,,,,1,
0,54,18,"{'x': 739.2394270947932, 'y': 549.7176648908737, 'elapsedTime': 2445.599999964237}",436690298171,1256674699,POINT (0.3850205349452048 0.5089978378619201),,,,,,,,,,,,,,,,,,,,,,,,,,,,,,,,,,,,,,,,,,,,,,,,,,1,
0,54,18,"{'x': 739.2394270947932, 'y': 549.7176648908737, 'elapsedTime': 2445.599999964237}",436690314846,1256691374,POINT (0.3850205349452048 0.5089978378619201),,,,,,,,,,,,,,,,,,,,,,,,,,,,,,,,,,,,,,,,,,,,,,,,,,1,
0,54,18,"{'x': 739.2394270947932, 'y': 549.7176648908737, 'elapsedTime': 2445.599999964237}",436690331514,1256708041,POINT (0.3850205349452048 0.5089978378619201),,,,,,,,,,,,,,,,,,,,,,,,,,,,,,,,,,,,,,,,,,,,,,,,,,1,
0,54,18,"{'x': 770.6605774324204, 'y': 585.3419241153751, 'elapsedTime': 2525.599999964237}",436690348181,1256724708,POINT (0.401385717412719 0.5419832630697918),,,,,,,,,,,,,,,,,,,,,,,,,,,,,,,,,,,,,,,,,,,,,,,,,,1,
0,54,18,"{'x': 770.6605774324204, 'y': 585.3419241153751, 'elapsedTime': 2525.599999964237}",436690364851,1256741377,POINT (0.401385717412719 0.5419832630697918),,,,,,,,,,,,,,,,,,,,,,,,,,,,,,,,,,,,,,,,,,,,,,,,,,1,
0,54,18,"{'x': 770.6605774324204, 'y': 585.3419241153751, 'elapsedTime': 2525.599999964237}",436690381519,1256758044,POINT (0.401385717412719 0.5419832630697918),,,,,,,,,,,,,,,,,,,,,,,,,,,,,,,,,,,,,,,,,,,,,,,,,,1,
0,54,18,"{'x': 767.3828967970237, 'y': 579.8893270823947, 'elapsedTime': 2579.699999988079}",436690398187,1256774711,POINT (0.3996785920817832 0.5369345621133285),,,,,,,,,,,,,,,,,,,,,,,,,,,,,,,,,,,,,,,,,,,,,,,,,,1,
0,54,18,"{'x': 767.3828967970237, 'y': 579.8893270823947, 'elapsedTime': 2579.699999988079}",436690414853,1256791377,POINT (0.3996785920817832 0.5369345621133285),,,,,,,,,,,,,,,,,,,,,,,,,,,,,,,,,,,,,,,,,,,,,,,,,,1,
0,54,18,"{'x': 762.7360271289826, 'y': 568.9366496454335, 'elapsedTime': 2624.699999988079}",436690431521,1256808044,POINT (0.3972583474630118 0.5267931941161421),,,,,,,,,,,,,,,,,,,,,,,,,,,,,,,,,,,,,,,,,,,,,,,,,,1,
0,54,18,"{'x': 762.7360271289826, 'y': 568.9366496454335, 'elapsedTime': 2624.699999988079}",436690448188,1256824711,POINT (0.3972583474630118 0.5267931941161421),,,,,,,,,,,,,,,,,,,,,,,,,,,,,,,,,,,,,,,,,,,,,,,,,,1,
0,54,18,"{'x': 762.7360271289826, 'y': 568.9366496454335, 'elapsedTime': 2624.699999988079}",436690464855,1256841377,POINT (0.3972583474630118 0.5267931941161421),,,,,,,,,,,,,,,,,,,,,,,,,,,,,,,,,,,,,,,,,,,,,,,,,,1,
0,54,18,"{'x': 762.7360271289826, 'y': 568.9366496454335, 'elapsedTime': 2624.699999988079}",436690481522,1256858044,POINT (0.3972583474630118 0.5267931941161421),,,,,,,,,,,,,,,,,,,,,,,,,,,,,,,,,,,,,,,,,,,,,,,,,,1,
0,54,18,"{'x': 703.0966270922482, 'y': 536.9581904020727, 'elapsedTime': 2678.699999988079}",436690498196,1256874717,POINT (0.3661961599438793 0.4971835096315488),,,,,,,,,,,,,,,,,,,,,,,,,,,,,,,,,,,,,,,,,,,,,,,,,,1,
0,54,18,"{'x': 703.0966270922482, 'y': 536.9581904020727, 'elapsedTime': 2678.699999988079}",436690514862,1256891383,POINT (0.3661961599438793 0.4971835096315488),,,,,,,,,,,,,,,,,,,,,,,,,,,,,,,,,,,,,,,,,,,,,,,,,,1,
0,54,18,"{'x': 703.0966270922482, 'y': 536.9581904020727, 'elapsedTime': 2678.699999988079}",436690531529,1256908050,POINT (0.3661961599438793 0.4971835096315488),,,,,,,,,,,,,,,,,,,,,,,,,,,,,,,,,,,,,,,,,,,,,,,,,,1,
0,54,18,"{'x': 660.9586240250459, 'y': 556.4074010100888, 'elapsedTime': 2729.5}",436690548197,1256924717,POINT (0.344249283346378 0.5151920379723045),,,,,,,,,,,,,,,,,,,,,,,,,,,,,,,,,,,,,,,,,,,,,,,,,,1,
0,54,18,"{'x': 660.9586240250459, 'y': 556.4074010100888, 'elapsedTime': 2729.5}",436690564863,1256941383,POINT (0.344249283346378 0.5151920379723045),,,,,,,,,,,,,,,,,,,,,,,,,,,,,,,,,,,,,,,,,,,,,,,,,,1,
0,54,18,"{'x': 660.9586240250459, 'y': 556.4074010100888, 'elapsedTime': 2729.5}",436690581531,1256958050,POINT (0.344249283346378 0.5151920379723045),,,,,,,,,,,,,,,,,,,,,,,,,,,,,,,,,,,,,,,,,,,,,,,,,,1,
0,54,18,"{'x': 660.432988787119, 'y': 535.8375032918734, 'elapsedTime': 2787.699999988079}",436690598198,1256974717,POINT (0.3439755149932912 0.4961458363813643),,,,,,,,,,,,,,,,,,,,,,,,,,,,,,,,,,,,,,,,,,,,,,,,,,,
0,54,18,"{'x': 660.432988787119, 'y': 535.8375032918734, 'elapsedTime': 2787.699999988079}",436690614865,1256991383,POINT (0.3439755149932912 0.4961458363813643),,,,,,,,,,,,,,,,,,,,,,,,,,,,,,,,,,,,,,,,,,,,,,,,,,,
0,54,18,"{'x': 660.432988787119, 'y': 535.8375032918734, 'elapsedTime': 2787.699999988079}",436690631538,1257008056,POINT (0.3439755149932912 0.4961458363813643),,,,,,,,,,,,,,,,,,,,,,,,,,,,,,,,,,,,,,,,,,,,,,,,,,,
0,54,18,"{'x': 710.0781608286002, 'y': 559.3455086476714, 'elapsedTime': 2836.099999964237}",436690648206,1257024723,POINT (0.3698323754315626 0.5179125080071032),,,,,,,,,,,,,,,,,,,,,,,,,,,,,,,,,,,,,,,,,,,,,,,,,,1,
0,54,18,"{'x': 710.0781608286002, 'y': 559.3455086476714, 'elapsedTime': 2836.099999964237}",436690664872,1257041389,POINT (0.3698323754315626 0.5179125080071032),,,,,,,,,,,,,,,,,,,,,,,,,,,,,,,,,,,,,,,,,,,,,,,,,,1,
0,54,18,"{'x': 710.0781608286002, 'y': 559.3455086476714, 'elapsedTime': 2836.099999964237}",436690681540,1257058056,POINT (0.3698323754315626 0.5179125080071032),,,,,,,,,,,,,,,,,,,,,,,,,,,,,,,,,,,,,,,,,,,,,,,,,,1,
0,54,18,"{'x': 672.1962666742924, 'y': 560.7127213973753, 'elapsedTime': 2882.699999988079}",436690698207,1257074723,POINT (0.3501022222261939 0.5191784457383104),,,,,,,,,,,,,,,,,,,,,,,,,,,,,,,,,,,,,,,,,,,,,,,,,,1,
0,54,18,"{'x': 672.1962666742924, 'y': 560.7127213973753, 'elapsedTime': 2882.699999988079}",436690714874,1257091389,POINT (0.3501022222261939 0.5191784457383104),,,,,,,,,,,,,,,,,,,,,,,,,,,,,,,,,,,,,,,,,,,,,,,,,,1,
0,54,18,"{'x': 672.1962666742924, 'y': 560.7127213973753, 'elapsedTime': 2882.699999988079}",436690731541,1257108056,POINT (0.3501022222261939 0.5191784457383104),,,,,,,,,,,,,,,,,,,,,,,,,,,,,,,,,,,,,,,,,,,,,,,,,,1,
0,54,18,"{'x': 680.712904235791, 'y': 568.6967060971597, 'elapsedTime': 2930}",436690748208,1257124722,POINT (0.3545379709561412 0.5265710241640368),,,,,,,,,,,,,,,,,,,,,,,,,,,,,,,,,,,,,,,,,,,,,,,,,,1,
0,54,18,"{'x': 680.712904235791, 'y': 568.6967060971597, 'elapsedTime': 2930}",436690764879,1257141393,POINT (0.3545379709561412 0.5265710241640368),,,,,,,,,,,,,,,,,,,,,,,,,,,,,,,,,,,,,,,,,,,,,,,,,,1,
0,54,18,"{'x': 680.712904235791, 'y': 568.6967060971597, 'elapsedTime': 2930}",436690781538,1257158051,POINT (0.3545379709561412 0.5265710241640368),,,,,,,,,,,,,,,,,,,,,,,,,,,,,,,,,,,,,,,,,,,,,,,,,,1,
