,pid,stimulus_number,coordinates,current_time,current_time1,geometry,2.1,11.1,9.1,7.1,6.1,5.1,5.2,4.1,2.2,question,code,choices
0,54,11,"{'x': 804.4239818220198, 'y': 559.8969439661594, 'elapsedTime': 22410.30000001192}",436678864109,1245240975,POINT (0.4189708238656353 0.5184230962649624),,,,,,,,,,,1,
0,54,11,"{'x': 804.4239818220198, 'y': 559.8969439661594, 'elapsedTime': 22410.30000001192}",436678880768,1245257633,POINT (0.4189708238656353 0.5184230962649624),,,,,,,,,,,1,
0,54,11,"{'x': 804.4239818220198, 'y': 559.8969439661594, 'elapsedTime': 22410.30000001192}",436678897442,1245274307,POINT (0.4189708238656353 0.5184230962649624),,,,,,,,,,,1,
0,54,11,"{'x': 804.4239818220198, 'y': 559.8969439661594, 'elapsedTime': 22410.30000001192}",436678914109,1245290974,POINT (0.4189708238656353 0.5184230962649624),,,,,,,,,,,1,
0,54,11,"{'x': 804.4239818220198, 'y': 559.8969439661594, 'elapsedTime': 22410.30000001192}",436678930777,1245307641,POINT (0.4189708238656353 0.5184230962649624),,,,,,,,,,,1,
0,54,11,"{'x': 804.4239818220198, 'y': 559.8969439661594, 'elapsedTime': 22410.30000001192}",436678947444,1245324308,POINT (0.4189708238656353 0.5184230962649624),,,,,,,,,,,1,
0,54,11,"{'x': 804.4239818220198, 'y': 559.8969439661594, 'elapsedTime': 22410.30000001192}",436678964117,1245340980,POINT (0.4189708238656353 0.5184230962649624),,,,,,,,,,,1,
0,54,11,"{'x': 804.4239818220198, 'y': 559.8969439661594, 'elapsedTime': 22410.30000001192}",436678980783,1245357646,POINT (0.4189708238656353 0.5184230962649624),,,,,,,,,,,1,
0,54,11,"{'x': 804.4239818220198, 'y': 559.8969439661594, 'elapsedTime': 22410.30000001192}",436678997451,1245374313,POINT (0.4189708238656353 0.5184230962649624),,,,,,,,,,,1,
0,54,11,"{'x': 804.4239818220198, 'y': 559.8969439661594, 'elapsedTime': 22410.30000001192}",436679014118,1245390980,POINT (0.4189708238656353 0.5184230962649624),,,,,,,,,,,1,
0,54,11,"{'x': 804.4239818220198, 'y': 559.8969439661594, 'elapsedTime': 22410.30000001192}",436679030785,1245407646,POINT (0.4189708238656353 0.5184230962649624),,,,,,,,,,,1,
0,54,11,"{'x': 804.4239818220198, 'y': 559.8969439661594, 'elapsedTime': 22410.30000001192}",436679047452,1245424313,POINT (0.4189708238656353 0.5184230962649624),,,,,,,,,,,1,
0,54,11,"{'x': 804.4239818220198, 'y': 559.8969439661594, 'elapsedTime': 22410.30000001192}",436679064119,1245440979,POINT (0.4189708238656353 0.5184230962649624),,,,,,,,,,,1,
0,54,11,"{'x': 804.4239818220198, 'y': 559.8969439661594, 'elapsedTime': 22410.30000001192}",436679080786,1245457646,POINT (0.4189708238656353 0.5184230962649624),,,,,,,,,,,1,
0,54,11,"{'x': 804.4239818220198, 'y': 559.8969439661594, 'elapsedTime': 22410.30000001192}",436679097450,1245474309,POINT (0.4189708238656353 0.5184230962649624),,,,,,,,,,,1,
0,54,11,"{'x': 804.4239818220198, 'y': 559.8969439661594, 'elapsedTime': 22410.30000001192}",436679114117,1245490976,POINT (0.4189708238656353 0.5184230962649624),,,,,,,,,,,1,
0,54,11,"{'x': 804.4239818220198, 'y': 559.8969439661594, 'elapsedTime': 22410.30000001192}",436679130785,1245507643,POINT (0.4189708238656353 0.5184230962649624),,,,,,,,,,,1,
0,54,11,"{'x': 804.4239818220198, 'y': 559.8969439661594, 'elapsedTime': 22410.30000001192}",436679147451,1245524309,POINT (0.4189708238656353 0.5184230962649624),,,,,,,,,,,1,
0,54,11,"{'x': 804.4239818220198, 'y': 559.8969439661594, 'elapsedTime': 22410.30000001192}",436679164119,1245540976,POINT (0.4189708238656353 0.5184230962649624),,,,,,,,,,,1,
0,54,11,"{'x': 804.4239818220198, 'y': 559.8969439661594, 'elapsedTime': 22410.30000001192}",436679180786,1245557643,POINT (0.4189708238656353 0.5184230962649624),,,,,,,,,,,1,
0,54,11,"{'x': 804.4239818220198, 'y': 559.8969439661594, 'elapsedTime': 22410.30000001192}",436679197453,1245574309,POINT (0.4189708238656353 0.5184230962649624),,,,,,,,,,,1,
0,54,11,"{'x': 804.4239818220198, 'y': 559.8969439661594, 'elapsedTime': 22410.30000001192}",436679214120,1245590976,POINT (0.4189708238656353 0.5184230962649624),,,,,,,,,,,1,
0,54,11,"{'x': 804.4239818220198, 'y': 559.8969439661594, 'elapsedTime': 22410.30000001192}",436679230794,1245607649,POINT (0.4189708238656353 0.5184230962649624),,,,,,,,,,,1,
0,54,11,"{'x': 804.4239818220198, 'y': 559.8969439661594, 'elapsedTime': 22410.30000001192}",436679247460,1245624315,POINT (0.4189708238656353 0.5184230962649624),,,,,,,,,,,1,
0,54,11,"{'x': 804.4239818220198, 'y': 559.8969439661594, 'elapsedTime': 22410.30000001192}",436679264127,1245640982,POINT (0.4189708238656353 0.5184230962649624),,,,,,,,,,,1,
0,54,11,"{'x': 804.4239818220198, 'y': 559.8969439661594, 'elapsedTime': 22410.30000001192}",436679280803,1245657657,POINT (0.4189708238656353 0.5184230962649624),,,,,,,,,,,1,
0,54,11,"{'x': 804.4239818220198, 'y': 559.8969439661594, 'elapsedTime': 22410.30000001192}",436679297470,1245674324,POINT (0.4189708238656353 0.5184230962649624),,,,,,,,,,,1,
0,54,11,"{'x': 804.4239818220198, 'y': 559.8969439661594, 'elapsedTime': 22410.30000001192}",436679314137,1245690990,POINT (0.4189708238656353 0.5184230962649624),,,,,,,,,,,1,
0,54,11,"{'x': 804.4239818220198, 'y': 559.8969439661594, 'elapsedTime': 22410.30000001192}",436679330804,1245707657,POINT (0.4189708238656353 0.5184230962649624),,,,,,,,,,,1,
0,54,11,"{'x': 804.4239818220198, 'y': 559.8969439661594, 'elapsedTime': 22410.30000001192}",436679347472,1245724324,POINT (0.4189708238656353 0.5184230962649624),,,,,,,,,,,1,
0,54,11,"{'x': 804.4239818220198, 'y': 559.8969439661594, 'elapsedTime': 22410.30000001192}",436679364142,1245740994,POINT (0.4189708238656353 0.5184230962649624),,,,,,,,,,,1,
0,54,11,"{'x': 804.4239818220198, 'y': 559.8969439661594, 'elapsedTime': 22410.30000001192}",436679380810,1245757661,POINT (0.4189708238656353 0.5184230962649624),,,,,,,,,,,1,
0,54,11,"{'x': 804.4239818220198, 'y': 559.8969439661594, 'elapsedTime': 22410.30000001192}",436679397477,1245774328,POINT (0.4189708238656353 0.5184230962649624),,,,,,,,,,,1,
0,54,11,"{'x': 804.4239818220198, 'y': 559.8969439661594, 'elapsedTime': 22410.30000001192}",436679414144,1245790994,POINT (0.4189708238656353 0.5184230962649624),,,,,,,,,,,1,
0,54,11,"{'x': 804.4239818220198, 'y': 559.8969439661594, 'elapsedTime': 22410.30000001192}",436679430811,1245807661,POINT (0.4189708238656353 0.5184230962649624),,,,,,,,,,,1,
0,54,11,"{'x': 804.4239818220198, 'y': 559.8969439661594, 'elapsedTime': 22410.30000001192}",436679447479,1245824328,POINT (0.4189708238656353 0.5184230962649624),,,,,,,,,,,1,
0,54,11,"{'x': 804.4239818220198, 'y': 559.8969439661594, 'elapsedTime': 22410.30000001192}",436679464145,1245840994,POINT (0.4189708238656353 0.5184230962649624),,,,,,,,,,,1,
0,54,11,"{'x': 804.4239818220198, 'y': 559.8969439661594, 'elapsedTime': 22410.30000001192}",436679480817,1245857665,POINT (0.4189708238656353 0.5184230962649624),,,,,,,,,,,1,
0,54,11,"{'x': 804.4239818220198, 'y': 559.8969439661594, 'elapsedTime': 22410.30000001192}",436679497484,1245874332,POINT (0.4189708238656353 0.5184230962649624),,,,,,,,,,,1,
0,54,11,"{'x': 804.4239818220198, 'y': 559.8969439661594, 'elapsedTime': 22410.30000001192}",436679514151,1245890998,POINT (0.4189708238656353 0.5184230962649624),,,,,,,,,,,1,
0,54,11,"{'x': 804.4239818220198, 'y': 559.8969439661594, 'elapsedTime': 22410.30000001192}",436679530818,1245907665,POINT (0.4189708238656353 0.5184230962649624),,,,,,,,,,,1,
0,54,11,"{'x': 804.4239818220198, 'y': 559.8969439661594, 'elapsedTime': 22410.30000001192}",436679547486,1245924332,POINT (0.4189708238656353 0.5184230962649624),,,,,,,,,,,1,
0,54,11,"{'x': 804.4239818220198, 'y': 559.8969439661594, 'elapsedTime': 22410.30000001192}",436679564144,1245940990,POINT (0.4189708238656353 0.5184230962649624),,,,,,,,,,,1,
0,54,11,"{'x': 804.4239818220198, 'y': 559.8969439661594, 'elapsedTime': 22410.30000001192}",436679580811,1245957656,POINT (0.4189708238656353 0.5184230962649624),,,,,,,,,,,1,
0,54,11,"{'x': 804.4239818220198, 'y': 559.8969439661594, 'elapsedTime': 22410.30000001192}",436679597478,1245974323,POINT (0.4189708238656353 0.5184230962649624),,,,,,,,,,,1,
0,54,11,"{'x': 804.4239818220198, 'y': 559.8969439661594, 'elapsedTime': 22410.30000001192}",436679614149,1245990994,POINT (0.4189708238656353 0.5184230962649624),,,,,,,,,,,1,
0,54,11,"{'x': 804.4239818220198, 'y': 559.8969439661594, 'elapsedTime': 22410.30000001192}",436679630816,1246007660,POINT (0.4189708238656353 0.5184230962649624),,,,,,,,,,,1,
0,54,11,"{'x': 804.4239818220198, 'y': 559.8969439661594, 'elapsedTime': 22410.30000001192}",436679647491,1246024335,POINT (0.4189708238656353 0.5184230962649624),,,,,,,,,,,1,
0,54,11,"{'x': 804.4239818220198, 'y': 559.8969439661594, 'elapsedTime': 22410.30000001192}",436679664151,1246040994,POINT (0.4189708238656353 0.5184230962649624),,,,,,,,,,,1,
0,54,11,"{'x': 804.4239818220198, 'y': 559.8969439661594, 'elapsedTime': 22410.30000001192}",436679680826,1246057669,POINT (0.4189708238656353 0.5184230962649624),,,,,,,,,,,1,
0,54,11,"{'x': 804.4239818220198, 'y': 559.8969439661594, 'elapsedTime': 22410.30000001192}",436679697493,1246074335,POINT (0.4189708238656353 0.5184230962649624),,,,,,,,,,,1,
0,54,11,"{'x': 804.4239818220198, 'y': 559.8969439661594, 'elapsedTime': 22410.30000001192}",436679714160,1246091002,POINT (0.4189708238656353 0.5184230962649624),,,,,,,,,,,1,
0,54,11,"{'x': 804.4239818220198, 'y': 559.8969439661594, 'elapsedTime': 22410.30000001192}",436679730829,1246107669,POINT (0.4189708238656353 0.5184230962649624),,,,,,,,,,,1,
0,54,11,"{'x': 804.4239818220198, 'y': 559.8969439661594, 'elapsedTime': 22410.30000001192}",436679747500,1246124340,POINT (0.4189708238656353 0.5184230962649624),,,,,,,,,,,1,
0,54,11,"{'x': 804.4239818220198, 'y': 559.8969439661594, 'elapsedTime': 22410.30000001192}",436679764168,1246141007,POINT (0.4189708238656353 0.5184230962649624),,,,,,,,,,,1,
0,54,11,"{'x': 804.4239818220198, 'y': 559.8969439661594, 'elapsedTime': 22410.30000001192}",436679780835,1246157674,POINT (0.4189708238656353 0.5184230962649624),,,,,,,,,,,1,
0,54,11,"{'x': 804.4239818220198, 'y': 559.8969439661594, 'elapsedTime': 22410.30000001192}",436679797502,1246174340,POINT (0.4189708238656353 0.5184230962649624),,,,,,,,,,,1,
0,54,11,"{'x': 804.4239818220198, 'y': 559.8969439661594, 'elapsedTime': 22410.30000001192}",436679814169,1246191007,POINT (0.4189708238656353 0.5184230962649624),,,,,,,,,,,1,
0,54,11,"{'x': 804.4239818220198, 'y': 559.8969439661594, 'elapsedTime': 22410.30000001192}",436679830837,1246207674,POINT (0.4189708238656353 0.5184230962649624),,,,,,,,,,,1,
0,54,11,"{'x': 804.4239818220198, 'y': 559.8969439661594, 'elapsedTime': 22410.30000001192}",436679847503,1246224340,POINT (0.4189708238656353 0.5184230962649624),,,,,,,,,,,1,
0,54,11,"{'x': 804.4239818220198, 'y': 559.8969439661594, 'elapsedTime': 22410.30000001192}",436679864171,1246241007,POINT (0.4189708238656353 0.5184230962649624),,,,,,,,,,,1,
0,54,11,"{'x': 804.4239818220198, 'y': 559.8969439661594, 'elapsedTime': 22410.30000001192}",436679880846,1246257682,POINT (0.4189708238656353 0.5184230962649624),,,,,,,,,,,1,
0,54,11,"{'x': 804.4239818220198, 'y': 559.8969439661594, 'elapsedTime': 22410.30000001192}",436679897513,1246274348,POINT (0.4189708238656353 0.5184230962649624),,,,,,,,,,,1,
0,54,11,"{'x': 804.4239818220198, 'y': 559.8969439661594, 'elapsedTime': 22410.30000001192}",436679914180,1246291015,POINT (0.4189708238656353 0.5184230962649624),,,,,,,,,,,1,
0,54,11,"{'x': 804.4239818220198, 'y': 559.8969439661594, 'elapsedTime': 22410.30000001192}",436679930847,1246307682,POINT (0.4189708238656353 0.5184230962649624),,,,,,,,,,,1,
0,54,11,"{'x': 804.4239818220198, 'y': 559.8969439661594, 'elapsedTime': 22410.30000001192}",436679947514,1246324348,POINT (0.4189708238656353 0.5184230962649624),,,,,,,,,,,1,
0,54,11,"{'x': 804.4239818220198, 'y': 559.8969439661594, 'elapsedTime': 22410.30000001192}",436679964181,1246341015,POINT (0.4189708238656353 0.5184230962649624),,,,,,,,,,,1,
0,54,11,"{'x': 804.4239818220198, 'y': 559.8969439661594, 'elapsedTime': 22410.30000001192}",436679980849,1246357682,POINT (0.4189708238656353 0.5184230962649624),,,,,,,,,,,1,
0,54,11,"{'x': 804.4239818220198, 'y': 559.8969439661594, 'elapsedTime': 22410.30000001192}",436679997507,1246374340,POINT (0.4189708238656353 0.5184230962649624),,,,,,,,,,,1,
0,54,11,"{'x': 804.4239818220198, 'y': 559.8969439661594, 'elapsedTime': 22410.30000001192}",436680014186,1246391018,POINT (0.4189708238656353 0.5184230962649624),,,,,,,,,,,1,
0,54,11,"{'x': 804.4239818220198, 'y': 559.8969439661594, 'elapsedTime': 22410.30000001192}",436680030853,1246407685,POINT (0.4189708238656353 0.5184230962649624),,,,,,,,,,,1,
0,54,11,"{'x': 804.4239818220198, 'y': 559.8969439661594, 'elapsedTime': 22410.30000001192}",436680047520,1246424351,POINT (0.4189708238656353 0.5184230962649624),,,,,,,,,,,1,
0,54,11,"{'x': 804.4239818220198, 'y': 559.8969439661594, 'elapsedTime': 22410.30000001192}",436680064187,1246441018,POINT (0.4189708238656353 0.5184230962649624),,,,,,,,,,,1,
0,54,11,"{'x': 804.4239818220198, 'y': 559.8969439661594, 'elapsedTime': 22410.30000001192}",436680080855,1246457685,POINT (0.4189708238656353 0.5184230962649624),,,,,,,,,,,1,
0,54,11,"{'x': 804.4239818220198, 'y': 559.8969439661594, 'elapsedTime': 22410.30000001192}",436680097521,1246474351,POINT (0.4189708238656353 0.5184230962649624),,,,,,,,,,,1,
0,54,11,"{'x': 804.4239818220198, 'y': 559.8969439661594, 'elapsedTime': 22410.30000001192}",436680114180,1246491009,POINT (0.4189708238656353 0.5184230962649624),,,,,,,,,,,1,
0,54,11,"{'x': 804.4239818220198, 'y': 559.8969439661594, 'elapsedTime': 22410.30000001192}",436680130855,1246507684,POINT (0.4189708238656353 0.5184230962649624),,,,,,,,,,,1,
0,54,11,"{'x': 804.4239818220198, 'y': 559.8969439661594, 'elapsedTime': 22410.30000001192}",436680147526,1246524354,POINT (0.4189708238656353 0.5184230962649624),,,,,,,,,,,1,
0,54,11,"{'x': 804.4239818220198, 'y': 559.8969439661594, 'elapsedTime': 22410.30000001192}",436680164193,1246541021,POINT (0.4189708238656353 0.5184230962649624),,,,,,,,,,,1,
0,54,11,"{'x': 804.4239818220198, 'y': 559.8969439661594, 'elapsedTime': 22410.30000001192}",436680180860,1246557687,POINT (0.4189708238656353 0.5184230962649624),,,,,,,,,,,1,
0,54,11,"{'x': 804.4239818220198, 'y': 559.8969439661594, 'elapsedTime': 22410.30000001192}",436680197527,1246574354,POINT (0.4189708238656353 0.5184230962649624),,,,,,,,,,,1,
0,54,11,"{'x': 804.4239818220198, 'y': 559.8969439661594, 'elapsedTime': 22410.30000001192}",436680214195,1246591021,POINT (0.4189708238656353 0.5184230962649624),,,,,,,,,,,1,
0,54,11,"{'x': 804.4239818220198, 'y': 559.8969439661594, 'elapsedTime': 22410.30000001192}",436680230861,1246607687,POINT (0.4189708238656353 0.5184230962649624),,,,,,,,,,,1,
0,54,11,"{'x': 804.4239818220198, 'y': 559.8969439661594, 'elapsedTime': 22410.30000001192}",436680247529,1246624354,POINT (0.4189708238656353 0.5184230962649624),,,,,,,,,,,1,
0,54,11,"{'x': 804.4239818220198, 'y': 559.8969439661594, 'elapsedTime': 22410.30000001192}",436680264196,1246641021,POINT (0.4189708238656353 0.5184230962649624),,,,,,,,,,,1,
0,54,11,"{'x': 804.4239818220198, 'y': 559.8969439661594, 'elapsedTime': 22410.30000001192}",436680280868,1246657693,POINT (0.4189708238656353 0.5184230962649624),,,,,,,,,,,1,
0,54,11,"{'x': 804.4239818220198, 'y': 559.8969439661594, 'elapsedTime': 22410.30000001192}",436680297537,1246674360,POINT (0.4189708238656353 0.5184230962649624),,,,,,,,,,,1,
0,54,11,"{'x': 804.4239818220198, 'y': 559.8969439661594, 'elapsedTime': 22410.30000001192}",436680314204,1246691027,POINT (0.4189708238656353 0.5184230962649624),,,,,,,,,,,1,
0,54,11,"{'x': 804.4239818220198, 'y': 559.8969439661594, 'elapsedTime': 22410.30000001192}",436680330871,1246707693,POINT (0.4189708238656353 0.5184230962649624),,,,,,,,,,,1,
0,54,11,"{'x': 804.4239818220198, 'y': 559.8969439661594, 'elapsedTime': 22410.30000001192}",436680347538,1246724360,POINT (0.4189708238656353 0.5184230962649624),,,,,,,,,,,1,
0,54,11,"{'x': 804.4239818220198, 'y': 559.8969439661594, 'elapsedTime': 22410.30000001192}",436680364206,1246741027,POINT (0.4189708238656353 0.5184230962649624),,,,,,,,,,,1,
0,54,11,"{'x': 804.4239818220198, 'y': 559.8969439661594, 'elapsedTime': 22410.30000001192}",436680380872,1246757693,POINT (0.4189708238656353 0.5184230962649624),,,,,,,,,,,1,
0,54,11,"{'x': 804.4239818220198, 'y': 559.8969439661594, 'elapsedTime': 22410.30000001192}",436680397540,1246774360,POINT (0.4189708238656353 0.5184230962649624),,,,,,,,,,,1,
0,54,11,"{'x': 804.4239818220198, 'y': 559.8969439661594, 'elapsedTime': 22410.30000001192}",436680414212,1246791032,POINT (0.4189708238656353 0.5184230962649624),,,,,,,,,,,1,
0,54,11,"{'x': 804.4239818220198, 'y': 559.8969439661594, 'elapsedTime': 22410.30000001192}",436680430879,1246807698,POINT (0.4189708238656353 0.5184230962649624),,,,,,,,,,,1,
0,54,11,"{'x': 804.4239818220198, 'y': 559.8969439661594, 'elapsedTime': 22410.30000001192}",436680447546,1246824365,POINT (0.4189708238656353 0.5184230962649624),,,,,,,,,,,1,
0,54,11,"{'x': 804.4239818220198, 'y': 559.8969439661594, 'elapsedTime': 22410.30000001192}",436680464214,1246841032,POINT (0.4189708238656353 0.5184230962649624),,,,,,,,,,,1,
0,54,11,"{'x': 804.4239818220198, 'y': 559.8969439661594, 'elapsedTime': 22410.30000001192}",436680480880,1246857698,POINT (0.4189708238656353 0.5184230962649624),,,,,,,,,,,1,
0,54,11,"{'x': 804.4239818220198, 'y': 559.8969439661594, 'elapsedTime': 22410.30000001192}",436680497548,1246874365,POINT (0.4189708238656353 0.5184230962649624),,,,,,,,,,,1,
0,54,11,"{'x': 804.4239818220198, 'y': 559.8969439661594, 'elapsedTime': 22410.30000001192}",436680514215,1246891032,POINT (0.4189708238656353 0.5184230962649624),,,,,,,,,,,1,
0,54,11,"{'x': 804.4239818220198, 'y': 559.8969439661594, 'elapsedTime': 22410.30000001192}",436680530877,1246907693,POINT (0.4189708238656353 0.5184230962649624),,,,,,,,,,,1,
0,54,11,"{'x': 804.4239818220198, 'y': 559.8969439661594, 'elapsedTime': 22410.30000001192}",436680547552,1246924368,POINT (0.4189708238656353 0.5184230962649624),,,,,,,,,,,1,
0,54,11,"{'x': 804.4239818220198, 'y': 559.8969439661594, 'elapsedTime': 22410.30000001192}",436680564220,1246941035,POINT (0.4189708238656353 0.5184230962649624),,,,,,,,,,,1,
0,54,11,"{'x': 804.4239818220198, 'y': 559.8969439661594, 'elapsedTime': 22410.30000001192}",436680580886,1246957701,POINT (0.4189708238656353 0.5184230962649624),,,,,,,,,,,1,
0,54,11,"{'x': 804.4239818220198, 'y': 559.8969439661594, 'elapsedTime': 22410.30000001192}",436680597554,1246974368,POINT (0.4189708238656353 0.5184230962649624),,,,,,,,,,,1,
0,54,11,"{'x': 804.4239818220198, 'y': 559.8969439661594, 'elapsedTime': 22410.30000001192}",436680614221,1246991035,POINT (0.4189708238656353 0.5184230962649624),,,,,,,,,,,1,
0,54,11,"{'x': 804.4239818220198, 'y': 559.8969439661594, 'elapsedTime': 22410.30000001192}",436680630887,1247007701,POINT (0.4189708238656353 0.5184230962649624),,,,,,,,,,,1,
0,54,11,"{'x': 499.8671010436957, 'y': 500.202027848898, 'elapsedTime': 14.399999976158142}",436680647546,1247024359,POINT (0.2603474484602582 0.4631500257860167),,,,,,,,,,,,
0,54,11,"{'x': 499.8671010436957, 'y': 500.202027848898, 'elapsedTime': 14.399999976158142}",436680664219,1247041032,POINT (0.2603474484602582 0.4631500257860167),,,,,,,,,,,,
0,54,11,"{'x': 499.8671010436957, 'y': 500.202027848898, 'elapsedTime': 14.399999976158142}",436680680887,1247057699,POINT (0.2603474484602582 0.4631500257860167),,,,,,,,,,,,
0,54,11,"{'x': 500.2673636804577, 'y': 502.01531066601785, 'elapsedTime': 946.1999999880791}",436680697553,1247074365,POINT (0.2605559185835717 0.464828991357424),,,,,,,,,,,,
0,54,11,"{'x': 500.2673636804577, 'y': 502.01531066601785, 'elapsedTime': 946.1999999880791}",436680714229,1247091040,POINT (0.2605559185835717 0.464828991357424),,,,,,,,,,,,
0,54,11,"{'x': 500.2673636804577, 'y': 502.01531066601785, 'elapsedTime': 946.1999999880791}",436680730896,1247107707,POINT (0.2605559185835717 0.464828991357424),,,,,,,,,,,,
0,54,11,"{'x': 505.2935285367348, 'y': 502.47957146522134, 'elapsedTime': 995.8999999761581}",436680747564,1247124374,POINT (0.2631737127795494 0.4652588624677975),,,,,,,,,,,,
0,54,11,"{'x': 505.2935285367348, 'y': 502.47957146522134, 'elapsedTime': 995.8999999761581}",436680764230,1247141040,POINT (0.2631737127795494 0.4652588624677975),,,,,,,,,,,,
0,54,11,"{'x': 505.2935285367348, 'y': 502.47957146522134, 'elapsedTime': 995.8999999761581}",436680780898,1247157707,POINT (0.2631737127795494 0.4652588624677975),,,,,,,,,,,,
0,54,11,"{'x': 505.2935285367348, 'y': 502.47957146522134, 'elapsedTime': 995.8999999761581}",436680797570,1247174379,POINT (0.2631737127795494 0.4652588624677975),,,,,,,,,,,,
0,54,11,"{'x': 509.726487638506, 'y': 495.3541731066361, 'elapsedTime': 1051.8999999761581}",436680814237,1247191045,POINT (0.2654825456450552 0.4586612713950334),,,,,,,,,,,,
0,54,11,"{'x': 509.726487638506, 'y': 495.3541731066361, 'elapsedTime': 1051.8999999761581}",436680830904,1247207712,POINT (0.2654825456450552 0.4586612713950334),,,,,,,,,,,,
0,54,11,"{'x': 509.726487638506, 'y': 495.3541731066361, 'elapsedTime': 1051.8999999761581}",436680847573,1247224379,POINT (0.2654825456450552 0.4586612713950334),,,,,,,,,,,,
0,54,11,"{'x': 503.4022842416285, 'y': 495.73874615470186, 'elapsedTime': 1101.5999999642372}",436680864239,1247241045,POINT (0.2621886897091815 0.4590173575506499),,,,,,,,,,,,
0,54,11,"{'x': 503.4022842416285, 'y': 495.73874615470186, 'elapsedTime': 1101.5999999642372}",436680880907,1247257712,POINT (0.2621886897091815 0.4590173575506499),,,,,,,,,,,,
0,54,11,"{'x': 503.4022842416285, 'y': 495.73874615470186, 'elapsedTime': 1101.5999999642372}",436680897574,1247274379,POINT (0.2621886897091815 0.4590173575506499),,,,,,,,,,,,
0,54,11,"{'x': 503.4022842416285, 'y': 495.73874615470186, 'elapsedTime': 1101.5999999642372}",436680914241,1247291045,POINT (0.2621886897091815 0.4590173575506499),,,,,,,,,,,,
0,54,11,"{'x': 503.4022842416285, 'y': 495.73874615470186, 'elapsedTime': 1101.5999999642372}",436680930911,1247307715,POINT (0.2621886897091815 0.4590173575506499),,,,,,,,,,,,
0,54,11,"{'x': 503.4022842416285, 'y': 495.73874615470186, 'elapsedTime': 1101.5999999642372}",436680947578,1247324382,POINT (0.2621886897091815 0.4590173575506499),,,,,,,,,,,,
0,54,11,"{'x': 523.5648194845236, 'y': 460.4035904435541, 'elapsedTime': 1162.199999988079}",436680964237,1247341040,POINT (0.2726900101481894 0.4262996207810686),,,,,,,,,,,,
0,54,11,"{'x': 523.5648194845236, 'y': 460.4035904435541, 'elapsedTime': 1162.199999988079}",436680980903,1247357706,POINT (0.2726900101481894 0.4262996207810686),,,,,,,,,,,,
0,54,11,"{'x': 523.5648194845236, 'y': 460.4035904435541, 'elapsedTime': 1162.199999988079}",436680997571,1247374373,POINT (0.2726900101481894 0.4262996207810686),,,,,,,,,,,,
0,54,11,"{'x': 523.5648194845236, 'y': 460.4035904435541, 'elapsedTime': 1162.199999988079}",436681014238,1247391040,POINT (0.2726900101481894 0.4262996207810686),,,,,,,,,,,,
0,54,11,"{'x': 523.5648194845236, 'y': 460.4035904435541, 'elapsedTime': 1162.199999988079}",436681030905,1247407706,POINT (0.2726900101481894 0.4262996207810686),,,,,,,,,,,,
0,54,11,"{'x': 523.5648194845236, 'y': 460.4035904435541, 'elapsedTime': 1162.199999988079}",436681047572,1247424373,POINT (0.2726900101481894 0.4262996207810686),,,,,,,,,,,,
0,54,11,"{'x': 523.5648194845236, 'y': 460.4035904435541, 'elapsedTime': 1162.199999988079}",436681064247,1247441047,POINT (0.2726900101481894 0.4262996207810686),,,,,,,,,,,,
0,54,11,"{'x': 555.2280829359556, 'y': 465.8687759430084, 'elapsedTime': 1260.0999999642372}",436681080922,1247457722,POINT (0.2891812931958102 0.4313599777250078),,,,,,,,,,,,
0,54,11,"{'x': 555.2280829359556, 'y': 465.8687759430084, 'elapsedTime': 1260.0999999642372}",436681097590,1247474389,POINT (0.2891812931958102 0.4313599777250078),,,,,,,,,,,,
0,54,11,"{'x': 555.2280829359556, 'y': 465.8687759430084, 'elapsedTime': 1260.0999999642372}",436681114248,1247491047,POINT (0.2891812931958102 0.4313599777250078),,,,,,,,,,,,
0,54,11,"{'x': 555.2280829359556, 'y': 465.8687759430084, 'elapsedTime': 1260.0999999642372}",436681130924,1247507722,POINT (0.2891812931958102 0.4313599777250078),,,,,,,,,,,,
0,54,11,"{'x': 558.435770102402, 'y': 437.8359226041973, 'elapsedTime': 1385.800000011921}",436681147591,1247524389,POINT (0.290851963595001 0.4054036320409234),,,,,,,,,,,,
0,54,11,"{'x': 558.435770102402, 'y': 437.8359226041973, 'elapsedTime': 1385.800000011921}",436681164258,1247541055,POINT (0.290851963595001 0.4054036320409234),,,,,,,,,,,,
0,54,11,"{'x': 558.435770102402, 'y': 437.8359226041973, 'elapsedTime': 1385.800000011921}",436681180925,1247557722,POINT (0.290851963595001 0.4054036320409234),,,,,,,,,,,,
0,54,11,"{'x': 632.146234724884, 'y': 423.2401637774022, 'elapsedTime': 1449.5999999642372}",436681197592,1247574388,POINT (0.3292428305858771 0.3918890405346316),,,,,,,,,,,,
0,54,11,"{'x': 632.146234724884, 'y': 423.2401637774022, 'elapsedTime': 1449.5999999642372}",436681214259,1247591055,POINT (0.3292428305858771 0.3918890405346316),,,,,,,,,,,,
0,54,11,"{'x': 632.146234724884, 'y': 423.2401637774022, 'elapsedTime': 1449.5999999642372}",436681230926,1247607721,POINT (0.3292428305858771 0.3918890405346316),,,,,,,,,,,,
0,54,11,"{'x': 632.146234724884, 'y': 423.2401637774022, 'elapsedTime': 1449.5999999642372}",436681247593,1247624388,POINT (0.3292428305858771 0.3918890405346316),,,,,,,,,,,,
0,54,11,"{'x': 720.3018369277178, 'y': 448.2664793249331, 'elapsedTime': 1506.8999999761581}",436681264261,1247641055,POINT (0.3751572067331864 0.4150615549304936),,,,,,,,,,,,
0,54,11,"{'x': 720.3018369277178, 'y': 448.2664793249331, 'elapsedTime': 1506.8999999761581}",436681280927,1247657721,POINT (0.3751572067331864 0.4150615549304936),,,,,,,,,,,,
0,54,11,"{'x': 720.3018369277178, 'y': 448.2664793249331, 'elapsedTime': 1506.8999999761581}",436681297595,1247674388,POINT (0.3751572067331864 0.4150615549304936),,,,,,,,,,,,
0,54,11,"{'x': 768.5510107985382, 'y': 572.3061996092141, 'elapsedTime': 1568.8999999761581}",436681314262,1247691055,POINT (0.4002869847909053 0.5299131477863094),,,,,,,,,,,1,
0,54,11,"{'x': 768.5510107985382, 'y': 572.3061996092141, 'elapsedTime': 1568.8999999761581}",436681330937,1247707730,POINT (0.4002869847909053 0.5299131477863094),,,,,,,,,,,1,
0,54,11,"{'x': 768.5510107985382, 'y': 572.3061996092141, 'elapsedTime': 1568.8999999761581}",436681347604,1247724396,POINT (0.4002869847909053 0.5299131477863094),,,,,,,,,,,1,
0,54,11,"{'x': 768.5510107985382, 'y': 572.3061996092141, 'elapsedTime': 1568.8999999761581}",436681364271,1247741063,POINT (0.4002869847909053 0.5299131477863094),,,,,,,,,,,1,
0,54,11,"{'x': 947.605197485496, 'y': 617.7696774239635, 'elapsedTime': 1624.0999999642372}",436681380938,1247757729,POINT (0.4935443736903625 0.572008960577744),,,,,,,,,,,1,
0,54,11,"{'x': 947.605197485496, 'y': 617.7696774239635, 'elapsedTime': 1624.0999999642372}",436681397606,1247774396,POINT (0.4935443736903625 0.572008960577744),,,,,,,,,,,1,
0,54,11,"{'x': 947.605197485496, 'y': 617.7696774239635, 'elapsedTime': 1624.0999999642372}",436681414274,1247791063,POINT (0.4935443736903625 0.572008960577744),,,,,,,,,,,1,
0,54,11,"{'x': 912.2917241828808, 'y': 538.5146511514498, 'elapsedTime': 1679.8999999761581}",436681430941,1247807730,POINT (0.4751519396785838 0.4986246769920832),,,,,,,,,,,1,
0,54,11,"{'x': 912.2917241828808, 'y': 538.5146511514498, 'elapsedTime': 1679.8999999761581}",436681447611,1247824399,POINT (0.4751519396785838 0.4986246769920832),,,,,,,,,,,1,
0,54,11,"{'x': 912.2917241828808, 'y': 538.5146511514498, 'elapsedTime': 1679.8999999761581}",436681464278,1247841066,POINT (0.4751519396785838 0.4986246769920832),,,,,,,,,,,1,
0,54,11,"{'x': 912.2917241828808, 'y': 538.5146511514498, 'elapsedTime': 1679.8999999761581}",436681480946,1247857733,POINT (0.4751519396785838 0.4986246769920832),,,,,,,,,,,1,
0,54,11,"{'x': 819.4462811650666, 'y': 433.14116887850133, 'elapsedTime': 1741}",436681497612,1247874399,POINT (0.4267949381068055 0.4010566378504642),,,,,,,,,,,,
0,54,11,"{'x': 819.4462811650666, 'y': 433.14116887850133, 'elapsedTime': 1741}",436681514280,1247891066,POINT (0.4267949381068055 0.4010566378504642),,,,,,,,,,,,
0,54,11,"{'x': 819.4462811650666, 'y': 433.14116887850133, 'elapsedTime': 1741}",436681530947,1247907733,POINT (0.4267949381068055 0.4010566378504642),,,,,,,,,,,,
0,54,11,"{'x': 817.5430791266263, 'y': 386.4133585386161, 'elapsedTime': 1799.3999999761581}",436681547614,1247924399,POINT (0.4258036870451178 0.3577901467950149),,,,,,,,,,,,
0,54,11,"{'x': 817.5430791266263, 'y': 386.4133585386161, 'elapsedTime': 1799.3999999761581}",436681564281,1247941066,POINT (0.4258036870451178 0.3577901467950149),,,,,,,,,,,,
0,54,11,"{'x': 817.5430791266263, 'y': 386.4133585386161, 'elapsedTime': 1799.3999999761581}",436681580956,1247957740,POINT (0.4258036870451178 0.3577901467950149),,,,,,,,,,,,
0,54,11,"{'x': 817.5430791266263, 'y': 386.4133585386161, 'elapsedTime': 1799.3999999761581}",436681597622,1247974406,POINT (0.4258036870451178 0.3577901467950149),,,,,,,,,,,,
0,54,11,"{'x': 761.3160099811937, 'y': 279.01486105562765, 'elapsedTime': 1858.8999999761581}",436681614290,1247991073,POINT (0.3965187551985384 0.2583470935700256),,,,,,,,,,1,1,
0,54,11,"{'x': 761.3160099811937, 'y': 279.01486105562765, 'elapsedTime': 1858.8999999761581}",436681630957,1248007740,POINT (0.3965187551985384 0.2583470935700256),,,,,,,,,,1,1,
0,54,11,"{'x': 761.3160099811937, 'y': 279.01486105562765, 'elapsedTime': 1858.8999999761581}",436681647623,1248024406,POINT (0.3965187551985384 0.2583470935700256),,,,,,,,,,1,1,
0,54,11,"{'x': 761.3160099811937, 'y': 279.01486105562765, 'elapsedTime': 1858.8999999761581}",436681664291,1248041073,POINT (0.3965187551985384 0.2583470935700256),,,,,,,,,,1,1,
0,54,11,"{'x': 761.3160099811937, 'y': 279.01486105562765, 'elapsedTime': 1858.8999999761581}",436681680958,1248057739,POINT (0.3965187551985384 0.2583470935700256),,,,,,,,,,1,1,
0,54,11,"{'x': 731.6006904906457, 'y': 183.6008112988685, 'elapsedTime': 1915.800000011921}",436681697625,1248074406,POINT (0.3810420262972113 0.170000751202656),,,,,,,,,,1,,
0,54,11,"{'x': 731.6006904906457, 'y': 183.6008112988685, 'elapsedTime': 1915.800000011921}",436681714297,1248091078,POINT (0.3810420262972113 0.170000751202656),,,,,,,,,,1,,
0,54,11,"{'x': 731.6006904906457, 'y': 183.6008112988685, 'elapsedTime': 1915.800000011921}",436681730964,1248107744,POINT (0.3810420262972113 0.170000751202656),,,,,,,,,,1,,
0,54,11,"{'x': 680.0588247563154, 'y': 152.24870139091718, 'elapsedTime': 1997.300000011921}",436681747631,1248124411,POINT (0.354197304560581 0.1409710198064048),,,,,,,,,,1,,
0,54,11,"{'x': 680.0588247563154, 'y': 152.24870139091718, 'elapsedTime': 1997.300000011921}",436681764299,1248141078,POINT (0.354197304560581 0.1409710198064048),,,,,,,,,,1,,
0,54,11,"{'x': 680.0588247563154, 'y': 152.24870139091718, 'elapsedTime': 1997.300000011921}",436681780965,1248157744,POINT (0.354197304560581 0.1409710198064048),,,,,,,,,,1,,
0,54,11,"{'x': 680.0588247563154, 'y': 152.24870139091718, 'elapsedTime': 1997.300000011921}",436681797633,1248174411,POINT (0.354197304560581 0.1409710198064048),,,,,,,,,,1,,
0,54,11,"{'x': 605.8019288847191, 'y': 83.4526150168437, 'elapsedTime': 2057.5}",436681814300,1248191078,POINT (0.3155218379607912 0.0772709398304108),,,,,,,,,,,,
0,54,11,"{'x': 605.8019288847191, 'y': 83.4526150168437, 'elapsedTime': 2057.5}",436681830967,1248207744,POINT (0.3155218379607912 0.0772709398304108),,,,,,,,,,,,
0,54,11,"{'x': 605.8019288847191, 'y': 83.4526150168437, 'elapsedTime': 2057.5}",436681847639,1248224416,POINT (0.3155218379607912 0.0772709398304108),,,,,,,,,,,,
0,54,11,"{'x': 632.8394648191352, 'y': 193.6942858118545, 'elapsedTime': 2117.5}",436681864307,1248241083,POINT (0.3296038879266329 0.1793465609369023),,,,,,,,,,,,
0,54,11,"{'x': 632.8394648191352, 'y': 193.6942858118545, 'elapsedTime': 2117.5}",436681880973,1248257749,POINT (0.3296038879266329 0.1793465609369023),,,,,,,,,,,,
0,54,11,"{'x': 632.8394648191352, 'y': 193.6942858118545, 'elapsedTime': 2117.5}",436681897641,1248274416,POINT (0.3296038879266329 0.1793465609369023),,,,,,,,,,,,
0,54,11,"{'x': 632.8394648191352, 'y': 193.6942858118545, 'elapsedTime': 2117.5}",436681914308,1248291083,POINT (0.3296038879266329 0.1793465609369023),,,,,,,,,,,,
0,54,11,"{'x': 597.055981877063, 'y': 138.43653641978125, 'elapsedTime': 2181.199999988079}",436681930975,1248307749,POINT (0.310966657227637 0.1281819781664641),,,,,,,,,,,,
0,54,11,"{'x': 597.055981877063, 'y': 138.43653641978125, 'elapsedTime': 2181.199999988079}",436681947642,1248324416,POINT (0.310966657227637 0.1281819781664641),,,,,,,,,,,,
0,54,11,"{'x': 597.055981877063, 'y': 138.43653641978125, 'elapsedTime': 2181.199999988079}",436681964311,1248341083,POINT (0.310966657227637 0.1281819781664641),,,,,,,,,,,,
0,54,11,"{'x': 597.055981877063, 'y': 138.43653641978125, 'elapsedTime': 2181.199999988079}",436681980981,1248357753,POINT (0.310966657227637 0.1281819781664641),,,,,,,,,,,,
0,54,11,"{'x': 597.055981877063, 'y': 138.43653641978125, 'elapsedTime': 2181.199999988079}",436681997648,1248374420,POINT (0.310966657227637 0.1281819781664641),,,,,,,,,,,,
0,54,11,"{'x': 597.055981877063, 'y': 138.43653641978125, 'elapsedTime': 2181.199999988079}",436682014316,1248391087,POINT (0.310966657227637 0.1281819781664641),,,,,,,,,,,,
0,54,11,"{'x': 629.4280240741278, 'y': 137.19537172954836, 'elapsedTime': 2243.599999964237}",436682030982,1248407753,POINT (0.3278270958719416 0.1270327516014336),,,,,,,,,,,,
0,54,11,"{'x': 629.4280240741278, 'y': 137.19537172954836, 'elapsedTime': 2243.599999964237}",436682047650,1248424420,POINT (0.3278270958719416 0.1270327516014336),,,,,,,,,,,,
0,54,11,"{'x': 629.4280240741278, 'y': 137.19537172954836, 'elapsedTime': 2243.599999964237}",436682064317,1248441087,POINT (0.3278270958719416 0.1270327516014336),,,,,,,,,,,,
0,54,11,"{'x': 685.9116088464139, 'y': 95.29146325944276, 'elapsedTime': 2320.300000011921}",436682080984,1248457753,POINT (0.3572456296075072 0.0882328363513359),,,,,,,,,,,,
0,54,11,"{'x': 685.9116088464139, 'y': 95.29146325944276, 'elapsedTime': 2320.300000011921}",436682097651,1248474420,POINT (0.3572456296075072 0.0882328363513359),,,,,,,,,,,,
0,54,11,"{'x': 685.9116088464139, 'y': 95.29146325944276, 'elapsedTime': 2320.300000011921}",436682114323,1248491091,POINT (0.3572456296075072 0.0882328363513359),,,,,,,,,,,,
0,54,11,"{'x': 739.5100209998653, 'y': 185.32501066640572, 'elapsedTime': 2379.699999988079}",436682130989,1248507757,POINT (0.3851614692707632 0.1715972320985238),,,,,,,,,,1,,
0,54,11,"{'x': 739.5100209998653, 'y': 185.32501066640572, 'elapsedTime': 2379.699999988079}",436682147657,1248524424,POINT (0.3851614692707632 0.1715972320985238),,,,,,,,,,1,,
0,54,11,"{'x': 739.5100209998653, 'y': 185.32501066640572, 'elapsedTime': 2379.699999988079}",436682164324,1248541091,POINT (0.3851614692707632 0.1715972320985238),,,,,,,,,,1,,
0,54,11,"{'x': 739.5100209998653, 'y': 185.32501066640572, 'elapsedTime': 2379.699999988079}",436682180991,1248557757,POINT (0.3851614692707632 0.1715972320985238),,,,,,,,,,1,,
0,54,11,"{'x': 766.0533795696475, 'y': 183.4257786145912, 'elapsedTime': 2435.899999976158}",436682197658,1248574424,POINT (0.3989861351925247 0.1698386839023993),,,,,,,,,,1,,
0,54,11,"{'x': 766.0533795696475, 'y': 183.4257786145912, 'elapsedTime': 2435.899999976158}",436682214326,1248591091,POINT (0.3989861351925247 0.1698386839023993),,,,,,,,,,1,,
0,54,11,"{'x': 766.0533795696475, 'y': 183.4257786145912, 'elapsedTime': 2435.899999976158}",436682230992,1248607757,POINT (0.3989861351925247 0.1698386839023993),,,,,,,,,,1,,
0,54,11,"{'x': 750.360524951696, 'y': 148.4229345862495, 'elapsedTime': 2495.099999964237}",436682247665,1248624429,POINT (0.3908127734123417 0.1374286431354162),,,,,,,,,,,,
0,54,11,"{'x': 750.360524951696, 'y': 148.4229345862495, 'elapsedTime': 2495.099999964237}",436682264331,1248641095,POINT (0.3908127734123417 0.1374286431354162),,,,,,,,,,,,
0,54,11,"{'x': 750.360524951696, 'y': 148.4229345862495, 'elapsedTime': 2495.099999964237}",436682280999,1248657762,POINT (0.3908127734123417 0.1374286431354162),,,,,,,,,,,,
0,54,11,"{'x': 750.360524951696, 'y': 148.4229345862495, 'elapsedTime': 2495.099999964237}",436682297666,1248674429,POINT (0.3908127734123417 0.1374286431354162),,,,,,,,,,,,
0,54,11,"{'x': 759.5791418870165, 'y': 98.71696580997121, 'elapsedTime': 2557.399999976158}",436682314333,1248691095,POINT (0.3956141363994877 0.0914045979721956),,,,,,,,,,,,
0,54,11,"{'x': 759.5791418870165, 'y': 98.71696580997121, 'elapsedTime': 2557.399999976158}",436682331000,1248707762,POINT (0.3956141363994877 0.0914045979721956),,,,,,,,,,,,
0,54,11,"{'x': 759.5791418870165, 'y': 98.71696580997121, 'elapsedTime': 2557.399999976158}",436682347668,1248724429,POINT (0.3956141363994877 0.0914045979721956),,,,,,,,,,,,
0,54,11,"{'x': 759.5791418870165, 'y': 98.71696580997121, 'elapsedTime': 2557.399999976158}",436682364337,1248741098,POINT (0.3956141363994877 0.0914045979721956),,,,,,,,,,,,
0,54,11,"{'x': 787.365313963383, 'y': 72.81497254882336, 'elapsedTime': 2618}",436682381005,1248757765,POINT (0.4100861010225953 0.0674212708785402),,,,,,,,,,,,
0,54,11,"{'x': 787.365313963383, 'y': 72.81497254882336, 'elapsedTime': 2618}",436682397672,1248774432,POINT (0.4100861010225953 0.0674212708785402),,,,,,,,,,,,
0,54,11,"{'x': 787.365313963383, 'y': 72.81497254882336, 'elapsedTime': 2618}",436682414339,1248791098,POINT (0.4100861010225953 0.0674212708785402),,,,,,,,,,,,
0,54,11,"{'x': 822.5705970723693, 'y': 106.81593101111446, 'elapsedTime': 2679.699999988079}",436682431006,1248807765,POINT (0.4284221859751923 0.098903639825106),,,,,,,,,,,,
0,54,11,"{'x': 822.5705970723693, 'y': 106.81593101111446, 'elapsedTime': 2679.699999988079}",436682447674,1248824432,POINT (0.4284221859751923 0.098903639825106),,,,,,,,,,,,
0,54,11,"{'x': 822.5705970723693, 'y': 106.81593101111446, 'elapsedTime': 2679.699999988079}",436682464332,1248841090,POINT (0.4284221859751923 0.098903639825106),,,,,,,,,,,,
0,54,11,"{'x': 822.5705970723693, 'y': 106.81593101111446, 'elapsedTime': 2679.699999988079}",436682480999,1248857757,POINT (0.4284221859751923 0.098903639825106),,,,,,,,,,,,
0,54,11,"{'x': 752.8178157777229, 'y': 65.28404226854465, 'elapsedTime': 2738.300000011921}",436682497672,1248874429,POINT (0.3920926123842306 0.0604481872856895),,,,,,,,,,,,
0,54,11,"{'x': 752.8178157777229, 'y': 65.28404226854465, 'elapsedTime': 2738.300000011921}",436682514348,1248891104,POINT (0.3920926123842306 0.0604481872856895),,,,,,,,,,,,
0,54,11,"{'x': 752.8178157777229, 'y': 65.28404226854465, 'elapsedTime': 2738.300000011921}",436682531007,1248907762,POINT (0.3920926123842306 0.0604481872856895),,,,,,,,,,,,
0,54,11,"{'x': 632.6622541443364, 'y': 68.27784461053618, 'elapsedTime': 2800.300000011921}",436682547674,1248924429,POINT (0.3295115907001752 0.0632202264912372),,,,,,,,,,,,
0,54,11,"{'x': 632.6622541443364, 'y': 68.27784461053618, 'elapsedTime': 2800.300000011921}",436682564350,1248941104,POINT (0.3295115907001752 0.0632202264912372),,,,,,,,,,,,
0,54,11,"{'x': 632.6622541443364, 'y': 68.27784461053618, 'elapsedTime': 2800.300000011921}",436682581017,1248957771,POINT (0.3295115907001752 0.0632202264912372),,,,,,,,,,,,
0,54,11,"{'x': 632.6622541443364, 'y': 68.27784461053618, 'elapsedTime': 2800.300000011921}",436682597685,1248974438,POINT (0.3295115907001752 0.0632202264912372),,,,,,,,,,,,
0,54,11,"{'x': 619.2244934444739, 'y': 152.5816087520252, 'elapsedTime': 2859.199999988079}",436682614351,1248991104,POINT (0.3225127570023301 0.1412792673629863),,,,,,,,,,1,,
0,54,11,"{'x': 619.2244934444739, 'y': 152.5816087520252, 'elapsedTime': 2859.199999988079}",436682631020,1249007772,POINT (0.3225127570023301 0.1412792673629863),,,,,,,,,,1,,
0,54,11,"{'x': 619.2244934444739, 'y': 152.5816087520252, 'elapsedTime': 2859.199999988079}",436682647687,1249024439,POINT (0.3225127570023301 0.1412792673629863),,,,,,,,,,1,,
0,54,11,"{'x': 619.2244934444739, 'y': 152.5816087520252, 'elapsedTime': 2859.199999988079}",436682664353,1249041105,POINT (0.3225127570023301 0.1412792673629863),,,,,,,,,,1,,
0,54,11,"{'x': 691.5283763660713, 'y': 245.51195043986166, 'elapsedTime': 2915.300000011921}",436682681021,1249057772,POINT (0.3601710293573288 0.227325880036909),,,,,,,,,,,1,
0,54,11,"{'x': 691.5283763660713, 'y': 245.51195043986166, 'elapsedTime': 2915.300000011921}",436682697689,1249074439,POINT (0.3601710293573288 0.227325880036909),,,,,,,,,,,1,
0,54,11,"{'x': 691.5283763660713, 'y': 245.51195043986166, 'elapsedTime': 2915.300000011921}",436682714355,1249091105,POINT (0.3601710293573288 0.227325880036909),,,,,,,,,,,1,
0,54,11,"{'x': 691.5283763660713, 'y': 245.51195043986166, 'elapsedTime': 2915.300000011921}",436682731023,1249107772,POINT (0.3601710293573288 0.227325880036909),,,,,,,,,,,1,
0,54,11,"{'x': 729.3710727973202, 'y': 315.3491161936654, 'elapsedTime': 2971}",436682747689,1249124438,POINT (0.3798807670819376 0.291989922401542),,,,,,,,,,1,1,
0,54,11,"{'x': 729.3710727973202, 'y': 315.3491161936654, 'elapsedTime': 2971}",436682764367,1249141115,POINT (0.3798807670819376 0.291989922401542),,,,,,,,,,1,1,
0,54,11,"{'x': 729.3710727973202, 'y': 315.3491161936654, 'elapsedTime': 2971}",436682781034,1249157782,POINT (0.3798807670819376 0.291989922401542),,,,,,,,,,1,1,
0,54,11,"{'x': 793.2193062668161, 'y': 366.6377011226101, 'elapsedTime': 3046.5}",436682797701,1249174448,POINT (0.4131350553473 0.3394793528913056),,,,,,,,,,,1,
0,54,11,"{'x': 793.2193062668161, 'y': 366.6377011226101, 'elapsedTime': 3046.5}",436682814368,1249191115,POINT (0.4131350553473 0.3394793528913056),,,,,,,,,,,1,
0,54,11,"{'x': 793.2193062668161, 'y': 366.6377011226101, 'elapsedTime': 3046.5}",436682831036,1249207782,POINT (0.4131350553473 0.3394793528913056),,,,,,,,,,,1,
0,54,11,"{'x': 851.273358472914, 'y': 375.33801159373104, 'elapsedTime': 3104.899999976158}",436682847702,1249224448,POINT (0.4433715408713094 0.3475351959201213),,,,,,,,,,,1,
0,54,11,"{'x': 851.273358472914, 'y': 375.33801159373104, 'elapsedTime': 3104.899999976158}",436682864369,1249241115,POINT (0.4433715408713094 0.3475351959201213),,,,,,,,,,,1,
0,54,11,"{'x': 851.273358472914, 'y': 375.33801159373104, 'elapsedTime': 3104.899999976158}",436682881037,1249257782,POINT (0.4433715408713094 0.3475351959201213),,,,,,,,,,,1,
0,54,11,"{'x': 851.273358472914, 'y': 375.33801159373104, 'elapsedTime': 3104.899999976158}",436682897705,1249274450,POINT (0.4433715408713094 0.3475351959201213),,,,,,,,,,,1,
0,54,11,"{'x': 815.4454583498784, 'y': 317.80255969901714, 'elapsedTime': 3158.300000011921}",436682914373,1249291117,POINT (0.424711176223895 0.2942616293509418),,,,,,,,,,1,1,
0,54,11,"{'x': 815.4454583498784, 'y': 317.80255969901714, 'elapsedTime': 3158.300000011921}",436682931040,1249307784,POINT (0.424711176223895 0.2942616293509418),,,,,,,,,,1,1,
0,54,11,"{'x': 815.4454583498784, 'y': 317.80255969901714, 'elapsedTime': 3158.300000011921}",436682947707,1249324450,POINT (0.424711176223895 0.2942616293509418),,,,,,,,,,1,1,
0,54,11,"{'x': 864.9740739363134, 'y': 313.43052162713246, 'elapsedTime': 3212}",436682964374,1249341117,POINT (0.4505073301751633 0.2902134459510486),,,,,,,,,,1,1,
0,54,11,"{'x': 864.9740739363134, 'y': 313.43052162713246, 'elapsedTime': 3212}",436682981042,1249357784,POINT (0.4505073301751633 0.2902134459510486),,,,,,,,,,1,1,
0,54,11,"{'x': 864.9740739363134, 'y': 313.43052162713246, 'elapsedTime': 3212}",436682997708,1249374450,POINT (0.4505073301751633 0.2902134459510486),,,,,,,,,,1,1,
0,54,11,"{'x': 864.9740739363134, 'y': 313.43052162713246, 'elapsedTime': 3212}",436683014376,1249391117,POINT (0.4505073301751633 0.2902134459510486),,,,,,,,,,1,1,
0,54,11,"{'x': 833.3250140619588, 'y': 325.5568372895741, 'elapsedTime': 3266.5}",436683031048,1249407789,POINT (0.4340234448239368 0.3014415160088649),,,,,,,,,,,1,
0,54,11,"{'x': 833.3250140619588, 'y': 325.5568372895741, 'elapsedTime': 3266.5}",436683047715,1249424455,POINT (0.4340234448239368 0.3014415160088649),,,,,,,,,,,1,
0,54,11,"{'x': 833.3250140619588, 'y': 325.5568372895741, 'elapsedTime': 3266.5}",436683064383,1249441122,POINT (0.4340234448239368 0.3014415160088649),,,,,,,,,,,1,
0,54,11,"{'x': 833.3250140619588, 'y': 325.5568372895741, 'elapsedTime': 3266.5}",436683081050,1249457789,POINT (0.4340234448239368 0.3014415160088649),,,,,,,,,,,1,
0,54,11,"{'x': 833.3250140619588, 'y': 325.5568372895741, 'elapsedTime': 3266.5}",436683097715,1249474453,POINT (0.4340234448239368 0.3014415160088649),,,,,,,,,,,1,
0,54,11,"{'x': 745.1061119340717, 'y': 352.5221597498281, 'elapsedTime': 3344.699999988079}",436683114384,1249491122,POINT (0.3880760999656623 0.3264094071757668),,,,,,,,,,,1,
0,54,11,"{'x': 745.1061119340717, 'y': 352.5221597498281, 'elapsedTime': 3344.699999988079}",436683131051,1249507788,POINT (0.3880760999656623 0.3264094071757668),,,,,,,,,,,1,
0,54,11,"{'x': 745.1061119340717, 'y': 352.5221597498281, 'elapsedTime': 3344.699999988079}",436683147718,1249524455,POINT (0.3880760999656623 0.3264094071757668),,,,,,,,,,,1,
0,54,11,"{'x': 646.7867565133841, 'y': 506.96483468831684, 'elapsedTime': 3406.699999988079}",436683164392,1249541128,POINT (0.3368681023507209 0.4694118839706638),,,,,,,,,,,,
0,54,11,"{'x': 646.7867565133841, 'y': 506.96483468831684, 'elapsedTime': 3406.699999988079}",436683181060,1249557795,POINT (0.3368681023507209 0.4694118839706638),,,,,,,,,,,,
0,54,11,"{'x': 646.7867565133841, 'y': 506.96483468831684, 'elapsedTime': 3406.699999988079}",436683197726,1249574461,POINT (0.3368681023507209 0.4694118839706638),,,,,,,,,,,,
0,54,11,"{'x': 646.7867565133841, 'y': 506.96483468831684, 'elapsedTime': 3406.699999988079}",436683214394,1249591128,POINT (0.3368681023507209 0.4694118839706638),,,,,,,,,,,,
0,54,11,"{'x': 603.3046974764876, 'y': 692.8101024106356, 'elapsedTime': 3460.800000011921}",436683231059,1249607793,POINT (0.3142211966023373 0.6414908355654033),,,,,,,,,,,,1
0,54,11,"{'x': 603.3046974764876, 'y': 692.8101024106356, 'elapsedTime': 3460.800000011921}",436683247725,1249624459,POINT (0.3142211966023373 0.6414908355654033),,,,,,,,,,,,1
0,54,11,"{'x': 603.3046974764876, 'y': 692.8101024106356, 'elapsedTime': 3460.800000011921}",436683264394,1249641127,POINT (0.3142211966023373 0.6414908355654033),,,,,,,,,,,,1
0,54,11,"{'x': 622.1489899029975, 'y': 723.9365489296592, 'elapsedTime': 3528.300000011921}",436683281060,1249657793,POINT (0.3240359322411445 0.6703116193793142),,,,,,,,,,,,1
0,54,11,"{'x': 622.1489899029975, 'y': 723.9365489296592, 'elapsedTime': 3528.300000011921}",436683297732,1249674464,POINT (0.3240359322411445 0.6703116193793142),,,,,,,,,,,,1
0,54,11,"{'x': 622.1489899029975, 'y': 723.9365489296592, 'elapsedTime': 3528.300000011921}",436683314399,1249691131,POINT (0.3240359322411445 0.6703116193793142),,,,,,,,,,,,1
0,54,11,"{'x': 674.2328281047317, 'y': 669.3947356466746, 'elapsedTime': 3579.399999976158}",436683331068,1249707799,POINT (0.3511629313045477 0.6198099404135876),,,,,,,,,,,,1
0,54,11,"{'x': 674.2328281047317, 'y': 669.3947356466746, 'elapsedTime': 3579.399999976158}",436683347735,1249724466,POINT (0.3511629313045477 0.6198099404135876),,,,,,,,,,,,1
0,54,11,"{'x': 674.2328281047317, 'y': 669.3947356466746, 'elapsedTime': 3579.399999976158}",436683364403,1249741133,POINT (0.3511629313045477 0.6198099404135876),,,,,,,,,,,,1
0,54,11,"{'x': 656.2422185954783, 'y': 560.7927430439921, 'elapsedTime': 3629.800000011921}",436683381069,1249757799,POINT (0.341792822185145 0.5192525398555483),,,,,,,,,,,1,
0,54,11,"{'x': 656.2422185954783, 'y': 560.7927430439921, 'elapsedTime': 3629.800000011921}",436683397737,1249774466,POINT (0.341792822185145 0.5192525398555483),,,,,,,,,,,1,
0,54,11,"{'x': 656.2422185954783, 'y': 560.7927430439921, 'elapsedTime': 3629.800000011921}",436683414407,1249791136,POINT (0.341792822185145 0.5192525398555483),,,,,,,,,,,1,
0,54,11,"{'x': 656.2422185954783, 'y': 560.7927430439921, 'elapsedTime': 3629.800000011921}",436683431074,1249807802,POINT (0.341792822185145 0.5192525398555483),,,,,,,,,,,1,
0,54,11,"{'x': 656.2422185954783, 'y': 560.7927430439921, 'elapsedTime': 3629.800000011921}",436683447741,1249824469,POINT (0.341792822185145 0.5192525398555483),,,,,,,,,,,1,
0,54,11,"{'x': 596.8876795039587, 'y': 474.27893939285457, 'elapsedTime': 3683.399999976158}",436683464409,1249841136,POINT (0.3108789997416451 0.439147166104495),,,,,,,,,,,,
0,54,11,"{'x': 596.8876795039587, 'y': 474.27893939285457, 'elapsedTime': 3683.399999976158}",436683481075,1249857802,POINT (0.3108789997416451 0.439147166104495),,,,,,,,,,,,
0,54,11,"{'x': 596.8876795039587, 'y': 474.27893939285457, 'elapsedTime': 3683.399999976158}",436683497743,1249874469,POINT (0.3108789997416451 0.439147166104495),,,,,,,,,,,,
0,54,11,"{'x': 571.1423480641118, 'y': 428.6367299344467, 'elapsedTime': 3766.5}",436683514410,1249891136,POINT (0.2974699729500582 0.3968858610504136),,,,,,,,,,,,
0,54,11,"{'x': 571.1423480641118, 'y': 428.6367299344467, 'elapsedTime': 3766.5}",436683531077,1249907802,POINT (0.2974699729500582 0.3968858610504136),,,,,,,,,,,,
0,54,11,"{'x': 571.1423480641118, 'y': 428.6367299344467, 'elapsedTime': 3766.5}",436683547749,1249924474,POINT (0.2974699729500582 0.3968858610504136),,,,,,,,,,,,
0,54,11,"{'x': 612.7871743544894, 'y': 439.87122243855856, 'elapsedTime': 3819.300000011921}",436683564417,1249941141,POINT (0.3191599866429632 0.4072881689245912),,,,,,,,,,,,
0,54,11,"{'x': 612.7871743544894, 'y': 439.87122243855856, 'elapsedTime': 3819.300000011921}",436683581083,1249957807,POINT (0.3191599866429632 0.4072881689245912),,,,,,,,,,,,
0,54,11,"{'x': 612.7871743544894, 'y': 439.87122243855856, 'elapsedTime': 3819.300000011921}",436683597751,1249974474,POINT (0.3191599866429632 0.4072881689245912),,,,,,,,,,,,
0,54,11,"{'x': 576.5750127727093, 'y': 407.83176673226404, 'elapsedTime': 3868.899999976158}",436683614418,1249991141,POINT (0.3002994858191194 0.3776220062335778),,,,,,,,,,,,
0,54,11,"{'x': 576.5750127727093, 'y': 407.83176673226404, 'elapsedTime': 3868.899999976158}",436683631085,1250007807,POINT (0.3002994858191194 0.3776220062335778),,,,,,,,,,,,
0,54,11,"{'x': 576.5750127727093, 'y': 407.83176673226404, 'elapsedTime': 3868.899999976158}",436683647753,1250024474,POINT (0.3002994858191194 0.3776220062335778),,,,,,,,,,,,
0,54,11,"{'x': 566.0940723313795, 'y': 301.52835422164657, 'elapsedTime': 3920}",436683664420,1250041141,POINT (0.2948406626725935 0.2791929205755987),,,,,,,,,,1,1,
0,54,11,"{'x': 566.0940723313795, 'y': 301.52835422164657, 'elapsedTime': 3920}",436683681093,1250057813,POINT (0.2948406626725935 0.2791929205755987),,,,,,,,,,1,1,
0,54,11,"{'x': 566.0940723313795, 'y': 301.52835422164657, 'elapsedTime': 3920}",436683697760,1250074480,POINT (0.2948406626725935 0.2791929205755987),,,,,,,,,,1,1,
0,54,11,"{'x': 566.0940723313795, 'y': 301.52835422164657, 'elapsedTime': 3920}",436683714428,1250091147,POINT (0.2948406626725935 0.2791929205755987),,,,,,,,,,1,1,
0,54,11,"{'x': 562.5162371715388, 'y': 254.26517322775118, 'elapsedTime': 3973.699999988079}",436683731094,1250107813,POINT (0.2929772068601765 0.2354307159516215),,,,,,,,,,,1,
0,54,11,"{'x': 562.5162371715388, 'y': 254.26517322775118, 'elapsedTime': 3973.699999988079}",436683747762,1250124480,POINT (0.2929772068601765 0.2354307159516215),,,,,,,,,,,1,
0,54,11,"{'x': 562.5162371715388, 'y': 254.26517322775118, 'elapsedTime': 3973.699999988079}",436683764429,1250141147,POINT (0.2929772068601765 0.2354307159516215),,,,,,,,,,,1,
0,54,11,"{'x': 555.3489343347602, 'y': 220.3702418766665, 'elapsedTime': 4030.599999964237}",436683781096,1250157813,POINT (0.2892442366326876 0.2040465202561727),,,,,,,,,,,,
0,54,11,"{'x': 555.3489343347602, 'y': 220.3702418766665, 'elapsedTime': 4030.599999964237}",436683797763,1250174480,POINT (0.2892442366326876 0.2040465202561727),,,,,,,,,,,,
0,54,11,"{'x': 555.3489343347602, 'y': 220.3702418766665, 'elapsedTime': 4030.599999964237}",436683814434,1250191150,POINT (0.2892442366326876 0.2040465202561727),,,,,,,,,,,,
0,54,11,"{'x': 548.1241029783032, 'y': 215.25519068030744, 'elapsedTime': 4082.599999964237}",436683831101,1250207817,POINT (0.2854813036345329 0.1993103617410254),,,,,,,,,,,,
0,54,11,"{'x': 548.1241029783032, 'y': 215.25519068030744, 'elapsedTime': 4082.599999964237}",436683847767,1250224482,POINT (0.2854813036345329 0.1993103617410254),,,,,,,,,,,,
0,54,11,"{'x': 548.1241029783032, 'y': 215.25519068030744, 'elapsedTime': 4082.599999964237}",436683864433,1250241148,POINT (0.2854813036345329 0.1993103617410254),,,,,,,,,,,,
0,54,11,"{'x': 608.5735904498061, 'y': 249.37800068860307, 'elapsedTime': 4132.199999988079}",436683881101,1250257815,POINT (0.3169654116926074 0.230905556193151),,,,,,,,,,,1,
0,54,11,"{'x': 608.5735904498061, 'y': 249.37800068860307, 'elapsedTime': 4132.199999988079}",436683897768,1250274482,POINT (0.3169654116926074 0.230905556193151),,,,,,,,,,,1,
0,54,11,"{'x': 608.5735904498061, 'y': 249.37800068860307, 'elapsedTime': 4132.199999988079}",436683914435,1250291148,POINT (0.3169654116926074 0.230905556193151),,,,,,,,,,,1,
0,54,11,"{'x': 637.2490277350348, 'y': 280.87238196815946, 'elapsedTime': 4184.800000011921}",436683931102,1250307815,POINT (0.331900535278664 0.2600670203408884),,,,,,,,,,1,1,
0,54,11,"{'x': 637.2490277350348, 'y': 280.87238196815946, 'elapsedTime': 4184.800000011921}",436683947775,1250324487,POINT (0.331900535278664 0.2600670203408884),,,,,,,,,,1,1,
0,54,11,"{'x': 637.2490277350348, 'y': 280.87238196815946, 'elapsedTime': 4184.800000011921}",436683964441,1250341153,POINT (0.331900535278664 0.2600670203408884),,,,,,,,,,1,1,
0,54,11,"{'x': 673.5799182166681, 'y': 275.6374204553137, 'elapsedTime': 4234.699999988079}",436683981109,1250357820,POINT (0.3508228740711814 0.2552198337549201),,,,,,,,,,1,1,
0,54,11,"{'x': 673.5799182166681, 'y': 275.6374204553137, 'elapsedTime': 4234.699999988079}",436683997776,1250374487,POINT (0.3508228740711814 0.2552198337549201),,,,,,,,,,1,1,
0,54,11,"{'x': 673.5799182166681, 'y': 275.6374204553137, 'elapsedTime': 4234.699999988079}",436684014442,1250391153,POINT (0.3508228740711814 0.2552198337549201),,,,,,,,,,1,1,
0,54,11,"{'x': 673.5799182166681, 'y': 275.6374204553137, 'elapsedTime': 4234.699999988079}",436684031110,1250407820,POINT (0.3508228740711814 0.2552198337549201),,,,,,,,,,1,1,
0,54,11,"{'x': 673.5799182166681, 'y': 275.6374204553137, 'elapsedTime': 4234.699999988079}",436684047777,1250424487,POINT (0.3508228740711814 0.2552198337549201),,,,,,,,,,1,1,
0,54,11,"{'x': 700.5039854414734, 'y': 216.39592440884942, 'elapsedTime': 4284.399999976158}",436684064446,1250441155,POINT (0.3648458257507674 0.2003665966748606),,,,,,,,,,,,
0,54,11,"{'x': 700.5039854414734, 'y': 216.39592440884942, 'elapsedTime': 4284.399999976158}",436684081117,1250457826,POINT (0.3648458257507674 0.2003665966748606),,,,,,,,,,,,
0,54,11,"{'x': 700.5039854414734, 'y': 216.39592440884942, 'elapsedTime': 4284.399999976158}",436684097783,1250474491,POINT (0.3648458257507674 0.2003665966748606),,,,,,,,,,,,
0,54,11,"{'x': 722.3033669977024, 'y': 198.3437875277871, 'elapsedTime': 4356.599999964237}",436684114451,1250491159,POINT (0.3761996703113033 0.1836516551183214),,,,,,,,,,1,,
0,54,11,"{'x': 722.3033669977024, 'y': 198.3437875277871, 'elapsedTime': 4356.599999964237}",436684131119,1250507826,POINT (0.3761996703113033 0.1836516551183214),,,,,,,,,,1,,
0,54,11,"{'x': 747.3071415586256, 'y': 193.92537271721423, 'elapsedTime': 4409.599999964237}",436684147786,1250524493,POINT (0.3892224695617842 0.1795605302937169),,,,,,,,,,1,,
0,54,11,"{'x': 747.3071415586256, 'y': 193.92537271721423, 'elapsedTime': 4409.599999964237}",436684164453,1250541159,POINT (0.3892224695617842 0.1795605302937169),,,,,,,,,,1,,
0,54,11,"{'x': 747.3071415586256, 'y': 193.92537271721423, 'elapsedTime': 4409.599999964237}",436684181121,1250557826,POINT (0.3892224695617842 0.1795605302937169),,,,,,,,,,1,,
0,54,11,"{'x': 747.3071415586256, 'y': 193.92537271721423, 'elapsedTime': 4409.599999964237}",436684197787,1250574491,POINT (0.3892224695617842 0.1795605302937169),,,,,,,,,,1,,
0,54,11,"{'x': 770.6870283646001, 'y': 132.56232647105887, 'elapsedTime': 4467.899999976158}",436684214460,1250591164,POINT (0.4013994939398959 0.1227428948806101),,,,,,,,,,,,
0,54,11,"{'x': 770.6870283646001, 'y': 132.56232647105887, 'elapsedTime': 4467.899999976158}",436684231126,1250607829,POINT (0.4013994939398959 0.1227428948806101),,,,,,,,,,,,
0,54,11,"{'x': 770.6870283646001, 'y': 132.56232647105887, 'elapsedTime': 4467.899999976158}",436684247793,1250624496,POINT (0.4013994939398959 0.1227428948806101),,,,,,,,,,,,
0,54,11,"{'x': 774.4371617468255, 'y': 144.29662966928328, 'elapsedTime': 4518.599999964237}",436684264462,1250641164,POINT (0.4033526884098049 0.1336079904345215),,,,,,,,,,,,
0,54,11,"{'x': 774.4371617468255, 'y': 144.29662966928328, 'elapsedTime': 4518.599999964237}",436684281127,1250657829,POINT (0.4033526884098049 0.1336079904345215),,,,,,,,,,,,
0,54,11,"{'x': 774.4371617468255, 'y': 144.29662966928328, 'elapsedTime': 4518.599999964237}",436684297797,1250674498,POINT (0.4033526884098049 0.1336079904345215),,,,,,,,,,,,
0,54,11,"{'x': 719.7522033841956, 'y': 191.22141564749955, 'elapsedTime': 4570.899999976158}",436684314463,1250691164,POINT (0.3748709392626018 0.1770568663402774),,,,,,,,,,1,,
0,54,11,"{'x': 719.7522033841956, 'y': 191.22141564749955, 'elapsedTime': 4570.899999976158}",436684331136,1250707836,POINT (0.3748709392626018 0.1770568663402774),,,,,,,,,,1,,
0,54,11,"{'x': 719.7522033841956, 'y': 191.22141564749955, 'elapsedTime': 4570.899999976158}",436684347802,1250724502,POINT (0.3748709392626018 0.1770568663402774),,,,,,,,,,1,,
0,54,11,"{'x': 610.9009122909843, 'y': 243.41937900930762, 'elapsedTime': 4623.199999988079}",436684364470,1250741169,POINT (0.3181775584848877 0.225388313897507),,,,,,,,,,,1,
0,54,11,"{'x': 610.9009122909843, 'y': 243.41937900930762, 'elapsedTime': 4623.199999988079}",436684381137,1250757836,POINT (0.3181775584848877 0.225388313897507),,,,,,,,,,,1,
0,54,11,"{'x': 610.9009122909843, 'y': 243.41937900930762, 'elapsedTime': 4623.199999988079}",436684397803,1250774502,POINT (0.3181775584848877 0.225388313897507),,,,,,,,,,,1,
0,54,11,"{'x': 610.9009122909843, 'y': 243.41937900930762, 'elapsedTime': 4623.199999988079}",436684414471,1250791169,POINT (0.3181775584848877 0.225388313897507),,,,,,,,,,,1,
0,54,11,"{'x': 610.9009122909843, 'y': 243.41937900930762, 'elapsedTime': 4623.199999988079}",436684431138,1250807836,POINT (0.3181775584848877 0.225388313897507),,,,,,,,,,,1,
0,54,11,"{'x': 610.9009122909843, 'y': 243.41937900930762, 'elapsedTime': 4623.199999988079}",436684447805,1250824502,POINT (0.3181775584848877 0.225388313897507),,,,,,,,,,,1,
0,54,11,"{'x': 623.6372877096502, 'y': 291.9603307031139, 'elapsedTime': 4678.599999964237}",436684464476,1250841173,POINT (0.3248110873487761 0.2703336395399203),,,,,,,,,,1,1,
0,54,11,"{'x': 623.6372877096502, 'y': 291.9603307031139, 'elapsedTime': 4678.599999964237}",436684481144,1250857840,POINT (0.3248110873487761 0.2703336395399203),,,,,,,,,,1,1,
0,54,11,"{'x': 623.6372877096502, 'y': 291.9603307031139, 'elapsedTime': 4678.599999964237}",436684497810,1250874506,POINT (0.3248110873487761 0.2703336395399203),,,,,,,,,,1,1,
0,54,11,"{'x': 678.5695980559839, 'y': 235.62812025183672, 'elapsedTime': 4767.300000011921}",436684514478,1250891173,POINT (0.3534216656541583 0.2181741854183673),,,,,,,,,,,1,
0,54,11,"{'x': 678.5695980559839, 'y': 235.62812025183672, 'elapsedTime': 4767.300000011921}",436684531145,1250907840,POINT (0.3534216656541583 0.2181741854183673),,,,,,,,,,,1,
0,54,11,"{'x': 678.5695980559839, 'y': 235.62812025183672, 'elapsedTime': 4767.300000011921}",436684547812,1250924506,POINT (0.3534216656541583 0.2181741854183673),,,,,,,,,,,1,
0,54,11,"{'x': 678.5695980559839, 'y': 235.62812025183672, 'elapsedTime': 4767.300000011921}",436684564479,1250941173,POINT (0.3534216656541583 0.2181741854183673),,,,,,,,,,,1,
0,54,11,"{'x': 668.957620752454, 'y': 236.18842554109995, 'elapsedTime': 4822.5}",436684581147,1250957840,POINT (0.3484154274752365 0.2186929866121296),,,,,,,,,,,1,
0,54,11,"{'x': 668.957620752454, 'y': 236.18842554109995, 'elapsedTime': 4822.5}",436684597818,1250974511,POINT (0.3484154274752365 0.2186929866121296),,,,,,,,,,,1,
0,54,11,"{'x': 668.957620752454, 'y': 236.18842554109995, 'elapsedTime': 4822.5}",436684614486,1250991178,POINT (0.3484154274752365 0.2186929866121296),,,,,,,,,,,1,
0,54,11,"{'x': 645.0100802523041, 'y': 266.32823839387777, 'elapsedTime': 4887.199999988079}",436684631153,1251007845,POINT (0.3359427501314084 0.246600220735072),,,,,,,,,,,1,
0,54,11,"{'x': 645.0100802523041, 'y': 266.32823839387777, 'elapsedTime': 4887.199999988079}",436684647820,1251024511,POINT (0.3359427501314084 0.246600220735072),,,,,,,,,,,1,
0,54,11,"{'x': 645.0100802523041, 'y': 266.32823839387777, 'elapsedTime': 4887.199999988079}",436684664487,1251041178,POINT (0.3359427501314084 0.246600220735072),,,,,,,,,,,1,
0,54,11,"{'x': 645.0100802523041, 'y': 266.32823839387777, 'elapsedTime': 4887.199999988079}",436684681155,1251057845,POINT (0.3359427501314084 0.246600220735072),,,,,,,,,,,1,
0,54,11,"{'x': 657.9929431776436, 'y': 286.78021979759427, 'elapsedTime': 4945.099999964237}",436684697821,1251074511,POINT (0.3427046579050227 0.265537240553328),,,,,,,,,,1,1,
0,54,11,"{'x': 657.9929431776436, 'y': 286.78021979759427, 'elapsedTime': 4945.099999964237}",436684714489,1251091178,POINT (0.3427046579050227 0.265537240553328),,,,,,,,,,1,1,
0,54,11,"{'x': 657.9929431776436, 'y': 286.78021979759427, 'elapsedTime': 4945.099999964237}",436684731162,1251107851,POINT (0.3427046579050227 0.265537240553328),,,,,,,,,,1,1,
0,54,11,"{'x': 657.9929431776436, 'y': 286.78021979759427, 'elapsedTime': 4945.099999964237}",436684747829,1251124517,POINT (0.3427046579050227 0.265537240553328),,,,,,,,,,1,1,
0,54,11,"{'x': 688.3644612510304, 'y': 313.9185486266545, 'elapsedTime': 5005.599999964237}",436684764496,1251141184,POINT (0.3585231569015784 0.2906653228024579),,,,,,,,,,1,1,
0,54,11,"{'x': 688.3644612510304, 'y': 313.9185486266545, 'elapsedTime': 5005.599999964237}",436684781163,1251157851,POINT (0.3585231569015784 0.2906653228024579),,,,,,,,,,1,1,
0,54,11,"{'x': 688.3644612510304, 'y': 313.9185486266545, 'elapsedTime': 5005.599999964237}",436684797830,1251174517,POINT (0.3585231569015784 0.2906653228024579),,,,,,,,,,1,1,
0,54,11,"{'x': 688.3644612510304, 'y': 313.9185486266545, 'elapsedTime': 5005.599999964237}",436684814497,1251191184,POINT (0.3585231569015784 0.2906653228024579),,,,,,,,,,1,1,
0,54,11,"{'x': 688.3644612510304, 'y': 313.9185486266545, 'elapsedTime': 5005.599999964237}",436684831165,1251207851,POINT (0.3585231569015784 0.2906653228024579),,,,,,,,,,1,1,
0,54,11,"{'x': 688.3644612510304, 'y': 313.9185486266545, 'elapsedTime': 5005.599999964237}",436684847831,1251224517,POINT (0.3585231569015784 0.2906653228024579),,,,,,,,,,1,1,
0,54,11,"{'x': 688.3644612510304, 'y': 313.9185486266545, 'elapsedTime': 5005.599999964237}",436684864501,1251241186,POINT (0.3585231569015784 0.2906653228024579),,,,,,,,,,1,1,
0,54,11,"{'x': 688.3644612510304, 'y': 313.9185486266545, 'elapsedTime': 5005.599999964237}",436684881168,1251257853,POINT (0.3585231569015784 0.2906653228024579),,,,,,,,,,1,1,
0,54,11,"{'x': 688.3644612510304, 'y': 313.9185486266545, 'elapsedTime': 5005.599999964237}",436684897835,1251274519,POINT (0.3585231569015784 0.2906653228024579),,,,,,,,,,1,1,
0,54,11,"{'x': 688.3644612510304, 'y': 313.9185486266545, 'elapsedTime': 5005.599999964237}",436684914502,1251291186,POINT (0.3585231569015784 0.2906653228024579),,,,,,,,,,1,1,
0,54,11,"{'x': 688.3644612510304, 'y': 313.9185486266545, 'elapsedTime': 5005.599999964237}",436684931169,1251307852,POINT (0.3585231569015784 0.2906653228024579),,,,,,,,,,1,1,
0,54,11,"{'x': 688.3644612510304, 'y': 313.9185486266545, 'elapsedTime': 5005.599999964237}",436684947836,1251324519,POINT (0.3585231569015784 0.2906653228024579),,,,,,,,,,1,1,
0,54,11,"{'x': 688.3644612510304, 'y': 313.9185486266545, 'elapsedTime': 5005.599999964237}",436684964504,1251341186,POINT (0.3585231569015784 0.2906653228024579),,,,,,,,,,1,1,
0,54,11,"{'x': 610.0578503998764, 'y': 286.11210513370054, 'elapsedTime': 5212.5}",436684981170,1251357852,POINT (0.3177384637499356 0.2649186158645375),,,,,,,,,,1,1,
0,54,11,"{'x': 610.0578503998764, 'y': 286.11210513370054, 'elapsedTime': 5212.5}",436684997844,1251374525,POINT (0.3177384637499356 0.2649186158645375),,,,,,,,,,1,1,
0,54,11,"{'x': 610.0578503998764, 'y': 286.11210513370054, 'elapsedTime': 5212.5}",436685014511,1251391192,POINT (0.3177384637499356 0.2649186158645375),,,,,,,,,,1,1,
0,54,11,"{'x': 610.0578503998764, 'y': 286.11210513370054, 'elapsedTime': 5212.5}",436685031178,1251407858,POINT (0.3177384637499356 0.2649186158645375),,,,,,,,,,1,1,
0,54,11,"{'x': 610.0578503998764, 'y': 286.11210513370054, 'elapsedTime': 5212.5}",436685047845,1251424525,POINT (0.3177384637499356 0.2649186158645375),,,,,,,,,,1,1,
0,54,11,"{'x': 623.6720526642526, 'y': 318.69497604319486, 'elapsedTime': 5290}",436685064511,1251441190,POINT (0.324829194095965 0.295087940780736),,,,,,,,,,1,1,
0,54,11,"{'x': 623.6720526642526, 'y': 318.69497604319486, 'elapsedTime': 5290}",436685081179,1251457858,POINT (0.324829194095965 0.295087940780736),,,,,,,,,,1,1,
0,54,11,"{'x': 623.6720526642526, 'y': 318.69497604319486, 'elapsedTime': 5290}",436685097847,1251474525,POINT (0.324829194095965 0.295087940780736),,,,,,,,,,1,1,
0,54,11,"{'x': 623.6720526642526, 'y': 318.69497604319486, 'elapsedTime': 5290}",436685114514,1251491192,POINT (0.324829194095965 0.295087940780736),,,,,,,,,,1,1,
0,54,11,"{'x': 623.4719145187158, 'y': 386.27830433857804, 'elapsedTime': 5367.599999964237}",436685131186,1251507863,POINT (0.3247249554784978 0.3576650966097944),,,,,,,,,,,,
0,54,11,"{'x': 623.4719145187158, 'y': 386.27830433857804, 'elapsedTime': 5367.599999964237}",436685147851,1251524528,POINT (0.3247249554784978 0.3576650966097944),,,,,,,,,,,,
0,54,11,"{'x': 623.4719145187158, 'y': 386.27830433857804, 'elapsedTime': 5367.599999964237}",436685164520,1251541197,POINT (0.3247249554784978 0.3576650966097944),,,,,,,,,,,,
0,54,11,"{'x': 639.9684603064542, 'y': 401.4678642988191, 'elapsedTime': 5432.099999964237}",436685181187,1251557863,POINT (0.3333169064096115 0.3717295039803881),,,,,,,,,,,,
0,54,11,"{'x': 639.9684603064542, 'y': 401.4678642988191, 'elapsedTime': 5432.099999964237}",436685197854,1251574530,POINT (0.3333169064096115 0.3717295039803881),,,,,,,,,,,,
0,54,11,"{'x': 639.9684603064542, 'y': 401.4678642988191, 'elapsedTime': 5432.099999964237}",436685214522,1251591197,POINT (0.3333169064096115 0.3717295039803881),,,,,,,,,,,,
0,54,11,"{'x': 639.9684603064542, 'y': 401.4678642988191, 'elapsedTime': 5432.099999964237}",436685231188,1251607863,POINT (0.3333169064096115 0.3717295039803881),,,,,,,,,,,,
0,54,11,"{'x': 635.7855575581143, 'y': 399.11715612528747, 'elapsedTime': 5494.399999976158}",436685247856,1251624530,POINT (0.3311383112281846 0.3695529223382291),,,,,,,,,,,,
0,54,11,"{'x': 635.7855575581143, 'y': 399.11715612528747, 'elapsedTime': 5494.399999976158}",436685264526,1251641200,POINT (0.3311383112281846 0.3695529223382291),,,,,,,,,,,,
0,54,11,"{'x': 635.7855575581143, 'y': 399.11715612528747, 'elapsedTime': 5494.399999976158}",436685281193,1251657866,POINT (0.3311383112281846 0.3695529223382291),,,,,,,,,,,,
0,54,11,"{'x': 635.7855575581143, 'y': 399.11715612528747, 'elapsedTime': 5494.399999976158}",436685297860,1251674533,POINT (0.3311383112281846 0.3695529223382291),,,,,,,,,,,,
0,54,11,"{'x': 648.7587310427482, 'y': 400.7331070595921, 'elapsedTime': 5556}",436685314528,1251691200,POINT (0.337895172418098 0.371049173203326),,,,,,,,,,,,
0,54,11,"{'x': 648.7587310427482, 'y': 400.7331070595921, 'elapsedTime': 5556}",436685331194,1251707866,POINT (0.337895172418098 0.371049173203326),,,,,,,,,,,,
0,54,11,"{'x': 648.7587310427482, 'y': 400.7331070595921, 'elapsedTime': 5556}",436685347862,1251724533,POINT (0.337895172418098 0.371049173203326),,,,,,,,,,,,
0,54,11,"{'x': 648.7587310427482, 'y': 400.7331070595921, 'elapsedTime': 5556}",436685364529,1251741200,POINT (0.337895172418098 0.371049173203326),,,,,,,,,,,,
0,54,11,"{'x': 619.0624140080936, 'y': 434.05052108293756, 'elapsedTime': 5615.5}",436685381202,1251757872,POINT (0.3224283406292154 0.4018986306323496),,,,,,,,,,,,
0,54,11,"{'x': 619.0624140080936, 'y': 434.05052108293756, 'elapsedTime': 5615.5}",436685397869,1251774539,POINT (0.3224283406292154 0.4018986306323496),,,,,,,,,,,,
0,54,11,"{'x': 619.0624140080936, 'y': 434.05052108293756, 'elapsedTime': 5615.5}",436685414536,1251791205,POINT (0.3224283406292154 0.4018986306323496),,,,,,,,,,,,
0,54,11,"{'x': 619.0624140080936, 'y': 434.05052108293756, 'elapsedTime': 5615.5}",436685431203,1251807872,POINT (0.3224283406292154 0.4018986306323496),,,,,,,,,,,,
0,54,11,"{'x': 607.559344150498, 'y': 388.00219840767596, 'elapsedTime': 5683.899999976158}",436685447871,1251824539,POINT (0.3164371584117177 0.3592612948219222),,,,,,,,,,,,
0,54,11,"{'x': 607.559344150498, 'y': 388.00219840767596, 'elapsedTime': 5683.899999976158}",436685464537,1251841205,POINT (0.3164371584117177 0.3592612948219222),,,,,,,,,,,,
0,54,11,"{'x': 607.559344150498, 'y': 388.00219840767596, 'elapsedTime': 5683.899999976158}",436685481205,1251857872,POINT (0.3164371584117177 0.3592612948219222),,,,,,,,,,,,
0,54,11,"{'x': 607.559344150498, 'y': 388.00219840767596, 'elapsedTime': 5683.899999976158}",436685497872,1251874539,POINT (0.3164371584117177 0.3592612948219222),,,,,,,,,,,,
0,54,11,"{'x': 618.5874952695708, 'y': 402.37358200428235, 'elapsedTime': 5743.699999988079}",436685514543,1251891209,POINT (0.3221809871195681 0.3725681314854466),,,,,,,,,,,,
0,54,11,"{'x': 618.5874952695708, 'y': 402.37358200428235, 'elapsedTime': 5743.699999988079}",436685531210,1251907876,POINT (0.3221809871195681 0.3725681314854466),,,,,,,,,,,,
0,54,11,"{'x': 618.5874952695708, 'y': 402.37358200428235, 'elapsedTime': 5743.699999988079}",436685547877,1251924543,POINT (0.3221809871195681 0.3725681314854466),,,,,,,,,,,,
0,54,11,"{'x': 661.7287593244305, 'y': 380.4189998983713, 'elapsedTime': 5813.599999964237}",436685564542,1251941207,POINT (0.3446503954814742 0.3522398147207141),,,,,,,,,,,,
0,54,11,"{'x': 661.7287593244305, 'y': 380.4189998983713, 'elapsedTime': 5813.599999964237}",436685581211,1251957876,POINT (0.3446503954814742 0.3522398147207141),,,,,,,,,,,,
0,54,11,"{'x': 661.7287593244305, 'y': 380.4189998983713, 'elapsedTime': 5813.599999964237}",436685597877,1251974541,POINT (0.3446503954814742 0.3522398147207141),,,,,,,,,,,,
0,54,11,"{'x': 661.7287593244305, 'y': 380.4189998983713, 'elapsedTime': 5813.599999964237}",436685614545,1251991209,POINT (0.3446503954814742 0.3522398147207141),,,,,,,,,,,,
0,54,11,"{'x': 623.2854008393695, 'y': 425.32868754451613, 'elapsedTime': 5875.5}",436685631213,1252007876,POINT (0.3246278129371716 0.3938228588375149),,,,,,,,,,,,
0,54,11,"{'x': 623.2854008393695, 'y': 425.32868754451613, 'elapsedTime': 5875.5}",436685647886,1252024549,POINT (0.3246278129371716 0.3938228588375149),,,,,,,,,,,,
0,54,11,"{'x': 623.2854008393695, 'y': 425.32868754451613, 'elapsedTime': 5875.5}",436685664551,1252041213,POINT (0.3246278129371716 0.3938228588375149),,,,,,,,,,,,
0,54,11,"{'x': 623.2854008393695, 'y': 425.32868754451613, 'elapsedTime': 5875.5}",436685681220,1252057882,POINT (0.3246278129371716 0.3938228588375149),,,,,,,,,,,,
0,54,11,"{'x': 636.945786695605, 'y': 396.9708589477322, 'elapsedTime': 5934.199999988079}",436685697888,1252074549,POINT (0.3317425972372943 0.3675656101367891),,,,,,,,,,,,
0,54,11,"{'x': 636.945786695605, 'y': 396.9708589477322, 'elapsedTime': 5934.199999988079}",436685714552,1252091213,POINT (0.3317425972372943 0.3675656101367891),,,,,,,,,,,,
0,54,11,"{'x': 636.945786695605, 'y': 396.9708589477322, 'elapsedTime': 5934.199999988079}",436685731222,1252107882,POINT (0.3317425972372943 0.3675656101367891),,,,,,,,,,,,
0,54,11,"{'x': 720.2282221910904, 'y': 404.81258771609345, 'elapsedTime': 5995.300000011921}",436685747887,1252124547,POINT (0.3751188657245262 0.3748264701074939),,,,,,,,,,,,
0,54,11,"{'x': 720.2282221910904, 'y': 404.81258771609345, 'elapsedTime': 5995.300000011921}",436685764554,1252141213,POINT (0.3751188657245262 0.3748264701074939),,,,,,,,,,,,
0,54,11,"{'x': 720.2282221910904, 'y': 404.81258771609345, 'elapsedTime': 5995.300000011921}",436685781226,1252157885,POINT (0.3751188657245262 0.3748264701074939),,,,,,,,,,,,
0,54,11,"{'x': 720.2282221910904, 'y': 404.81258771609345, 'elapsedTime': 5995.300000011921}",436685797896,1252174554,POINT (0.3751188657245262 0.3748264701074939),,,,,,,,,,,,
0,54,11,"{'x': 720.2282221910904, 'y': 404.81258771609345, 'elapsedTime': 5995.300000011921}",436685814562,1252191220,POINT (0.3751188657245262 0.3748264701074939),,,,,,,,,,,,
0,54,11,"{'x': 706.4409322456478, 'y': 383.6036776422488, 'elapsedTime': 6053.899999976158}",436685831230,1252207887,POINT (0.3679379855446082 0.3551885904094896),,,,,,,,,,,,
0,54,11,"{'x': 706.4409322456478, 'y': 383.6036776422488, 'elapsedTime': 6053.899999976158}",436685847897,1252224554,POINT (0.3679379855446082 0.3551885904094896),,,,,,,,,,,,
0,54,11,"{'x': 706.4409322456478, 'y': 383.6036776422488, 'elapsedTime': 6053.899999976158}",436685864564,1252241220,POINT (0.3679379855446082 0.3551885904094896),,,,,,,,,,,,
0,54,11,"{'x': 706.4409322456478, 'y': 383.6036776422488, 'elapsedTime': 6053.899999976158}",436685881231,1252257887,POINT (0.3679379855446082 0.3551885904094896),,,,,,,,,,,,
0,54,11,"{'x': 706.4409322456478, 'y': 383.6036776422488, 'elapsedTime': 6053.899999976158}",436685897899,1252274554,POINT (0.3679379855446082 0.3551885904094896),,,,,,,,,,,,
0,54,11,"{'x': 659.247732090244, 'y': 326.6340248345305, 'elapsedTime': 6125.800000011921}",436685914568,1252291223,POINT (0.343358193797002 0.3024389118838246),,,,,,,,,,,1,
0,54,11,"{'x': 659.247732090244, 'y': 326.6340248345305, 'elapsedTime': 6125.800000011921}",436685931235,1252307890,POINT (0.343358193797002 0.3024389118838246),,,,,,,,,,,1,
0,54,11,"{'x': 659.247732090244, 'y': 326.6340248345305, 'elapsedTime': 6125.800000011921}",436685947902,1252324556,POINT (0.343358193797002 0.3024389118838246),,,,,,,,,,,1,
0,54,11,"{'x': 659.247732090244, 'y': 326.6340248345305, 'elapsedTime': 6125.800000011921}",436685964569,1252341223,POINT (0.343358193797002 0.3024389118838246),,,,,,,,,,,1,
0,54,11,"{'x': 659.247732090244, 'y': 326.6340248345305, 'elapsedTime': 6125.800000011921}",436685981237,1252357890,POINT (0.343358193797002 0.3024389118838246),,,,,,,,,,,1,
0,54,11,"{'x': 685.1363409107585, 'y': 333.13131057077294, 'elapsedTime': 6234.099999964237}",436685997901,1252374554,POINT (0.3568418442243534 0.3084549171951601),,,,,,,,,,,1,
0,54,11,"{'x': 685.1363409107585, 'y': 333.13131057077294, 'elapsedTime': 6234.099999964237}",436686014571,1252391223,POINT (0.3568418442243534 0.3084549171951601),,,,,,,,,,,1,
0,54,11,"{'x': 685.1363409107585, 'y': 333.13131057077294, 'elapsedTime': 6234.099999964237}",436686031238,1252407890,POINT (0.3568418442243534 0.3084549171951601),,,,,,,,,,,1,
0,54,11,"{'x': 677.5223171223278, 'y': 341.68128876267474, 'elapsedTime': 6297.300000011921}",436686047911,1252424562,POINT (0.3528762068345457 0.3163715636691433),,,,,,,,,,,,
0,54,11,"{'x': 677.5223171223278, 'y': 341.68128876267474, 'elapsedTime': 6297.300000011921}",436686064578,1252441229,POINT (0.3528762068345457 0.3163715636691433),,,,,,,,,,,,
0,54,11,"{'x': 677.5223171223278, 'y': 341.68128876267474, 'elapsedTime': 6297.300000011921}",436686081246,1252457896,POINT (0.3528762068345457 0.3163715636691433),,,,,,,,,,,,
0,54,11,"{'x': 660.6268810096127, 'y': 344.92003023652825, 'elapsedTime': 6355.300000011921}",436686097912,1252474562,POINT (0.3440765005258399 0.3193703983671558),,,,,,,,,,,,
0,54,11,"{'x': 660.6268810096127, 'y': 344.92003023652825, 'elapsedTime': 6355.300000011921}",436686114580,1252491229,POINT (0.3440765005258399 0.3193703983671558),,,,,,,,,,,,
0,54,11,"{'x': 660.6268810096127, 'y': 344.92003023652825, 'elapsedTime': 6355.300000011921}",436686131247,1252507896,POINT (0.3440765005258399 0.3193703983671558),,,,,,,,,,,,
0,54,11,"{'x': 706.4471975742125, 'y': 406.9953942834996, 'elapsedTime': 6401.800000011921}",436686147914,1252524562,POINT (0.367941248736569 0.3768475872995367),,,,,,,,,,,,
0,54,11,"{'x': 706.4471975742125, 'y': 406.9953942834996, 'elapsedTime': 6401.800000011921}",436686164579,1252541227,POINT (0.367941248736569 0.3768475872995367),,,,,,,,,,,,
0,54,11,"{'x': 706.4471975742125, 'y': 406.9953942834996, 'elapsedTime': 6401.800000011921}",436686181252,1252557899,POINT (0.367941248736569 0.3768475872995367),,,,,,,,,,,,
0,54,11,"{'x': 622.4379235880951, 'y': 359.8358290211529, 'elapsedTime': 6448.5}",436686197920,1252574567,POINT (0.3241864185354662 0.3331813231677342),,,,,,,,,,,,
0,54,11,"{'x': 622.4379235880951, 'y': 359.8358290211529, 'elapsedTime': 6448.5}",436686214588,1252591234,POINT (0.3241864185354662 0.3331813231677342),,,,,,,,,,,,
0,54,11,"{'x': 622.4379235880951, 'y': 359.8358290211529, 'elapsedTime': 6448.5}",436686231255,1252607901,POINT (0.3241864185354662 0.3331813231677342),,,,,,,,,,,,
0,54,11,"{'x': 693.1949075196912, 'y': 375.2329762671811, 'elapsedTime': 6495.199999988079}",436686247922,1252624567,POINT (0.3610390143331725 0.3474379409881306),,,,,,,,,,,,
0,54,11,"{'x': 693.1949075196912, 'y': 375.2329762671811, 'elapsedTime': 6495.199999988079}",436686264589,1252641234,POINT (0.3610390143331725 0.3474379409881306),,,,,,,,,,,,
0,54,11,"{'x': 693.1949075196912, 'y': 375.2329762671811, 'elapsedTime': 6495.199999988079}",436686281255,1252657899,POINT (0.3610390143331725 0.3474379409881306),,,,,,,,,,,,
0,54,11,"{'x': 693.1949075196912, 'y': 375.2329762671811, 'elapsedTime': 6495.199999988079}",436686297927,1252674571,POINT (0.3610390143331725 0.3474379409881306),,,,,,,,,,,,
0,54,11,"{'x': 693.1949075196912, 'y': 375.2329762671811, 'elapsedTime': 6495.199999988079}",436686314594,1252691238,POINT (0.3610390143331725 0.3474379409881306),,,,,,,,,,,,
0,54,11,"{'x': 719.8583422154335, 'y': 360.7108078247362, 'elapsedTime': 6547.899999976158}",436686331261,1252707904,POINT (0.3749262199038716 0.3339914887266076),,,,,,,,,,,,
0,54,11,"{'x': 719.8583422154335, 'y': 360.7108078247362, 'elapsedTime': 6547.899999976158}",436686347928,1252724571,POINT (0.3749262199038716 0.3339914887266076),,,,,,,,,,,,
0,54,11,"{'x': 719.8583422154335, 'y': 360.7108078247362, 'elapsedTime': 6547.899999976158}",436686364596,1252741238,POINT (0.3749262199038716 0.3339914887266076),,,,,,,,,,,,
0,54,11,"{'x': 812.9339960380032, 'y': 383.28878523559837, 'elapsedTime': 6637}",436686381263,1252757905,POINT (0.42340312293646 0.3548970233662948),,,,,,,,,,,,
0,54,11,"{'x': 812.9339960380032, 'y': 383.28878523559837, 'elapsedTime': 6637}",436686397930,1252774571,POINT (0.42340312293646 0.3548970233662948),,,,,,,,,,,,
0,54,11,"{'x': 812.9339960380032, 'y': 383.28878523559837, 'elapsedTime': 6637}",436686414597,1252791238,POINT (0.42340312293646 0.3548970233662948),,,,,,,,,,,,
0,54,11,"{'x': 734.9131920991309, 'y': 374.59676045764394, 'elapsedTime': 6694.699999988079}",436686431268,1252807908,POINT (0.3827672875516307 0.3468488522755962),,,,,,,,,,,,
0,54,11,"{'x': 734.9131920991309, 'y': 374.59676045764394, 'elapsedTime': 6694.699999988079}",436686447934,1252824574,POINT (0.3827672875516307 0.3468488522755962),,,,,,,,,,,,
0,54,11,"{'x': 734.9131920991309, 'y': 374.59676045764394, 'elapsedTime': 6694.699999988079}",436686464602,1252841241,POINT (0.3827672875516307 0.3468488522755962),,,,,,,,,,,,
0,54,11,"{'x': 734.9131920991309, 'y': 374.59676045764394, 'elapsedTime': 6694.699999988079}",436686481268,1252857907,POINT (0.3827672875516307 0.3468488522755962),,,,,,,,,,,,
0,54,11,"{'x': 725.6701646416911, 'y': 449.10949295649493, 'elapsedTime': 6747.899999976158}",436686497936,1252874574,POINT (0.3779532107508808 0.4158421231078657),,,,,,,,,,,,
0,54,11,"{'x': 725.6701646416911, 'y': 449.10949295649493, 'elapsedTime': 6747.899999976158}",436686514603,1252891241,POINT (0.3779532107508808 0.4158421231078657),,,,,,,,,,,,
0,54,11,"{'x': 725.6701646416911, 'y': 449.10949295649493, 'elapsedTime': 6747.899999976158}",436686531270,1252907907,POINT (0.3779532107508808 0.4158421231078657),,,,,,,,,,,,
0,54,11,"{'x': 682.86895894444, 'y': 468.9130577532747, 'elapsedTime': 6802.399999976158}",436686547937,1252924574,POINT (0.3556609161168958 0.434178757178958),,,,,,,,,,,,
0,54,11,"{'x': 682.86895894444, 'y': 468.9130577532747, 'elapsedTime': 6802.399999976158}",436686564612,1252941248,POINT (0.3556609161168958 0.434178757178958),,,,,,,,,,,,
0,54,11,"{'x': 603.4217863083395, 'y': 436.51294186044765, 'elapsedTime': 6848.399999976158}",436686581278,1252957914,POINT (0.3142821803689268 0.4041786498707849),,,,,,,,,,,,
0,54,11,"{'x': 603.4217863083395, 'y': 436.51294186044765, 'elapsedTime': 6848.399999976158}",436686597946,1252974581,POINT (0.3142821803689268 0.4041786498707849),,,,,,,,,,,,
0,54,11,"{'x': 603.4217863083395, 'y': 436.51294186044765, 'elapsedTime': 6848.399999976158}",436686614613,1252991248,POINT (0.3142821803689268 0.4041786498707849),,,,,,,,,,,,
0,54,11,"{'x': 596.9903450802492, 'y': 439.95348786416855, 'elapsedTime': 6891.199999988079}",436686631280,1253007914,POINT (0.3109324713959631 0.4073643406149709),,,,,,,,,,,,
0,54,11,"{'x': 596.9903450802492, 'y': 439.95348786416855, 'elapsedTime': 6891.199999988079}",436686647947,1253024581,POINT (0.3109324713959631 0.4073643406149709),,,,,,,,,,,,
0,54,11,"{'x': 596.9903450802492, 'y': 439.95348786416855, 'elapsedTime': 6891.199999988079}",436686664615,1253041248,POINT (0.3109324713959631 0.4073643406149709),,,,,,,,,,,,
0,54,11,"{'x': 629.5737401435046, 'y': 382.76642408156295, 'elapsedTime': 6940.399999976158}",436686681281,1253057914,POINT (0.3279029896580753 0.3544133556310768),,,,,,,,,,,,
0,54,11,"{'x': 629.5737401435046, 'y': 382.76642408156295, 'elapsedTime': 6940.399999976158}",436686697953,1253074586,POINT (0.3279029896580753 0.3544133556310768),,,,,,,,,,,,
0,54,11,"{'x': 629.5737401435046, 'y': 382.76642408156295, 'elapsedTime': 6940.399999976158}",436686714621,1253091253,POINT (0.3279029896580753 0.3544133556310768),,,,,,,,,,,,
0,54,11,"{'x': 646.2355458971754, 'y': 440.80911257404273, 'elapsedTime': 6990.5}",436686731287,1253107919,POINT (0.3365810134881122 0.4081565857167062),,,,,,,,,,,,
0,54,11,"{'x': 646.2355458971754, 'y': 440.80911257404273, 'elapsedTime': 6990.5}",436686747955,1253124586,POINT (0.3365810134881122 0.4081565857167062),,,,,,,,,,,,
0,54,11,"{'x': 646.2355458971754, 'y': 440.80911257404273, 'elapsedTime': 6990.5}",436686764622,1253141253,POINT (0.3365810134881122 0.4081565857167062),,,,,,,,,,,,
0,54,11,"{'x': 705.113020007553, 'y': 428.27334927329235, 'elapsedTime': 7037.300000011921}",436686781289,1253157919,POINT (0.3672463645872672 0.3965493974752707),,,,,,,,,,,,
0,54,11,"{'x': 705.113020007553, 'y': 428.27334927329235, 'elapsedTime': 7037.300000011921}",436686797956,1253174586,POINT (0.3672463645872672 0.3965493974752707),,,,,,,,,,,,
0,54,11,"{'x': 705.113020007553, 'y': 428.27334927329235, 'elapsedTime': 7037.300000011921}",436686814624,1253191253,POINT (0.3672463645872672 0.3965493974752707),,,,,,,,,,,,
0,54,11,"{'x': 705.113020007553, 'y': 428.27334927329235, 'elapsedTime': 7037.300000011921}",436686831295,1253207924,POINT (0.3672463645872672 0.3965493974752707),,,,,,,,,,,,
0,54,11,"{'x': 712.588902924926, 'y': 403.376621557817, 'elapsedTime': 7084}",436686847963,1253224591,POINT (0.3711400536067322 0.3734968718127935),,,,,,,,,,,,
0,54,11,"{'x': 712.588902924926, 'y': 403.376621557817, 'elapsedTime': 7084}",436686864630,1253241258,POINT (0.3711400536067322 0.3734968718127935),,,,,,,,,,,,
0,54,11,"{'x': 745.2011672450142, 'y': 393.9291225516647, 'elapsedTime': 7140.300000011921}",436686881297,1253257924,POINT (0.3881256079401115 0.3647491875478377),,,,,,,,,,,,
